train_no,train_category,run_date,step_seq,from_station,to_station,booked_srt_min,actual_srt_min,minutes_lost,length_km,dep_delay_min,dep_time,arr_time
12217,Express,2026-09-21,0,KYJ,ALLP,67,42,-25,43.499999999999986,5,2026-09-21T06:30:03+05:30,2026-09-21T07:11:44+05:30
12217,Express,2026-09-21,1,ALLP,ERS,120,103,-17,57.0,12,2026-09-21T07:46:56+05:30,2026-09-21T09:30:02+05:30
12217,Express,2026-09-21,2,TCR,SRR,50,38,-12,32.80000000000001,15,2026-09-21T11:24:42+05:30,2026-09-21T12:02:29+05:30
12217,Express,2026-09-21,3,SRR,TIR,38,43,5,47.39999999999998,14,2026-09-21T12:19:15+05:30,2026-09-21T13:02:04+05:30
12217,Express,2026-09-21,4,TIR,CLT,37,36,-1,41.0,17,2026-09-21T13:02:12+05:30,2026-09-21T13:38:28+05:30
12217,Express,2026-09-21,5,CLT,CAN,77,72,-5,89.40000000000003,24,2026-09-21T13:48:54+05:30,2026-09-21T15:00:35+05:30
12217,Express,2026-09-21,6,CAN,KGQ,63,69,6,86.10000000000002,26,2026-09-21T15:10:42+05:30,2026-09-21T16:19:50+05:30
12217,Express,2026-09-21,7,KGQ,MAJN,70,50,-20,47.19999999999993,32,2026-09-21T16:21:38+05:30,2026-09-21T17:11:29+05:30
12217,Express,2026-09-21,8,UD,MAO,268,303,35,251.0999999999999,36,2026-09-21T19:38:12+05:30,2026-09-22T00:41:01+05:30
12217,Express,2026-09-21,9,MAO,RN,310,344,34,236.20000000000005,80,2026-09-22T00:59:50+05:30,2026-09-22T06:43:45+05:30
12217,Express,2026-09-21,10,RN,ROHA,260,261,1,203.79999999999995,126,2026-09-22T07:01:06+05:30,2026-09-22T11:22:13+05:30
12217,Express,2026-09-21,11,ROHA,PNVL,74,66,-8,74.40000000000009,134,2026-09-22T11:32:21+05:30,2026-09-22T12:38:12+05:30
12217,Express,2026-09-21,12,PNVL,BSR,120,84,-36,72.20000000000005,135,2026-09-22T12:49:46+05:30,2026-09-22T14:14:14+05:30
12217,Express,2026-09-21,13,BSR,ST,166,150,-16,216.0,105,2026-09-22T14:24:34+05:30,2026-09-22T16:54:53+05:30
12217,Express,2026-09-21,14,ST,BRC,96,99,3,129.69999999999982,91,2026-09-22T16:58:42+05:30,2026-09-22T18:38:06+05:30
12218,Express,2026-09-23,0,CDG,UMB,45,36,-9,44.7,7,2026-09-23T09:37:15+05:30,2026-09-23T10:12:54+05:30
12218,Express,2026-09-23,1,UMB,NDLS,155,150,-5,199.3,2,2026-09-23T10:22:11+05:30,2026-09-23T12:52:27+05:30
12218,Express,2026-09-23,2,NZM,KOTA,282,290,8,458.40000000000003,19,2026-09-23T13:42:06+05:30,2026-09-23T18:31:48+05:30
12247,Express,2026-09-18,0,BDTS,ST,200,195,-5,252.0,0,2026-09-18T17:30:00+05:30,2026-09-18T20:45:00+05:30
12247,Express,2026-09-18,1,ST,BRC,84,104,20,129.60000000000002,0,2026-09-18T20:55:00+05:30,2026-09-18T22:39:00+05:30
12247,Express,2026-09-18,2,BRC,RTM,201,186,-15,260.4,19,2026-09-18T22:48:00+05:30,2026-09-19T01:54:00+05:30
12247,Express,2026-09-18,3,RTM,KOTA,162,174,12,269.29999999999995,5,2026-09-19T01:58:00+05:30,2026-09-19T04:52:00+05:30
12247,Express,2026-09-18,4,KOTA,MTJ,218,202,-16,324.4000000000001,22,2026-09-19T05:02:00+05:30,2026-09-19T08:24:00+05:30
12247,Express,2026-09-18,5,MTJ,NZM,115,109,-6,133.89999999999986,10,2026-09-19T08:30:00+05:30,2026-09-19T10:19:00+05:30
12248,Express,2026-09-19,0,NZM,MTJ,93,88,-5,133.9,0,2026-09-19T16:30:00+05:30,2026-09-19T17:58:00+05:30
12248,Express,2026-09-19,1,MTJ,KOTA,190,199,9,324.5,1,2026-09-19T18:06:00+05:30,2026-09-19T21:25:00+05:30
12248,Express,2026-09-19,2,KOTA,RTM,175,174,-1,266.80000000000007,14,2026-09-19T21:34:00+05:30,2026-09-20T00:28:00+05:30
12248,Express,2026-09-19,3,RTM,BRC,217,209,-8,262.79999999999995,13,2026-09-20T00:31:00+05:30,2026-09-20T04:00:00+05:30
12248,Express,2026-09-19,4,BRC,ST,92,80,-12,129.70000000000005,1,2026-09-20T04:06:00+05:30,2026-09-20T05:26:00+05:30
12248,Express,2026-09-19,5,ST,BDTS,213,191,-22,252.0,0,2026-09-20T05:42:00+05:30,2026-09-20T08:53:00+05:30
12249,Express,2026-09-21,0,SSB,DEC,44,45,1,12.9,1,2026-09-21T17:11:00+05:30,2026-09-21T17:56:00+05:30
12249,Express,2026-09-21,1,DEC,GGN,14,21,7,17.0,1,2026-09-21T18:00:00+05:30,2026-09-21T18:21:00+05:30
12249,Express,2026-09-21,2,GGN,RE,50,47,-3,51.300000000000004,8,2026-09-21T18:23:00+05:30,2026-09-21T19:10:00+05:30
12249,Express,2026-09-21,3,RE,KRH,41,36,-5,47.89999999999999,7,2026-09-21T19:14:00+05:30,2026-09-21T19:50:00+05:30
12249,Express,2026-09-21,4,KRH,AWR,16,28,12,26.900000000000006,2,2026-09-21T19:52:00+05:30,2026-09-21T20:20:00+05:30
12249,Express,2026-09-21,5,AWR,DO,63,66,3,89.4,13,2026-09-21T20:22:00+05:30,2026-09-21T21:28:00+05:30
12249,Express,2026-09-21,6,DO,JP,76,51,-25,61.49999999999997,27,2026-09-21T21:41:00+05:30,2026-09-21T22:32:00+05:30
12249,Express,2026-09-21,7,JP,FL,53,48,-5,54.5,6,2026-09-21T22:46:00+05:30,2026-09-21T23:34:00+05:30
12249,Express,2026-09-21,8,FL,NAC,38,34,-4,35.200000000000045,1,2026-09-21T23:36:00+05:30,2026-09-22T00:10:00+05:30
12249,Express,2026-09-21,9,NAC,KMNC,14,15,1,15.799999999999955,0,2026-09-22T00:15:00+05:30,2026-09-22T00:30:00+05:30
12249,Express,2026-09-21,10,KMNC,MKN,13,13,0,13.800000000000011,1,2026-09-22T00:32:00+05:30,2026-09-22T00:45:00+05:30
12249,Express,2026-09-21,11,MKN,DNA,30,30,0,43.69999999999999,0,2026-09-22T00:47:00+05:30,2026-09-22T01:17:00+05:30
12249,Express,2026-09-21,12,DNA,MTD,29,33,4,44.10000000000002,0,2026-09-22T01:20:00+05:30,2026-09-22T01:53:00+05:30
12249,Express,2026-09-21,13,MTD,JU,106,108,2,102.89999999999998,3,2026-09-22T01:57:00+05:30,2026-09-22T03:45:00+05:30
12249,Express,2026-09-21,14,JU,OSN,79,51,-28,64.20000000000005,40,2026-09-22T04:40:00+05:30,2026-09-22T05:31:00+05:30
12249,Express,2026-09-21,15,OSN,MWT,34,34,0,43.69999999999993,12,2026-09-22T05:33:00+05:30,2026-09-22T06:07:00+05:30
12249,Express,2026-09-21,16,MWT,PLCJ,15,36,21,28.5,17,2026-09-22T06:14:00+05:30,2026-09-22T06:50:00+05:30
12249,Express,2026-09-21,17,PLCJ,RDRA,44,34,-10,46.60000000000002,37,2026-09-22T06:54:00+05:30,2026-09-22T07:28:00+05:30
12249,Express,2026-09-21,18,RDRA,AQG,12,9,-3,7.5,29,2026-09-22T07:33:00+05:30,2026-09-22T07:42:00+05:30
12249,Express,2026-09-21,19,AQG,JSM,102,73,-29,101.89999999999998,27,2026-09-22T07:45:00+05:30,2026-09-22T08:58:00+05:30
12249,Express,2026-09-23,0,SSB,DEC,44,16,-28,12.9,13,2026-09-23T17:23:04+05:30,2026-09-23T17:38:51+05:30
12249,Express,2026-09-23,1,GGN,RE,50,43,-7,51.300000000000004,6,2026-09-23T18:21:03+05:30,2026-09-23T19:03:37+05:30
12249,Express,2026-09-23,2,RE,KRH,41,26,-14,47.89999999999999,10,2026-09-23T19:17:21+05:30,2026-09-23T19:43:51+05:30
12249,Express,2026-09-23,3,KRH,AWR,16,23,7,26.900000000000006,1,2026-09-23T19:50:59+05:30,2026-09-23T20:14:00+05:30
12249,Express,2026-09-23,4,AWR,DO,63,68,5,89.4,14,2026-09-23T20:22:58+05:30,2026-09-23T21:31:03+05:30
12249,Express,2026-09-23,5,DO,JP,76,54,-22,61.49999999999997,25,2026-09-23T21:38:57+05:30,2026-09-23T22:33:19+05:30
12249,Express,2026-09-23,6,JP,FL,53,47,-6,54.5,5,2026-09-23T22:44:33+05:30,2026-09-23T23:31:06+05:30
12249,Express,2026-09-23,7,FL,NAC,38,21,-17,35.200000000000045,5,2026-09-23T23:39:31+05:30,2026-09-24T00:00:08+05:30
12249,Express,2026-09-23,8,NAC,KMNC,14,10,-4,15.799999999999955,3,2026-09-24T00:18:23+05:30,2026-09-24T00:28:41+05:30
12249,Express,2026-09-24,0,SSB,DEC,44,35,-9,12.9,4,2026-09-24T17:14:21+05:30,2026-09-24T17:49:50+05:30
12249,Express,2026-09-24,1,GGN,RE,50,40,-10,51.300000000000004,8,2026-09-24T18:23:12+05:30,2026-09-24T19:02:44+05:30
12249,Express,2026-09-24,2,RE,KRH,41,35,-6,47.89999999999999,17,2026-09-24T19:23:35+05:30,2026-09-24T19:59:02+05:30
12249,Express,2026-09-24,3,KRH,AWR,16,25,9,26.900000000000006,13,2026-09-24T20:03:12+05:30,2026-09-24T20:28:13+05:30
12249,Express,2026-09-24,4,AWR,DO,63,92,28,89.4,24,2026-09-24T20:33:15+05:30,2026-09-24T22:04:45+05:30
12249,Express,2026-09-24,5,DO,JP,76,51,-25,61.49999999999997,55,2026-09-24T22:08:50+05:30,2026-09-24T23:00:10+05:30
12249,Express,2026-09-24,6,JP,FL,53,41,-12,54.5,41,2026-09-24T23:21:08+05:30,2026-09-25T00:01:53+05:30
12249,Express,2026-09-24,7,FL,NAC,38,20,-18,35.200000000000045,39,2026-09-25T00:14:14+05:30,2026-09-25T00:34:44+05:30
12249,Express,2026-09-24,8,NAC,KMNC,14,11,-3,15.799999999999955,27,2026-09-25T00:41:46+05:30,2026-09-25T00:52:44+05:30
12250,Express,2026-09-21,0,JSM,AQG,68,72,4,101.9,0,2026-09-21T17:00:00+05:30,2026-09-21T18:12:00+05:30
12250,Express,2026-09-21,1,AQG,RDRA,8,9,1,7.5,4,2026-09-21T18:14:00+05:30,2026-09-21T18:23:00+05:30
12250,Express,2026-09-21,2,RDRA,PLCJ,44,33,-11,46.599999999999994,7,2026-09-21T18:28:00+05:30,2026-09-21T19:01:00+05:30
12250,Express,2026-09-21,3,PLCJ,MWT,31,36,5,28.5,0,2026-09-21T19:10:00+05:30,2026-09-21T19:46:00+05:30
12250,Express,2026-09-21,4,MWT,OSN,31,37,6,43.69999999999999,6,2026-09-21T19:49:00+05:30,2026-09-21T20:26:00+05:30
12250,Express,2026-09-21,5,OSN,JU,94,86,-8,64.19999999999999,13,2026-09-21T20:29:00+05:30,2026-09-21T21:55:00+05:30
12250,Express,2026-09-21,6,JU,MTD,82,75,-7,102.90000000000003,33,2026-09-21T22:53:00+05:30,2026-09-22T00:08:00+05:30
12250,Express,2026-09-21,7,MTD,DNA,31,34,3,44.099999999999966,24,2026-09-22T00:11:00+05:30,2026-09-22T00:45:00+05:30
12250,Express,2026-09-21,8,DNA,MKN,30,31,1,43.60000000000002,26,2026-09-22T00:47:00+05:30,2026-09-22T01:18:00+05:30
12250,Express,2026-09-21,9,MKN,KMNC,22,14,-8,13.899999999999977,26,2026-09-22T01:20:00+05:30,2026-09-22T01:34:00+05:30
12250,Express,2026-09-21,10,KMNC,NAC,14,13,-1,15.800000000000068,18,2026-09-22T01:36:00+05:30,2026-09-22T01:49:00+05:30
12250,Express,2026-09-21,11,NAC,FL,51,29,-22,35.19999999999993,17,2026-09-22T01:51:00+05:30,2026-09-22T02:20:00+05:30
12250,Express,2026-09-21,12,FL,JP,53,70,17,54.5,0,2026-09-22T02:27:00+05:30,2026-09-22T03:37:00+05:30
12250,Express,2026-09-21,13,JP,DO,54,46,-8,61.5,19,2026-09-22T03:49:00+05:30,2026-09-22T04:35:00+05:30
12250,Express,2026-09-21,14,DO,AWR,63,60,-3,89.39999999999998,11,2026-09-22T04:37:00+05:30,2026-09-22T05:37:00+05:30
12250,Express,2026-09-21,15,AWR,KRH,18,26,8,26.90000000000009,7,2026-09-22T05:39:00+05:30,2026-09-22T06:05:00+05:30
12250,Express,2026-09-21,16,KRH,RE,96,80,-16,47.89999999999998,14,2026-09-22T06:06:00+05:30,2026-09-22T07:26:00+05:30
12250,Express,2026-09-21,17,RE,GGN,48,52,4,51.299999999999955,2,2026-09-22T07:32:00+05:30,2026-09-22T08:24:00+05:30
12250,Express,2026-09-21,18,GGN,DEC,16,33,17,17.0,6,2026-09-22T08:26:00+05:30,2026-09-22T08:59:00+05:30
12250,Express,2026-09-21,19,DEC,SSB,49,34,-15,12.899999999999977,21,2026-09-22T09:02:00+05:30,2026-09-22T09:36:00+05:30
12250,Express,2026-09-23,0,JSM,AQG,68,76,8,101.9,8,2026-09-23T17:08:14+05:30,2026-09-23T18:24:07+05:30
12250,Express,2026-09-23,1,RDRA,PLCJ,44,34,-10,46.599999999999994,30,2026-09-23T18:50:54+05:30,2026-09-23T19:24:46+05:30
12250,Express,2026-09-23,2,PLCJ,MWT,31,53,22,28.5,25,2026-09-23T19:34:53+05:30,2026-09-23T20:27:53+05:30
12250,Express,2026-09-23,3,MWT,OSN,31,27,-4,43.69999999999999,53,2026-09-23T20:35:54+05:30,2026-09-23T21:03:20+05:30
12250,Express,2026-09-23,4,OSN,JU,94,58,-36,64.19999999999999,56,2026-09-23T21:12:14+05:30,2026-09-23T22:09:47+05:30
12250,Express,2026-09-24,0,JSM,AQG,68,83,15,101.9,4,2026-09-24T17:03:53+05:30,2026-09-24T18:27:16+05:30
12250,Express,2026-09-24,1,RDRA,PLCJ,44,23,-21,46.599999999999994,41,2026-09-24T19:02:01+05:30,2026-09-24T19:25:07+05:30
12250,Express,2026-09-24,2,PLCJ,MWT,31,35,4,28.5,28,2026-09-24T19:37:51+05:30,2026-09-24T20:12:55+05:30
12250,Express,2026-09-24,3,MWT,OSN,31,32,1,43.69999999999999,35,2026-09-24T20:18:20+05:30,2026-09-24T20:50:20+05:30
12250,Express,2026-09-24,4,OSN,JU,94,69,-25,64.19999999999999,47,2026-09-24T21:03:03+05:30,2026-09-24T22:11:54+05:30
12259,Premium,2026-09-21,0,SDAH,DHN,210,203,-7,268.4,0,2026-09-21T17:00:00+05:30,2026-09-21T20:23:00+05:30
12259,Premium,2026-09-21,1,DHN,KQR,70,80,10,123.10000000000002,1,2026-09-21T20:36:00+05:30,2026-09-21T21:56:00+05:30
12259,Premium,2026-09-21,2,KQR,DDU,213,193,-20,281.1,13,2026-09-21T22:00:00+05:30,2026-09-22T01:13:00+05:30
12259,Premium,2026-09-21,3,CNB,NDLS,330,326,-4,440.10000000000014,6,2026-09-22T05:36:00+05:30,2026-09-22T11:02:00+05:30
12259,Premium,2026-09-21,4,NDLS,LHU,155,163,8,174.79999999999995,1,2026-09-22T11:16:00+05:30,2026-09-22T13:59:00+05:30
12259,Premium,2026-09-21,5,LHU,SDLP,34,46,12,50.0,9,2026-09-22T14:02:00+05:30,2026-09-22T14:48:00+05:30
12259,Premium,2026-09-21,6,SDLP,CUR,45,49,4,57.899999999999864,21,2026-09-22T14:51:00+05:30,2026-09-22T15:40:00+05:30
12259,Premium,2026-09-21,7,CUR,RTGH,32,39,7,42.600000000000136,25,2026-09-22T15:45:00+05:30,2026-09-22T16:24:00+05:30
12259,Premium,2026-09-21,8,RTGH,SDGH,42,46,4,64.0,34,2026-09-22T16:29:00+05:30,2026-09-22T17:15:00+05:30
12259,Premium,2026-09-21,9,SDGH,BKN,116,78,-38,73.20000000000005,38,2026-09-22T17:17:00+05:30,2026-09-22T18:35:00+05:30
12259,Premium,2026-09-23,0,DHN,KQR,70,78,8,123.10000000000002,37,2026-09-23T21:12:11+05:30,2026-09-23T22:29:58+05:30
12260,Premium,2026-09-21,0,BKN,SDGH,50,62,12,73.2,0,2026-09-21T12:10:00+05:30,2026-09-21T13:12:00+05:30
12260,Premium,2026-09-21,1,SDGH,RTGH,43,41,-2,63.999999999999986,12,2026-09-21T13:14:00+05:30,2026-09-21T13:55:00+05:30
12260,Premium,2026-09-21,2,RTGH,CUR,40,35,-5,42.60000000000002,12,2026-09-21T14:00:00+05:30,2026-09-21T14:35:00+05:30
12260,Premium,2026-09-21,3,CUR,SDLP,42,38,-4,57.89999999999998,9,2026-09-21T14:42:00+05:30,2026-09-21T15:20:00+05:30
12260,Premium,2026-09-21,4,SDLP,LHU,37,35,-2,50.0,8,2026-09-21T15:26:00+05:30,2026-09-21T16:01:00+05:30
12260,Premium,2026-09-21,5,LHU,NDLS,212,194,-18,174.8,7,2026-09-21T16:05:00+05:30,2026-09-21T19:19:00+05:30
12260,Premium,2026-09-21,6,NDLS,CNB,290,290,0,440.0,1,2026-09-21T19:46:00+05:30,2026-09-22T00:36:00+05:30
12260,Premium,2026-09-21,7,CNB,DDU,233,224,-9,347.29999999999995,3,2026-09-22T00:43:00+05:30,2026-09-22T04:27:00+05:30
12260,Premium,2026-09-21,8,DDU,KQR,195,208,13,280.79999999999995,1,2026-09-22T04:41:00+05:30,2026-09-22T08:09:00+05:30
12260,Premium,2026-09-21,9,KQR,DHN,75,78,3,123.10000000000014,17,2026-09-22T08:14:00+05:30,2026-09-22T09:32:00+05:30
12260,Premium,2026-09-21,10,DHN,SDAH,253,221,-32,269.20000000000005,26,2026-09-22T09:43:00+05:30,2026-09-22T13:24:00+05:30
12273,Premium,2026-09-21,0,HWH,ASN,125,134,9,200.4,0,2026-09-21T08:45:00+05:30,2026-09-21T10:59:00+05:30
12273,Premium,2026-09-21,1,ASN,JSME,73,90,17,110.70000000000002,9,2026-09-21T11:04:00+05:30,2026-09-21T12:34:00+05:30
12273,Premium,2026-09-21,2,JSME,PNBE,233,231,-2,220.5,27,2026-09-21T12:37:00+05:30,2026-09-21T16:28:00+05:30
12273,Premium,2026-09-21,3,PNBE,DDU,238,194,-44,211.29999999999995,26,2026-09-21T16:36:00+05:30,2026-09-21T19:50:00+05:30
12273,Premium,2026-09-21,4,DDU,CNB,275,286,11,347.19999999999993,1,2026-09-21T20:16:00+05:30,2026-09-22T01:02:00+05:30
12273,Premium,2026-09-21,5,CNB,NDLS,345,292,-53,440.10000000000014,12,2026-09-22T01:07:00+05:30,2026-09-22T05:59:00+05:30
12304,Express,2026-09-23,0,ALJN,TDL,58,50,-8,78.0,13,2026-09-23T19:27:45+05:30,2026-09-23T20:18:01+05:30
12304,Express,2026-09-23,1,TDL,ETW,53,65,12,91.90000000000003,11,2026-09-23T20:26:00+05:30,2026-09-23T21:31:27+05:30
12304,Express,2026-09-23,2,ETW,CNB,105,82,-23,139.5,38,2026-09-23T21:48:24+05:30,2026-09-23T23:10:13+05:30
12304,Express,2026-09-24,0,ALJN,TDL,58,44,-14,78.0,14,2026-09-24T19:28:47+05:30,2026-09-24T20:13:01+05:30
12304,Express,2026-09-24,1,TDL,ETW,53,64,11,91.90000000000003,7,2026-09-24T20:21:40+05:30,2026-09-24T21:25:25+05:30
12304,Express,2026-09-24,2,ETW,CNB,105,88,-17,139.5,21,2026-09-24T21:30:42+05:30,2026-09-24T22:58:34+05:30
12381,Express,2026-09-23,0,BWN,DGR,52,34,-18,63.599999999999994,23,2026-09-23T09:32:11+05:30,2026-09-23T10:06:12+05:30
12381,Express,2026-09-23,1,DGR,ASN,30,30,0,41.900000000000006,8,2026-09-23T10:11:15+05:30,2026-09-23T10:41:08+05:30
12381,Express,2026-09-23,2,ASN,DHN,77,64,-13,58.20000000000002,14,2026-09-23T10:51:42+05:30,2026-09-23T11:55:53+05:30
12381,Express,2026-09-23,3,DHN,PNME,34,35,1,47.5,6,2026-09-23T12:06:12+05:30,2026-09-23T12:40:51+05:30
12381,Express,2026-09-23,4,PNME,KQR,43,46,4,75.5,15,2026-09-23T12:50:59+05:30,2026-09-23T13:37:29+05:30
12381,Express,2026-09-23,5,KQR,GAYA,79,69,-10,76.09999999999997,26,2026-09-23T13:47:06+05:30,2026-09-23T14:56:07+05:30
12381,Express,2026-09-23,6,GAYA,RFJ,29,24,-5,37.69999999999999,19,2026-09-23T15:03:37+05:30,2026-09-23T15:27:29+05:30
12381,Express,2026-09-23,7,RFJ,AUBR,20,25,5,30.899999999999977,18,2026-09-23T15:33:41+05:30,2026-09-23T15:59:04+05:30
12381,Express,2026-09-23,8,AUBR,DOS,14,11,-3,16.600000000000023,30,2026-09-23T16:08:03+05:30,2026-09-23T16:19:17+05:30
12381,Express,2026-09-23,9,DOS,SSM,14,12,-2,17.899999999999977,32,2026-09-23T16:25:54+05:30,2026-09-23T16:38:22+05:30
12381,Express,2026-09-23,10,SSM,BBU,26,28,2,47.60000000000002,36,2026-09-23T16:46:17+05:30,2026-09-23T17:14:20+05:30
12381,Express,2026-09-23,11,BBU,DDU,72,39,-33,54.30000000000007,42,2026-09-23T17:19:42+05:30,2026-09-23T17:58:18+05:30
12381,Express,2026-09-23,12,BSB,JNH,63,59,-4,74.70000000000005,9,2026-09-23T19:03:32+05:30,2026-09-23T20:02:55+05:30
12381,Express,2026-09-23,13,JNH,PRYJ,90,82,-8,59.700000000000045,15,2026-09-23T20:15:29+05:30,2026-09-23T21:37:51+05:30
12381,Express,2026-09-23,14,PRYJ,CNB,147,136,-11,194.39999999999998,15,2026-09-23T21:49:46+05:30,2026-09-24T00:05:56+05:30
12381,Express,2026-09-24,0,BWN,DGR,52,40,-12,63.599999999999994,11,2026-09-24T09:20:13+05:30,2026-09-24T10:00:16+05:30
12381,Express,2026-09-24,1,DGR,ASN,30,48,18,41.900000000000006,0,2026-09-24T10:03:18+05:30,2026-09-24T10:50:58+05:30
12381,Express,2026-09-24,2,ASN,DHN,77,91,14,58.20000000000002,19,2026-09-24T10:56:52+05:30,2026-09-24T12:27:59+05:30
12381,Express,2026-09-24,3,DHN,PNME,34,34,0,47.5,33,2026-09-24T12:33:19+05:30,2026-09-24T13:07:37+05:30
12381,Express,2026-09-24,4,PNME,KQR,43,43,0,75.5,35,2026-09-24T13:10:51+05:30,2026-09-24T13:53:36+05:30
12381,Express,2026-09-24,5,KQR,GAYA,79,64,-15,76.09999999999997,41,2026-09-24T14:01:34+05:30,2026-09-24T15:05:47+05:30
12381,Express,2026-09-24,6,GAYA,RFJ,29,25,-4,37.69999999999999,30,2026-09-24T15:14:57+05:30,2026-09-24T15:39:48+05:30
12381,Express,2026-09-24,7,RFJ,AUBR,20,19,-1,30.899999999999977,30,2026-09-24T15:46:00+05:30,2026-09-24T16:04:46+05:30
12381,Express,2026-09-24,8,AUBR,DOS,14,18,4,16.600000000000023,35,2026-09-24T16:13:29+05:30,2026-09-24T16:31:58+05:30
12381,Express,2026-09-24,9,DOS,SSM,14,11,-3,17.899999999999977,44,2026-09-24T16:37:59+05:30,2026-09-24T16:49:01+05:30
12381,Express,2026-09-24,10,SSM,BBU,26,38,12,47.60000000000002,45,2026-09-24T16:54:42+05:30,2026-09-24T17:32:15+05:30
12381,Express,2026-09-24,11,BBU,DDU,72,39,-33,54.30000000000007,62,2026-09-24T17:39:46+05:30,2026-09-24T18:19:09+05:30
12381,Express,2026-09-24,12,BSB,JNH,63,57,-6,74.70000000000005,28,2026-09-24T19:23:00+05:30,2026-09-24T20:20:18+05:30
12381,Express,2026-09-24,13,JNH,PRYJ,90,87,-3,59.700000000000045,26,2026-09-24T20:26:20+05:30,2026-09-24T21:52:55+05:30
12381,Express,2026-09-24,14,PRYJ,CNB,147,138,-9,194.39999999999998,22,2026-09-24T21:56:45+05:30,2026-09-25T00:15:06+05:30
12382,Express,2026-09-21,0,NDLS,ALJN,93,105,12,130.7,1,2026-09-21T17:41:00+05:30,2026-09-21T19:26:00+05:30
12382,Express,2026-09-21,1,ALJN,TDL,58,45,-13,78.0,14,2026-09-21T19:29:00+05:30,2026-09-21T20:14:00+05:30
12382,Express,2026-09-21,2,TDL,ETW,53,65,12,91.90000000000003,4,2026-09-21T20:19:00+05:30,2026-09-21T21:24:00+05:30
12382,Express,2026-09-21,3,ETW,CNB,105,108,3,139.5,16,2026-09-21T21:26:00+05:30,2026-09-21T23:14:00+05:30
12382,Express,2026-09-21,4,CNB,PRYJ,155,137,-18,194.39999999999998,22,2026-09-21T23:27:00+05:30,2026-09-22T01:44:00+05:30
12382,Express,2026-09-21,5,PRYJ,JNH,73,65,-8,59.60000000000002,5,2026-09-22T01:50:00+05:30,2026-09-22T02:55:00+05:30
12382,Express,2026-09-21,6,JNH,BSB,95,62,-33,74.89999999999998,1,2026-09-22T03:01:00+05:30,2026-09-22T04:03:00+05:30
12382,Express,2026-09-21,7,BSB,DDU,95,71,-24,18.100000000000023,4,2026-09-22T04:49:00+05:30,2026-09-22T06:00:00+05:30
12382,Express,2026-09-21,8,DDU,BBU,39,43,4,54.39999999999998,0,2026-09-22T06:25:00+05:30,2026-09-22T07:08:00+05:30
12382,Express,2026-09-21,9,BBU,SSM,28,41,13,47.60000000000002,5,2026-09-22T07:11:00+05:30,2026-09-22T07:52:00+05:30
12382,Express,2026-09-21,10,SSM,DOS,16,15,-1,17.799999999999955,18,2026-09-22T07:54:00+05:30,2026-09-22T08:09:00+05:30
12382,Express,2026-09-21,11,DOS,AUBR,14,15,1,16.399999999999977,17,2026-09-22T08:11:00+05:30,2026-09-22T08:26:00+05:30
12382,Express,2026-09-21,12,AUBR,RFJ,21,29,8,31.200000000000045,18,2026-09-22T08:28:00+05:30,2026-09-22T08:57:00+05:30
12382,Express,2026-09-21,13,RFJ,GAYA,32,33,1,37.39999999999998,26,2026-09-22T08:59:00+05:30,2026-09-22T09:32:00+05:30
12382,Express,2026-09-21,14,GAYA,KQR,75,63,-12,76.00000000000011,25,2026-09-22T09:35:00+05:30,2026-09-22T10:38:00+05:30
12382,Express,2026-09-21,15,KQR,PNME,44,55,11,75.59999999999991,13,2026-09-22T10:40:00+05:30,2026-09-22T11:35:00+05:30
12382,Express,2026-09-21,16,PNME,DHN,47,45,-2,47.5,25,2026-09-22T11:38:00+05:30,2026-09-22T12:23:00+05:30
12382,Express,2026-09-21,17,DHN,ASN,71,74,3,58.09999999999991,22,2026-09-22T12:27:00+05:30,2026-09-22T13:41:00+05:30
12382,Express,2026-09-21,18,ASN,DGR,28,36,8,42.700000000000045,25,2026-09-22T13:51:00+05:30,2026-09-22T14:27:00+05:30
12382,Express,2026-09-21,19,DGR,BWN,67,45,-22,63.700000000000045,33,2026-09-22T14:29:00+05:30,2026-09-22T15:14:00+05:30
12382,Express,2026-09-21,20,BWN,HWH,115,96,-19,94.79999999999995,12,2026-09-22T15:17:00+05:30,2026-09-22T16:53:00+05:30
12415,Express,2026-09-21,0,INDB,DWX,26,37,11,38.7,0,2026-09-21T17:10:00+05:30,2026-09-21T17:47:00+05:30
12415,Express,2026-09-21,1,DWX,UJN,47,40,-7,40.3,11,2026-09-21T17:49:00+05:30,2026-09-21T18:29:00+05:30
12415,Express,2026-09-21,2,UJN,NAD,70,56,-14,55.69999999999999,5,2026-09-21T18:35:00+05:30,2026-09-21T19:31:00+05:30
12415,Express,2026-09-21,3,NAD,MEP,13,17,4,17.200000000000017,2,2026-09-21T19:57:00+05:30,2026-09-21T20:14:00+05:30
12415,Express,2026-09-21,4,MEP,VMA,15,23,8,22.900000000000006,5,2026-09-21T20:15:00+05:30,2026-09-21T20:38:00+05:30
12415,Express,2026-09-21,5,VMA,CMU,16,16,0,22.69999999999999,13,2026-09-21T20:40:00+05:30,2026-09-21T20:56:00+05:30
12415,Express,2026-09-21,6,CMU,SVA,13,16,3,15.300000000000011,13,2026-09-21T20:58:00+05:30,2026-09-21T21:14:00+05:30
12415,Express,2026-09-21,7,SVA,SGZ,10,13,3,13.699999999999989,15,2026-09-21T21:15:00+05:30,2026-09-21T21:28:00+05:30
12415,Express,2026-09-21,8,SGZ,GOH,9,9,0,10.599999999999994,20,2026-09-21T21:32:00+05:30,2026-09-21T21:41:00+05:30
12415,Express,2026-09-21,9,GOH,BWM,15,15,0,22.599999999999994,20,2026-09-21T21:43:00+05:30,2026-09-21T21:58:00+05:30
12415,Express,2026-09-21,10,BWM,RMA,18,18,0,28.19999999999999,20,2026-09-21T22:00:00+05:30,2026-09-21T22:18:00+05:30
12415,Express,2026-09-21,11,RMA,KOTA,50,43,-7,72.20000000000005,19,2026-09-21T22:19:00+05:30,2026-09-21T23:02:00+05:30
12415,Express,2026-09-21,12,KOTA,SWM,73,65,-8,107.79999999999995,23,2026-09-21T23:23:00+05:30,2026-09-22T00:28:00+05:30
12415,Express,2026-09-21,13,SWM,GGC,43,45,2,63.89999999999998,15,2026-09-22T00:30:00+05:30,2026-09-22T01:15:00+05:30
12415,Express,2026-09-21,14,GGC,SMVJ,21,24,3,34.200000000000045,17,2026-09-22T01:17:00+05:30,2026-09-22T01:41:00+05:30
12415,Express,2026-09-21,15,SMVJ,BXN,35,37,2,43.0,36,2026-09-22T01:59:00+05:30,2026-09-22T02:36:00+05:30
12415,Express,2026-09-21,16,BXN,BTE,58,33,-25,42.0,38,2026-09-22T02:38:00+05:30,2026-09-22T03:11:00+05:30
12415,Express,2026-09-21,17,BTE,MTJ,50,37,-13,33.60000000000002,19,2026-09-22T03:19:00+05:30,2026-09-22T03:56:00+05:30
12415,Express,2026-09-21,18,MTJ,FDB,95,98,3,112.89999999999998,12,2026-09-22T04:07:00+05:30,2026-09-22T05:45:00+05:30
12415,Express,2026-09-21,19,FDB,NZM,21,30,9,21.0,16,2026-09-22T05:48:00+05:30,2026-09-22T06:18:00+05:30
12415,Express,2026-09-21,20,NZM,NDLS,25,19,-6,7.2000000000000455,25,2026-09-22T06:20:00+05:30,2026-09-22T06:39:00+05:30
12415,Express,2026-09-23,0,INDB,DWX,26,26,0,38.7,7,2026-09-23T17:16:33+05:30,2026-09-23T17:42:22+05:30
12415,Express,2026-09-23,1,DWX,UJN,47,33,-14,40.3,10,2026-09-23T17:47:49+05:30,2026-09-23T18:20:47+05:30
12415,Express,2026-09-23,2,UJN,NAD,70,48,-22,55.69999999999999,5,2026-09-23T18:34:41+05:30,2026-09-23T19:22:34+05:30
12415,Express,2026-09-23,3,NAD,MEP,13,10,-3,17.200000000000017,17,2026-09-23T20:11:47+05:30,2026-09-23T20:22:15+05:30
12415,Express,2026-09-23,4,MEP,VMA,15,21,6,22.900000000000006,15,2026-09-23T20:24:30+05:30,2026-09-23T20:45:17+05:30
12415,Express,2026-09-23,5,VMA,CMU,16,13,-3,22.69999999999999,23,2026-09-23T20:49:55+05:30,2026-09-23T21:02:55+05:30
12415,Express,2026-09-23,6,CMU,SVA,13,15,2,15.300000000000011,22,2026-09-23T21:07:05+05:30,2026-09-23T21:22:05+05:30
12415,Express,2026-09-23,7,SVA,SGZ,10,9,-1,13.699999999999989,26,2026-09-23T21:26:05+05:30,2026-09-23T21:35:24+05:30
12415,Express,2026-09-23,8,SGZ,GOH,9,8,-1,10.599999999999994,24,2026-09-23T21:36:13+05:30,2026-09-23T21:43:50+05:30
12415,Express,2026-09-23,9,GOH,BWM,15,12,-3,22.599999999999994,27,2026-09-23T21:49:42+05:30,2026-09-23T22:01:51+05:30
12415,Express,2026-09-23,10,BWM,RMA,18,13,-5,28.19999999999999,27,2026-09-23T22:06:52+05:30,2026-09-23T22:19:43+05:30
12415,Express,2026-09-23,11,RMA,KOTA,50,53,3,72.20000000000005,25,2026-09-23T22:25:03+05:30,2026-09-23T23:18:12+05:30
12415,Express,2026-09-24,0,INDB,DWX,26,24,-2,38.7,7,2026-09-24T17:16:43+05:30,2026-09-24T17:40:58+05:30
12415,Express,2026-09-24,1,DWX,UJN,47,41,-6,40.3,7,2026-09-24T17:45:14+05:30,2026-09-24T18:25:53+05:30
12415,Express,2026-09-24,2,UJN,NAD,70,34,-36,55.69999999999999,10,2026-09-24T18:40:09+05:30,2026-09-24T19:13:57+05:30
12415,Express,2026-09-24,3,NAD,MEP,13,13,0,17.200000000000017,2,2026-09-24T19:56:31+05:30,2026-09-24T20:09:51+05:30
12415,Express,2026-09-24,4,MEP,VMA,15,19,4,22.900000000000006,7,2026-09-24T20:16:40+05:30,2026-09-24T20:35:55+05:30
12415,Express,2026-09-24,5,VMA,CMU,16,10,-6,22.69999999999999,14,2026-09-24T20:40:59+05:30,2026-09-24T20:50:36+05:30
12415,Express,2026-09-24,6,CMU,SVA,13,10,-3,15.300000000000011,14,2026-09-24T20:58:43+05:30,2026-09-24T21:09:09+05:30
12415,Express,2026-09-24,7,SVA,SGZ,10,11,1,13.699999999999989,10,2026-09-24T21:10:10+05:30,2026-09-24T21:21:02+05:30
12415,Express,2026-09-24,8,SGZ,GOH,9,5,-4,10.599999999999994,16,2026-09-24T21:27:30+05:30,2026-09-24T21:32:37+05:30
12415,Express,2026-09-24,9,GOH,BWM,15,10,-5,22.599999999999994,19,2026-09-24T21:42:00+05:30,2026-09-24T21:51:53+05:30
12415,Express,2026-09-24,10,BWM,RMA,18,14,-4,28.19999999999999,18,2026-09-24T21:57:59+05:30,2026-09-24T22:11:42+05:30
12415,Express,2026-09-24,11,RMA,KOTA,50,38,-12,72.20000000000005,17,2026-09-24T22:16:58+05:30,2026-09-24T22:55:19+05:30
12471,Express,2026-09-17,0,BDTS,BVI,19,29,10,18.4,3,2026-09-17T11:03:00+05:30,2026-09-17T11:32:00+05:30
12471,Express,2026-09-17,1,BVI,PLG,44,41,-3,57.00000000000001,21,2026-09-17T11:43:00+05:30,2026-09-17T12:24:00+05:30
12471,Express,2026-09-17,2,PLG,VAPI,50,50,0,81.6,18,2026-09-17T12:26:00+05:30,2026-09-17T13:16:00+05:30
12471,Express,2026-09-17,3,VAPI,ST,79,64,-15,95.0,18,2026-09-17T13:18:00+05:30,2026-09-17T14:22:00+05:30
12471,Express,2026-09-17,4,ST,BH,38,42,4,59.10000000000002,3,2026-09-17T14:27:00+05:30,2026-09-17T15:09:00+05:30
12471,Express,2026-09-17,5,BH,BRC,52,42,-10,70.5,7,2026-09-17T15:11:00+05:30,2026-09-17T15:53:00+05:30
12471,Express,2026-09-17,6,BRC,GDA,66,68,2,73.89999999999998,1,2026-09-17T16:07:00+05:30,2026-09-17T17:15:00+05:30
12471,Express,2026-09-17,7,GDA,DHD,46,50,4,73.10000000000002,3,2026-09-17T17:17:00+05:30,2026-09-17T18:07:00+05:30
12471,Express,2026-09-17,8,DHD,MGN,24,34,10,33.10000000000002,6,2026-09-17T18:08:00+05:30,2026-09-17T18:42:00+05:30
12471,Express,2026-09-17,9,MGN,BMI,32,30,-2,35.5,16,2026-09-17T18:44:00+05:30,2026-09-17T19:14:00+05:30
12471,Express,2026-09-17,10,BMI,RTM,43,41,-2,44.799999999999955,13,2026-09-17T19:15:00+05:30,2026-09-17T19:56:00+05:30
12471,Express,2026-09-17,11,RTM,NAD,48,41,-7,43.89999999999998,11,2026-09-17T20:06:00+05:30,2026-09-17T20:47:00+05:30
12471,Express,2026-09-17,12,NAD,VMA,25,33,8,40.10000000000002,1,2026-09-17T20:49:00+05:30,2026-09-17T21:22:00+05:30
12471,Express,2026-09-17,13,VMA,BWM,48,50,2,84.89999999999998,9,2026-09-17T21:24:00+05:30,2026-09-17T22:14:00+05:30
12471,Express,2026-09-17,14,BWM,KOTA,70,62,-8,100.39999999999998,11,2026-09-17T22:16:00+05:30,2026-09-17T23:18:00+05:30
12471,Express,2026-09-17,15,KOTA,SWM,68,66,-2,107.80000000000007,3,2026-09-17T23:28:00+05:30,2026-09-18T00:34:00+05:30
12471,Express,2026-09-17,16,SWM,GGC,38,42,4,63.80000000000007,2,2026-09-18T00:37:00+05:30,2026-09-18T01:19:00+05:30
12471,Express,2026-09-17,17,GGC,MTJ,115,101,-14,152.79999999999995,7,2026-09-18T01:22:00+05:30,2026-09-18T03:03:00+05:30
12471,Express,2026-09-17,18,MTJ,NZM,108,121,13,133.89999999999986,11,2026-09-18T03:26:00+05:30,2026-09-18T05:27:00+05:30
12471,Express,2026-09-17,19,NZM,NDLS,20,18,-2,7.2000000000000455,24,2026-09-18T05:29:00+05:30,2026-09-18T05:47:00+05:30
12471,Express,2026-09-17,20,NDLS,PNP,93,100,7,89.90000000000009,26,2026-09-18T06:06:00+05:30,2026-09-18T07:46:00+05:30
12471,Express,2026-09-17,21,PNP,UMB,92,63,-29,109.39999999999986,33,2026-09-18T07:48:00+05:30,2026-09-18T08:51:00+05:30
12471,Express,2026-09-17,22,UMB,LDH,86,79,-7,113.60000000000014,3,2026-09-18T08:55:00+05:30,2026-09-18T10:14:00+05:30
12471,Express,2026-09-17,23,LDH,PGW,29,41,12,35.799999999999955,1,2026-09-18T10:26:00+05:30,2026-09-18T11:07:00+05:30
12471,Express,2026-09-17,24,PGW,JRC,17,14,-3,16.5,13,2026-09-18T11:09:00+05:30,2026-09-18T11:23:00+05:30
12471,Express,2026-09-17,25,JRC,PTKC,104,91,-13,112.09999999999991,10,2026-09-18T11:26:00+05:30,2026-09-18T12:57:00+05:30
12471,Express,2026-09-17,26,PTKC,MSKT,28,30,2,23.100000000000136,1,2026-09-18T13:04:00+05:30,2026-09-18T13:34:00+05:30
12471,Express,2026-09-17,27,MSKT,JAT,77,87,10,76.0,3,2026-09-18T13:36:00+05:30,2026-09-18T15:03:00+05:30
12471,Express,2026-09-17,28,JAT,MCTM,98,81,-17,53.200000000000045,13,2026-09-18T15:08:00+05:30,2026-09-18T16:29:00+05:30
12471,Express,2026-09-17,29,MCTM,SVDK,75,74,-1,24.899999999999864,1,2026-09-18T16:36:00+05:30,2026-09-18T17:50:00+05:30
12471,Express,2026-09-18,0,PLG,VAPI,50,54,4,81.6,13,2026-09-18T12:21:00+05:30,2026-09-18T13:15:00+05:30
12471,Express,2026-09-18,1,VAPI,ST,79,65,-14,95.0,17,2026-09-18T13:17:00+05:30,2026-09-18T14:22:00+05:30
12471,Express,2026-09-18,2,ST,BH,38,57,19,59.10000000000002,4,2026-09-18T14:28:00+05:30,2026-09-18T15:25:00+05:30
12471,Express,2026-09-18,3,BH,BRC,52,44,-8,70.5,23,2026-09-18T15:27:00+05:30,2026-09-18T16:11:00+05:30
12471,Express,2026-09-18,4,BRC,GDA,66,60,-6,73.89999999999998,14,2026-09-18T16:20:00+05:30,2026-09-18T17:20:00+05:30
12471,Express,2026-09-18,5,GDA,DHD,46,47,1,73.10000000000002,9,2026-09-18T17:23:00+05:30,2026-09-18T18:10:00+05:30
12471,Express,2026-09-18,6,DHD,MGN,24,27,3,33.10000000000002,12,2026-09-18T18:14:00+05:30,2026-09-18T18:41:00+05:30
12471,Express,2026-09-18,7,MGN,BMI,32,31,-1,35.5,15,2026-09-18T18:43:00+05:30,2026-09-18T19:14:00+05:30
12471,Express,2026-09-18,8,BMI,RTM,43,43,0,44.799999999999955,13,2026-09-18T19:15:00+05:30,2026-09-18T19:58:00+05:30
12471,Express,2026-09-18,9,RTM,NAD,48,36,-12,43.89999999999998,13,2026-09-18T20:08:00+05:30,2026-09-18T20:44:00+05:30
12471,Express,2026-09-18,10,NAD,VMA,25,33,8,40.10000000000002,0,2026-09-18T20:48:00+05:30,2026-09-18T21:21:00+05:30
12471,Express,2026-09-18,11,VMA,BWM,48,51,3,84.89999999999998,8,2026-09-18T21:23:00+05:30,2026-09-18T22:14:00+05:30
12471,Express,2026-09-18,12,BWM,KOTA,70,73,3,100.39999999999998,11,2026-09-18T22:16:00+05:30,2026-09-18T23:29:00+05:30
12471,Express,2026-09-18,13,KOTA,SWM,68,64,-4,107.80000000000007,16,2026-09-18T23:41:00+05:30,2026-09-19T00:45:00+05:30
12471,Express,2026-09-18,14,SWM,GGC,38,44,6,63.80000000000007,13,2026-09-19T00:48:00+05:30,2026-09-19T01:32:00+05:30
12471,Express,2026-09-18,15,GGC,MTJ,115,93,-22,152.79999999999995,19,2026-09-19T01:34:00+05:30,2026-09-19T03:07:00+05:30
12471,Express,2026-09-18,16,MTJ,NZM,108,98,-10,133.89999999999986,1,2026-09-19T03:16:00+05:30,2026-09-19T04:54:00+05:30
12471,Express,2026-09-18,17,NZM,NDLS,20,16,-4,7.2000000000000455,0,2026-09-19T05:05:00+05:30,2026-09-19T05:21:00+05:30
12471,Express,2026-09-18,18,NDLS,PNP,93,94,1,89.90000000000009,14,2026-09-19T05:54:00+05:30,2026-09-19T07:28:00+05:30
12471,Express,2026-09-18,19,UMB,LDH,86,75,-11,113.60000000000014,0,2026-09-19T08:52:00+05:30,2026-09-19T10:07:00+05:30
12471,Express,2026-09-18,20,LDH,PGW,29,39,10,35.799999999999955,3,2026-09-19T10:28:00+05:30,2026-09-19T11:07:00+05:30
12471,Express,2026-09-18,21,PGW,JRC,17,12,-5,16.5,13,2026-09-19T11:09:00+05:30,2026-09-19T11:21:00+05:30
12471,Express,2026-09-18,22,JRC,PTKC,104,86,-18,112.09999999999991,10,2026-09-19T11:26:00+05:30,2026-09-19T12:52:00+05:30
12471,Express,2026-09-18,23,PTKC,MSKT,28,27,-1,23.100000000000136,2,2026-09-19T13:05:00+05:30,2026-09-19T13:32:00+05:30
12471,Express,2026-09-18,24,MSKT,JAT,77,88,11,76.0,0,2026-09-19T13:33:00+05:30,2026-09-19T15:01:00+05:30
12471,Express,2026-09-18,25,JAT,MCTM,98,88,-10,53.200000000000045,8,2026-09-19T15:03:00+05:30,2026-09-19T16:31:00+05:30
12471,Express,2026-09-18,26,MCTM,SVDK,75,63,-12,24.899999999999864,0,2026-09-19T16:35:00+05:30,2026-09-19T17:38:00+05:30
12471,Express,2026-09-20,0,BDTS,BVI,19,27,8,18.4,0,2026-09-20T11:00:00+05:30,2026-09-20T11:27:00+05:30
12471,Express,2026-09-20,1,BVI,PLG,44,38,-6,57.00000000000001,16,2026-09-20T11:38:00+05:30,2026-09-20T12:16:00+05:30
12471,Express,2026-09-20,2,PLG,VAPI,50,44,-6,81.6,10,2026-09-20T12:18:00+05:30,2026-09-20T13:02:00+05:30
12471,Express,2026-09-20,3,VAPI,ST,79,69,-10,95.0,4,2026-09-20T13:04:00+05:30,2026-09-20T14:13:00+05:30
12471,Express,2026-09-20,4,ST,BH,38,38,0,59.10000000000002,0,2026-09-20T14:24:00+05:30,2026-09-20T15:02:00+05:30
12471,Express,2026-09-20,5,BH,BRC,52,42,-10,70.5,0,2026-09-20T15:04:00+05:30,2026-09-20T15:46:00+05:30
12471,Express,2026-09-20,6,BRC,GDA,66,59,-7,73.89999999999998,1,2026-09-20T16:07:00+05:30,2026-09-20T17:06:00+05:30
12471,Express,2026-09-20,7,GDA,DHD,46,50,4,73.10000000000002,0,2026-09-20T17:14:00+05:30,2026-09-20T18:04:00+05:30
12471,Express,2026-09-20,8,DHD,MGN,24,28,4,33.10000000000002,4,2026-09-20T18:06:00+05:30,2026-09-20T18:34:00+05:30
12471,Express,2026-09-20,9,MGN,BMI,32,30,-2,35.5,7,2026-09-20T18:35:00+05:30,2026-09-20T19:05:00+05:30
12471,Express,2026-09-20,10,BMI,RTM,43,49,6,44.799999999999955,5,2026-09-20T19:07:00+05:30,2026-09-20T19:56:00+05:30
12471,Express,2026-09-20,11,RTM,NAD,48,40,-8,43.89999999999998,10,2026-09-20T20:05:00+05:30,2026-09-20T20:45:00+05:30
12471,Express,2026-09-20,12,NAD,VMA,25,34,9,40.10000000000002,6,2026-09-20T20:54:00+05:30,2026-09-20T21:28:00+05:30
12471,Express,2026-09-20,13,VMA,BWM,48,51,3,84.89999999999998,14,2026-09-20T21:29:00+05:30,2026-09-20T22:20:00+05:30
12471,Express,2026-09-20,14,BWM,KOTA,70,65,-5,100.39999999999998,17,2026-09-20T22:22:00+05:30,2026-09-20T23:27:00+05:30
12471,Express,2026-09-20,15,KOTA,SWM,68,71,3,107.80000000000007,13,2026-09-20T23:38:00+05:30,2026-09-21T00:49:00+05:30
12471,Express,2026-09-20,16,SWM,GGC,38,42,4,63.80000000000007,16,2026-09-21T00:51:00+05:30,2026-09-21T01:33:00+05:30
12471,Express,2026-09-20,17,GGC,MTJ,115,93,-22,152.79999999999995,20,2026-09-21T01:35:00+05:30,2026-09-21T03:08:00+05:30
12471,Express,2026-09-20,18,MTJ,NZM,108,117,9,133.89999999999986,7,2026-09-21T03:22:00+05:30,2026-09-21T05:19:00+05:30
12471,Express,2026-09-20,19,NZM,NDLS,20,15,-5,7.2000000000000455,17,2026-09-21T05:22:00+05:30,2026-09-21T05:37:00+05:30
12471,Express,2026-09-20,20,NDLS,PNP,93,102,9,89.90000000000009,20,2026-09-21T06:00:00+05:30,2026-09-21T07:42:00+05:30
12471,Express,2026-09-20,21,PNP,UMB,92,62,-30,109.39999999999986,29,2026-09-21T07:44:00+05:30,2026-09-21T08:46:00+05:30
12471,Express,2026-09-20,22,UMB,LDH,86,86,0,113.60000000000014,0,2026-09-21T08:52:00+05:30,2026-09-21T10:18:00+05:30
12471,Express,2026-09-20,23,LDH,PGW,29,41,12,35.799999999999955,4,2026-09-21T10:29:00+05:30,2026-09-21T11:10:00+05:30
12471,Express,2026-09-20,24,PGW,JRC,17,15,-2,16.5,15,2026-09-21T11:11:00+05:30,2026-09-21T11:26:00+05:30
12471,Express,2026-09-20,25,JRC,PTKC,104,91,-13,112.09999999999991,12,2026-09-21T11:28:00+05:30,2026-09-21T12:59:00+05:30
12471,Express,2026-09-20,26,JAT,MCTM,98,87,-11,53.200000000000045,0,2026-09-21T14:55:00+05:30,2026-09-21T16:22:00+05:30
12471,Express,2026-09-20,27,MCTM,SVDK,75,65,-10,24.899999999999864,1,2026-09-21T16:36:00+05:30,2026-09-21T17:41:00+05:30
12471,Express,2026-09-21,0,PLG,VAPI,50,42,-8,81.6,14,2026-09-21T12:22:00+05:30,2026-09-21T13:04:00+05:30
12471,Express,2026-09-21,1,VAPI,ST,79,84,5,95.0,6,2026-09-21T13:06:00+05:30,2026-09-21T14:30:00+05:30
12471,Express,2026-09-21,2,ST,BH,38,41,3,59.10000000000002,10,2026-09-21T14:34:00+05:30,2026-09-21T15:15:00+05:30
12471,Express,2026-09-21,3,BH,BRC,52,51,-1,70.5,13,2026-09-21T15:17:00+05:30,2026-09-21T16:08:00+05:30
12471,Express,2026-09-21,4,GDA,DHD,46,53,7,73.10000000000002,7,2026-09-21T17:21:00+05:30,2026-09-21T18:14:00+05:30
12471,Express,2026-09-21,5,DHD,MGN,24,28,4,33.10000000000002,15,2026-09-21T18:17:00+05:30,2026-09-21T18:45:00+05:30
12471,Express,2026-09-21,6,MGN,BMI,32,30,-2,35.5,19,2026-09-21T18:47:00+05:30,2026-09-21T19:17:00+05:30
12471,Express,2026-09-21,7,BMI,RTM,43,40,-3,44.799999999999955,16,2026-09-21T19:18:00+05:30,2026-09-21T19:58:00+05:30
12471,Express,2026-09-21,8,RTM,NAD,48,36,-12,43.89999999999998,14,2026-09-21T20:09:00+05:30,2026-09-21T20:45:00+05:30
12471,Express,2026-09-21,9,NAD,VMA,25,33,8,40.10000000000002,0,2026-09-21T20:48:00+05:30,2026-09-21T21:21:00+05:30
12471,Express,2026-09-21,10,VMA,BWM,48,49,1,84.89999999999998,8,2026-09-21T21:23:00+05:30,2026-09-21T22:12:00+05:30
12471,Express,2026-09-21,11,BWM,KOTA,70,76,6,100.39999999999998,9,2026-09-21T22:14:00+05:30,2026-09-21T23:30:00+05:30
12471,Express,2026-09-21,12,KOTA,SWM,68,64,-4,107.80000000000007,16,2026-09-21T23:41:00+05:30,2026-09-22T00:45:00+05:30
12471,Express,2026-09-21,13,SWM,GGC,38,43,5,63.80000000000007,14,2026-09-22T00:49:00+05:30,2026-09-22T01:32:00+05:30
12471,Express,2026-09-21,14,GGC,MTJ,115,95,-20,152.79999999999995,19,2026-09-22T01:34:00+05:30,2026-09-22T03:09:00+05:30
12471,Express,2026-09-21,15,MTJ,NZM,108,112,4,133.89999999999986,2,2026-09-22T03:17:00+05:30,2026-09-22T05:09:00+05:30
12471,Express,2026-09-21,16,NZM,NDLS,20,19,-1,7.2000000000000455,6,2026-09-22T05:11:00+05:30,2026-09-22T05:30:00+05:30
12471,Express,2026-09-21,17,NDLS,PNP,93,101,8,89.90000000000009,15,2026-09-22T05:55:00+05:30,2026-09-22T07:36:00+05:30
12471,Express,2026-09-21,18,PNP,UMB,92,66,-26,109.39999999999986,22,2026-09-22T07:37:00+05:30,2026-09-22T08:43:00+05:30
12471,Express,2026-09-21,19,UMB,LDH,86,74,-12,113.60000000000014,0,2026-09-22T08:52:00+05:30,2026-09-22T10:06:00+05:30
12471,Express,2026-09-21,20,LDH,PGW,29,34,5,35.799999999999955,1,2026-09-22T10:26:00+05:30,2026-09-22T11:00:00+05:30
12471,Express,2026-09-21,21,PGW,JRC,17,15,-2,16.5,6,2026-09-22T11:02:00+05:30,2026-09-22T11:17:00+05:30
12471,Express,2026-09-21,22,JRC,PTKC,104,89,-15,112.09999999999991,5,2026-09-22T11:21:00+05:30,2026-09-22T12:50:00+05:30
12471,Express,2026-09-21,23,PTKC,MSKT,28,31,3,23.100000000000136,0,2026-09-22T13:03:00+05:30,2026-09-22T13:34:00+05:30
12471,Express,2026-09-21,24,MSKT,JAT,77,72,-5,76.0,3,2026-09-22T13:36:00+05:30,2026-09-22T14:48:00+05:30
12471,Express,2026-09-21,25,JAT,MCTM,98,97,-1,53.200000000000045,0,2026-09-22T14:55:00+05:30,2026-09-22T16:32:00+05:30
12471,Express,2026-09-21,26,MCTM,SVDK,75,51,-24,24.899999999999864,0,2026-09-22T16:35:00+05:30,2026-09-22T17:26:00+05:30
12471,Express,2026-09-24,0,BDTS,BVI,19,13,-6,18.4,10,2026-09-24T11:09:45+05:30,2026-09-24T11:22:46+05:30
12471,Express,2026-09-24,1,BVI,PLG,44,42,-2,57.00000000000001,27,2026-09-24T11:48:40+05:30,2026-09-24T12:31:05+05:30
12471,Express,2026-09-24,2,PLG,VAPI,50,44,-6,81.6,25,2026-09-24T12:32:33+05:30,2026-09-24T13:16:57+05:30
12471,Express,2026-09-24,3,VAPI,ST,79,65,-14,95.0,21,2026-09-24T13:20:57+05:30,2026-09-24T14:26:13+05:30
12471,Express,2026-09-24,4,ST,BH,38,34,-4,59.10000000000002,11,2026-09-24T14:35:04+05:30,2026-09-24T15:09:32+05:30
12471,Express,2026-09-24,5,BRC,GDA,66,46,-20,73.89999999999998,13,2026-09-24T16:19:04+05:30,2026-09-24T17:05:26+05:30
12471,Express,2026-09-24,6,GDA,DHD,46,46,0,73.10000000000002,5,2026-09-24T17:18:50+05:30,2026-09-24T18:05:18+05:30
12471,Express,2026-09-24,7,DHD,MGN,24,26,2,33.10000000000002,6,2026-09-24T18:08:19+05:30,2026-09-24T18:33:57+05:30
12471,Express,2026-09-24,8,MGN,BMI,32,24,-8,35.5,10,2026-09-24T18:38:29+05:30,2026-09-24T19:02:55+05:30
12471,Express,2026-09-24,9,BMI,RTM,43,36,-7,44.799999999999955,5,2026-09-24T19:07:17+05:30,2026-09-24T19:43:05+05:30
12471,Express,2026-09-24,10,RTM,NAD,48,33,-15,43.89999999999998,5,2026-09-24T20:00:11+05:30,2026-09-24T20:33:10+05:30
12471,Express,2026-09-24,11,NAD,VMA,25,31,6,40.10000000000002,6,2026-09-24T20:53:42+05:30,2026-09-24T21:25:11+05:30
12471,Express,2026-09-24,12,VMA,BWM,48,52,4,84.89999999999998,16,2026-09-24T21:30:31+05:30,2026-09-24T22:22:38+05:30
12471,Express,2026-09-24,13,BWM,KOTA,70,52,-18,100.39999999999998,19,2026-09-24T22:23:56+05:30,2026-09-24T23:15:39+05:30
12471,Express,2026-09-24,14,KOTA,SWM,68,59,-9,107.80000000000007,12,2026-09-24T23:37:28+05:30,2026-09-25T00:36:13+05:30
12472,Express,2026-09-18,0,SVDK,MCTM,44,34,-10,24.8,2,2026-09-18T09:42:00+05:30,2026-09-18T10:16:00+05:30
12472,Express,2026-09-18,1,MCTM,JAT,59,68,9,53.2,3,2026-09-18T10:29:00+05:30,2026-09-18T11:37:00+05:30
12472,Express,2026-09-18,2,PTKC,JRC,120,99,-21,112.10000000000002,12,2026-09-18T13:37:00+05:30,2026-09-18T15:16:00+05:30
12472,Express,2026-09-18,3,JRC,PGW,12,16,4,16.5,0,2026-09-18T15:30:00+05:30,2026-09-18T15:46:00+05:30
12472,Express,2026-09-18,4,PGW,LDH,36,35,-1,35.80000000000001,5,2026-09-18T15:49:00+05:30,2026-09-18T16:24:00+05:30
12472,Express,2026-09-18,5,UMB,PNP,65,78,13,109.40000000000003,0,2026-09-18T18:35:00+05:30,2026-09-18T19:53:00+05:30
12472,Express,2026-09-18,6,PNP,SZM,58,56,-2,85.79999999999995,13,2026-09-18T19:55:00+05:30,2026-09-18T20:51:00+05:30
12472,Express,2026-09-18,7,SZM,NDLS,43,31,-12,4.0,12,2026-09-18T20:54:00+05:30,2026-09-18T21:25:00+05:30
12472,Express,2026-09-18,8,NDLS,MTJ,100,112,12,141.10000000000002,0,2026-09-18T21:40:00+05:30,2026-09-18T23:32:00+05:30
12472,Express,2026-09-18,9,MTJ,GGC,88,97,9,152.89999999999998,11,2026-09-18T23:36:00+05:30,2026-09-19T01:13:00+05:30
12472,Express,2026-09-18,10,GGC,SWM,38,37,-1,63.80000000000007,20,2026-09-19T01:15:00+05:30,2026-09-19T01:52:00+05:30
12472,Express,2026-09-18,11,SWM,KOTA,65,78,13,107.89999999999986,19,2026-09-19T01:54:00+05:30,2026-09-19T03:12:00+05:30
12472,Express,2026-09-18,12,KOTA,BWM,63,72,9,100.30000000000018,32,2026-09-19T03:22:00+05:30,2026-09-19T04:34:00+05:30
12472,Express,2026-09-18,13,BWM,VMA,68,52,-16,84.89999999999986,41,2026-09-19T04:36:00+05:30,2026-09-19T05:28:00+05:30
12472,Express,2026-09-18,14,VMA,NAD,45,26,-19,40.200000000000045,25,2026-09-19T05:30:00+05:30,2026-09-19T05:56:00+05:30
12472,Express,2026-09-18,15,NAD,RTM,35,30,-5,41.299999999999955,3,2026-09-19T05:58:00+05:30,2026-09-19T06:28:00+05:30
12472,Express,2026-09-18,16,RTM,BMI,40,41,1,47.299999999999955,0,2026-09-19T06:40:00+05:30,2026-09-19T07:21:00+05:30
12472,Express,2026-09-18,17,MGN,DHD,24,25,1,33.200000000000045,4,2026-09-19T07:53:00+05:30,2026-09-19T08:18:00+05:30
12472,Express,2026-09-18,18,DHD,GDA,75,56,-19,73.0,5,2026-09-19T08:20:00+05:30,2026-09-19T09:16:00+05:30
12472,Express,2026-09-18,19,GDA,BRC,53,58,5,73.90000000000009,2,2026-09-19T09:34:00+05:30,2026-09-19T10:32:00+05:30
12472,Express,2026-09-18,20,BRC,BH,58,60,2,70.5,3,2026-09-19T10:38:00+05:30,2026-09-19T11:38:00+05:30
12472,Express,2026-09-18,21,BH,ST,50,55,5,59.09999999999991,5,2026-09-19T11:40:00+05:30,2026-09-19T12:35:00+05:30
12472,Express,2026-09-18,22,ST,VAPI,63,72,9,95.10000000000014,10,2026-09-19T12:40:00+05:30,2026-09-19T13:52:00+05:30
12472,Express,2026-09-18,23,VAPI,PLG,48,54,6,81.5,19,2026-09-19T13:54:00+05:30,2026-09-19T14:48:00+05:30
12472,Express,2026-09-18,24,PLG,BVI,52,44,-8,57.0,26,2026-09-19T14:51:00+05:30,2026-09-19T15:35:00+05:30
12472,Express,2026-09-18,25,BVI,BDTS,50,32,-18,18.399999999999864,18,2026-09-19T15:38:00+05:30,2026-09-19T16:10:00+05:30
12472,Express,2026-09-19,0,SVDK,MCTM,44,39,-5,24.8,0,2026-09-19T09:40:00+05:30,2026-09-19T10:19:00+05:30
12472,Express,2026-09-19,1,MCTM,JAT,59,66,7,53.2,3,2026-09-19T10:29:00+05:30,2026-09-19T11:35:00+05:30
12472,Express,2026-09-19,2,PTKC,JRC,120,89,-31,112.10000000000002,0,2026-09-19T13:25:00+05:30,2026-09-19T14:54:00+05:30
12472,Express,2026-09-19,3,JRC,PGW,12,48,36,16.5,5,2026-09-19T15:35:00+05:30,2026-09-19T16:23:00+05:30
12472,Express,2026-09-19,4,PGW,LDH,36,35,-1,35.80000000000001,42,2026-09-19T16:26:00+05:30,2026-09-19T17:01:00+05:30
12472,Express,2026-09-19,5,LDH,UMB,115,81,-34,113.59999999999997,39,2026-09-19T17:09:00+05:30,2026-09-19T18:30:00+05:30
12472,Express,2026-09-19,6,UMB,PNP,65,74,9,109.40000000000003,0,2026-09-19T18:35:00+05:30,2026-09-19T19:49:00+05:30
12472,Express,2026-09-19,7,PNP,SZM,58,58,0,85.79999999999995,9,2026-09-19T19:51:00+05:30,2026-09-19T20:49:00+05:30
12472,Express,2026-09-19,8,SZM,NDLS,43,18,-25,4.0,11,2026-09-19T20:53:00+05:30,2026-09-19T21:11:00+05:30
12472,Express,2026-09-19,9,NDLS,MTJ,100,101,1,141.10000000000002,0,2026-09-19T21:40:00+05:30,2026-09-19T23:21:00+05:30
12472,Express,2026-09-19,10,MTJ,GGC,88,97,9,152.89999999999998,5,2026-09-19T23:30:00+05:30,2026-09-20T01:07:00+05:30
12472,Express,2026-09-19,11,GGC,SWM,38,35,-3,63.80000000000007,14,2026-09-20T01:09:00+05:30,2026-09-20T01:44:00+05:30
12472,Express,2026-09-19,12,SWM,KOTA,65,65,0,107.89999999999986,12,2026-09-20T01:47:00+05:30,2026-09-20T02:52:00+05:30
12472,Express,2026-09-19,13,KOTA,BWM,63,75,12,100.30000000000018,12,2026-09-20T03:02:00+05:30,2026-09-20T04:17:00+05:30
12472,Express,2026-09-19,14,BWM,VMA,68,53,-15,84.89999999999986,24,2026-09-20T04:19:00+05:30,2026-09-20T05:12:00+05:30
12472,Express,2026-09-19,15,VMA,NAD,45,28,-17,40.200000000000045,9,2026-09-20T05:14:00+05:30,2026-09-20T05:42:00+05:30
12472,Express,2026-09-19,16,NAD,RTM,35,32,-3,41.299999999999955,0,2026-09-20T05:55:00+05:30,2026-09-20T06:27:00+05:30
12472,Express,2026-09-19,17,RTM,BMI,40,44,4,47.299999999999955,2,2026-09-20T06:42:00+05:30,2026-09-20T07:26:00+05:30
12472,Express,2026-09-19,18,BMI,MGN,25,30,5,35.5,5,2026-09-20T07:27:00+05:30,2026-09-20T07:57:00+05:30
12472,Express,2026-09-19,19,MGN,DHD,24,30,6,33.200000000000045,10,2026-09-20T07:59:00+05:30,2026-09-20T08:29:00+05:30
12472,Express,2026-09-19,20,DHD,GDA,75,60,-15,73.0,16,2026-09-20T08:31:00+05:30,2026-09-20T09:31:00+05:30
12472,Express,2026-09-19,21,GDA,BRC,53,56,3,73.90000000000009,1,2026-09-20T09:33:00+05:30,2026-09-20T10:29:00+05:30
12472,Express,2026-09-19,22,BRC,BH,58,68,10,70.5,0,2026-09-20T10:35:00+05:30,2026-09-20T11:43:00+05:30
12472,Express,2026-09-19,23,BH,ST,50,39,-11,59.09999999999991,10,2026-09-20T11:45:00+05:30,2026-09-20T12:24:00+05:30
12472,Express,2026-09-19,24,ST,VAPI,63,61,-2,95.10000000000014,0,2026-09-20T12:30:00+05:30,2026-09-20T13:31:00+05:30
12472,Express,2026-09-19,25,VAPI,PLG,48,53,5,81.5,0,2026-09-20T13:35:00+05:30,2026-09-20T14:28:00+05:30
12472,Express,2026-09-19,26,PLG,BVI,52,63,11,57.0,6,2026-09-20T14:31:00+05:30,2026-09-20T15:34:00+05:30
12472,Express,2026-09-19,27,BVI,BDTS,50,27,-23,18.399999999999864,20,2026-09-20T15:40:00+05:30,2026-09-20T16:07:00+05:30
12472,Express,2026-09-23,0,SVDK,MCTM,44,21,-23,24.8,11,2026-09-23T09:51:16+05:30,2026-09-23T10:12:36+05:30
12472,Express,2026-09-23,1,MCTM,JAT,59,54,-5,53.2,8,2026-09-23T10:34:11+05:30,2026-09-23T11:28:40+05:30
12472,Express,2026-09-23,2,JAT,MSKT,65,80,15,76.1,17,2026-09-23T11:52:00+05:30,2026-09-23T13:12:16+05:30
12472,Express,2026-09-23,3,MSKT,PTKC,38,33,-5,23.099999999999994,40,2026-09-23T13:21:45+05:30,2026-09-23T13:54:30+05:30
12472,Express,2026-09-23,4,PTKC,JRC,120,86,-34,112.10000000000002,38,2026-09-23T14:03:22+05:30,2026-09-23T15:29:18+05:30
12472,Express,2026-09-23,5,JRC,PGW,12,13,1,16.5,8,2026-09-23T15:38:09+05:30,2026-09-23T15:51:08+05:30
12472,Express,2026-09-23,6,PGW,LDH,36,30,-6,35.80000000000001,13,2026-09-23T15:56:38+05:30,2026-09-23T16:26:56+05:30
12472,Express,2026-09-23,7,LDH,UMB,115,78,-37,113.59999999999997,15,2026-09-23T16:44:42+05:30,2026-09-23T18:02:19+05:30
12472,Express,2026-09-23,8,UMB,PNP,65,72,7,109.40000000000003,0,2026-09-23T18:35:29+05:30,2026-09-23T19:47:08+05:30
12472,Express,2026-09-23,9,PNP,SZM,58,62,4,85.79999999999995,10,2026-09-23T19:52:00+05:30,2026-09-23T20:53:40+05:30
12474,Express,2026-09-24,0,JAT,MSKT,65,52,-13,76.1,38,2026-09-24T12:12:34+05:30,2026-09-24T13:04:20+05:30
12474,Express,2026-09-24,1,MSKT,PTKC,38,40,2,23.099999999999994,31,2026-09-24T13:13:10+05:30,2026-09-24T13:52:54+05:30
12474,Express,2026-09-24,2,PTKC,JRC,120,83,-37,112.10000000000002,28,2026-09-24T13:52:54+05:30,2026-09-24T15:15:43+05:30
12474,Express,2026-09-24,3,JRC,LDH,50,33,-17,52.30000000000001,10,2026-09-24T15:39:51+05:30,2026-09-24T16:13:07+05:30
12474,Express,2026-09-24,4,LDH,UMB,115,89,-26,113.59999999999997,2,2026-09-24T16:31:32+05:30,2026-09-24T18:00:07+05:30
12474,Express,2026-09-24,5,UMB,PNP,65,67,2,109.40000000000003,6,2026-09-24T18:41:28+05:30,2026-09-24T19:48:43+05:30
12474,Express,2026-09-24,6,PNP,SZM,58,60,2,85.79999999999995,11,2026-09-24T19:52:59+05:30,2026-09-24T20:53:26+05:30
12476,Express,2026-09-21,0,SVDK,MCTM,44,38,-6,24.8,0,2026-09-21T09:40:00+05:30,2026-09-21T10:18:00+05:30
12476,Express,2026-09-21,1,MCTM,JAT,59,65,6,53.2,0,2026-09-21T10:26:00+05:30,2026-09-21T11:31:00+05:30
12476,Express,2026-09-21,2,PTKC,JRC,120,100,-20,112.10000000000002,5,2026-09-21T13:30:00+05:30,2026-09-21T15:10:00+05:30
12476,Express,2026-09-21,3,JRC,LDH,50,53,3,52.30000000000001,0,2026-09-21T15:30:00+05:30,2026-09-21T16:23:00+05:30
12476,Express,2026-09-21,4,LDH,UMB,115,115,0,113.59999999999997,3,2026-09-21T16:33:00+05:30,2026-09-21T18:28:00+05:30
12476,Express,2026-09-21,5,UMB,PNP,65,80,15,109.40000000000003,0,2026-09-21T18:35:00+05:30,2026-09-21T19:55:00+05:30
12476,Express,2026-09-21,6,PNP,SZM,58,70,12,85.79999999999995,15,2026-09-21T19:57:00+05:30,2026-09-21T21:07:00+05:30
12476,Express,2026-09-21,7,SZM,NDLS,43,19,-24,4.0,31,2026-09-21T21:13:00+05:30,2026-09-21T21:32:00+05:30
12476,Express,2026-09-21,8,NDLS,MTJ,100,112,12,141.10000000000002,20,2026-09-21T22:00:00+05:30,2026-09-21T23:52:00+05:30
12476,Express,2026-09-21,9,MTJ,BTE,23,25,2,33.700000000000045,34,2026-09-21T23:59:00+05:30,2026-09-22T00:24:00+05:30
12476,Express,2026-09-21,10,BTE,SWM,103,127,24,183.0,37,2026-09-22T00:27:00+05:30,2026-09-22T02:34:00+05:30
12476,Express,2026-09-21,11,SWM,KOTA,65,65,0,107.89999999999986,62,2026-09-22T02:37:00+05:30,2026-09-22T03:42:00+05:30
12476,Express,2026-09-21,12,KOTA,RMA,43,51,8,72.20000000000005,63,2026-09-22T03:53:00+05:30,2026-09-22T04:44:00+05:30
12476,Express,2026-09-21,13,RMA,BWM,18,20,2,28.100000000000136,71,2026-09-22T04:46:00+05:30,2026-09-22T05:06:00+05:30
12476,Express,2026-09-21,14,BWM,SGZ,23,25,2,33.299999999999955,73,2026-09-22T05:08:00+05:30,2026-09-22T05:33:00+05:30
12476,Express,2026-09-21,15,SGZ,VMA,43,34,-9,51.59999999999991,74,2026-09-22T05:34:00+05:30,2026-09-22T06:08:00+05:30
12476,Express,2026-09-21,16,VMA,NAD,45,27,-18,40.200000000000045,65,2026-09-22T06:10:00+05:30,2026-09-22T06:37:00+05:30
12476,Express,2026-09-21,17,NAD,RTM,38,35,-3,41.299999999999955,48,2026-09-22T06:40:00+05:30,2026-09-22T07:15:00+05:30
12476,Express,2026-09-21,18,RTM,BMI,40,39,-1,47.299999999999955,45,2026-09-22T07:25:00+05:30,2026-09-22T08:04:00+05:30
12476,Express,2026-09-21,19,BMI,MGN,25,31,6,35.5,44,2026-09-22T08:06:00+05:30,2026-09-22T08:37:00+05:30
12476,Express,2026-09-21,20,MGN,DHD,24,25,1,33.200000000000045,50,2026-09-22T08:39:00+05:30,2026-09-22T09:04:00+05:30
12476,Express,2026-09-21,21,DHD,GDA,75,48,-27,73.0,52,2026-09-22T09:07:00+05:30,2026-09-22T09:55:00+05:30
12476,Express,2026-09-21,22,GDA,CYI,41,40,-1,66.20000000000005,27,2026-09-22T09:59:00+05:30,2026-09-22T10:39:00+05:30
12476,Express,2026-09-21,23,CYI,ANND,40,33,-7,32.09999999999991,28,2026-09-22T10:46:00+05:30,2026-09-22T11:19:00+05:30
12476,Express,2026-09-21,24,ANND,ND,14,16,2,18.40000000000009,21,2026-09-22T11:21:00+05:30,2026-09-22T11:37:00+05:30
12476,Express,2026-09-21,25,ND,ADI,49,39,-10,45.799999999999955,23,2026-09-22T11:39:00+05:30,2026-09-22T12:18:00+05:30
12476,Express,2026-09-21,26,ADI,VG,67,70,3,69.0,13,2026-09-22T12:28:00+05:30,2026-09-22T13:38:00+05:30
12476,Express,2026-09-21,27,VG,SUNR,67,48,-19,65.60000000000014,17,2026-09-22T13:41:00+05:30,2026-09-22T14:29:00+05:30
12476,Express,2026-09-21,28,SUNR,WKR,54,63,9,74.09999999999991,2,2026-09-22T14:35:00+05:30,2026-09-22T15:38:00+05:30
12476,Express,2026-09-21,29,WKR,RJT,46,41,-5,41.0,11,2026-09-22T15:40:00+05:30,2026-09-22T16:21:00+05:30
12476,Express,2026-09-21,30,RJT,HAPA,125,98,-27,75.80000000000018,7,2026-09-22T16:32:00+05:30,2026-09-22T18:10:00+05:30
12477,Express,2026-09-23,0,JAM,HAPA,14,4,-10,8.6,8,2026-09-23T08:37:59+05:30,2026-09-23T08:42:14+05:30
12477,Express,2026-09-23,1,HAPA,RJT,74,55,-19,76.0,6,2026-09-23T08:51:34+05:30,2026-09-23T09:46:07+05:30
12477,Express,2026-09-23,2,RJT,WKR,38,36,-2,40.900000000000006,5,2026-09-23T10:09:34+05:30,2026-09-23T10:45:24+05:30
12477,Express,2026-09-23,3,WKR,SUNR,62,59,-3,74.1,3,2026-09-23T10:48:28+05:30,2026-09-23T11:47:32+05:30
12477,Express,2026-09-23,4,VG,ADI,73,73,0,65.0,6,2026-09-23T13:02:48+05:30,2026-09-23T14:16:13+05:30
12477,Express,2026-09-23,5,ADI,ND,59,29,-30,49.80000000000001,21,2026-09-23T14:40:38+05:30,2026-09-23T15:09:23+05:30
12477,Express,2026-09-23,6,ND,ANND,22,28,6,18.399999999999977,3,2026-09-23T15:24:19+05:30,2026-09-23T15:52:22+05:30
12477,Express,2026-09-23,7,ANND,CYI,37,31,-6,32.10000000000002,12,2026-09-23T15:56:38+05:30,2026-09-23T16:27:22+05:30
12477,Express,2026-09-23,8,CYI,GDA,45,44,-1,66.19999999999999,9,2026-09-23T16:36:07+05:30,2026-09-23T17:19:45+05:30
12477,Express,2026-09-23,9,GDA,DHD,46,47,1,73.00000000000006,10,2026-09-23T17:24:21+05:30,2026-09-23T18:11:43+05:30
12477,Express,2026-09-23,10,DHD,MGN,24,24,0,33.19999999999993,13,2026-09-23T18:15:18+05:30,2026-09-23T18:39:12+05:30
12477,Express,2026-09-23,11,MGN,BMI,32,26,-6,35.5,15,2026-09-23T18:43:20+05:30,2026-09-23T19:08:52+05:30
12477,Express,2026-09-23,12,BMI,RTM,43,37,-6,44.80000000000007,16,2026-09-23T19:18:17+05:30,2026-09-23T19:55:11+05:30
12477,Express,2026-09-23,13,RTM,NAD,51,30,-21,43.799999999999955,17,2026-09-23T20:12:14+05:30,2026-09-23T20:42:12+05:30
12477,Express,2026-09-23,14,NAD,VMA,25,28,3,40.200000000000045,5,2026-09-23T20:52:52+05:30,2026-09-23T21:20:58+05:30
12477,Express,2026-09-23,15,VMA,BWM,48,44,-4,84.79999999999995,14,2026-09-23T21:28:31+05:30,2026-09-23T22:12:23+05:30
12477,Express,2026-09-23,16,BWM,RMA,18,16,-2,28.200000000000045,12,2026-09-23T22:16:44+05:30,2026-09-23T22:32:27+05:30
12477,Express,2026-09-23,17,RMA,KOTA,50,64,14,72.19999999999993,12,2026-09-23T22:36:46+05:30,2026-09-23T23:40:50+05:30
12484,Express,2026-09-20,0,ASR,BEAS,28,27,-1,42.3,29,2026-09-20T06:24:18+05:30,2026-09-20T06:51:06+05:30
12484,Express,2026-09-20,1,BEAS,JUC,37,33,-4,36.2,34,2026-09-20T06:58:37+05:30,2026-09-20T07:31:22+05:30
12484,Express,2026-09-20,2,JUC,LDH,55,46,-9,57.0,31,2026-09-20T07:37:52+05:30,2026-09-20T08:23:51+05:30
12484,Express,2026-09-20,3,LDH,UMB,108,83,-25,113.6,28,2026-09-20T08:39:30+05:30,2026-09-20T10:02:36+05:30
12484,Express,2026-09-20,4,UMB,NDLS,155,177,22,199.20000000000002,0,2026-09-20T10:20:08+05:30,2026-09-20T13:17:33+05:30
12484,Express,2026-09-20,5,NZM,KOTA,282,296,14,458.5,38,2026-09-20T14:01:07+05:30,2026-09-20T18:56:45+05:30
12484,Express,2026-09-20,6,KOTA,RTM,195,155,-40,266.70000000000005,56,2026-09-20T19:10:54+05:30,2026-09-20T21:45:46+05:30
12484,Express,2026-09-20,7,BRC,ST,97,78,-19,129.60000000000014,16,2026-09-21T01:39:18+05:30,2026-09-21T02:57:14+05:30
12484,Express,2026-09-20,8,ST,BSR,170,175,5,216.0999999999999,6,2026-09-21T03:11:01+05:30,2026-09-21T06:06:01+05:30
12484,Express,2026-09-20,9,BSR,PNVL,87,75,-12,72.10000000000014,17,2026-09-21T06:17:23+05:30,2026-09-21T07:32:01+05:30
12484,Express,2026-09-20,10,PNVL,CHI,240,336,96,202.5999999999999,16,2026-09-21T07:45:42+05:30,2026-09-21T13:21:37+05:30
12484,Express,2026-09-20,11,CHI,RN,108,127,19,75.59999999999991,119,2026-09-21T13:31:16+05:30,2026-09-21T15:38:03+05:30
12484,Express,2026-09-20,12,RN,MAO,300,287,-13,236.20000000000027,148,2026-09-21T15:52:36+05:30,2026-09-21T20:39:41+05:30
12493,Express,2026-09-20,0,MRJ,SLI,12,18,6,7.5,1,2026-09-20T05:26:00+05:30,2026-09-20T05:44:00+05:30
12493,Express,2026-09-20,1,SLI,KRD,57,62,5,67.9,7,2026-09-20T05:47:00+05:30,2026-09-20T06:49:00+05:30
12493,Express,2026-09-20,2,KRD,STR,57,61,4,58.69999999999999,13,2026-09-20T06:53:00+05:30,2026-09-20T07:54:00+05:30
12493,Express,2026-09-20,3,STR,JJR,93,93,0,87.5,17,2026-09-20T07:57:00+05:30,2026-09-20T09:30:00+05:30
12493,Express,2026-09-20,4,JJR,PUNE,105,101,-4,58.00000000000003,17,2026-09-20T09:32:00+05:30,2026-09-20T11:13:00+05:30
12493,Express,2026-09-20,5,PUNE,LNL,58,51,-7,63.69999999999999,15,2026-09-20T11:20:00+05:30,2026-09-20T12:11:00+05:30
12493,Express,2026-09-20,6,LNL,KYN,77,111,34,75.0,8,2026-09-20T12:13:00+05:30,2026-09-20T14:04:00+05:30
12493,Express,2026-09-20,7,KYN,BSR,55,44,-11,43.5,41,2026-09-20T14:06:00+05:30,2026-09-20T14:50:00+05:30
12493,Express,2026-09-20,8,BSR,VAPI,73,82,9,120.99999999999994,37,2026-09-20T15:02:00+05:30,2026-09-20T16:24:00+05:30
12493,Express,2026-09-20,9,VAPI,ST,72,70,-2,95.0,48,2026-09-20T16:28:00+05:30,2026-09-20T17:38:00+05:30
12493,Express,2026-09-20,10,ST,BRC,90,96,6,129.70000000000005,46,2026-09-20T17:41:00+05:30,2026-09-20T19:17:00+05:30
12493,Express,2026-09-20,11,BRC,RTM,200,202,2,260.4000000000001,50,2026-09-20T19:25:00+05:30,2026-09-20T22:47:00+05:30
12493,Express,2026-09-20,12,RTM,KOTA,175,170,-5,269.1999999999998,54,2026-09-20T22:54:00+05:30,2026-09-21T01:44:00+05:30
12493,Express,2026-09-20,13,KOTA,NZM,355,335,-20,458.4000000000001,50,2026-09-21T01:55:00+05:30,2026-09-21T07:30:00+05:30
12494,Express,2026-09-18,0,NZM,KOTA,280,315,35,458.4,9,2026-09-18T21:49:00+05:30,2026-09-19T03:04:00+05:30
12494,Express,2026-09-18,1,KOTA,RTM,200,163,-37,266.80000000000007,44,2026-09-19T03:14:00+05:30,2026-09-19T05:57:00+05:30
12494,Express,2026-09-18,2,RTM,BRC,207,212,5,262.79999999999995,9,2026-09-19T06:04:00+05:30,2026-09-19T09:36:00+05:30
12494,Express,2026-09-18,3,BRC,ST,105,85,-20,129.70000000000005,13,2026-09-19T09:45:00+05:30,2026-09-19T11:10:00+05:30
12494,Express,2026-09-18,4,ST,VAPI,61,83,22,95.0,0,2026-09-19T11:22:00+05:30,2026-09-19T12:45:00+05:30
12494,Express,2026-09-18,5,VAPI,BSR,100,92,-8,121.0,22,2026-09-19T12:47:00+05:30,2026-09-19T14:19:00+05:30
12494,Express,2026-09-18,6,BSR,KYN,67,60,-7,43.399999999999864,15,2026-09-19T14:25:00+05:30,2026-09-19T15:25:00+05:30
12494,Express,2026-09-18,7,KYN,LNL,98,103,5,73.60000000000014,9,2026-09-19T15:29:00+05:30,2026-09-19T17:12:00+05:30
12494,Express,2026-09-18,8,LNL,PUNE,90,90,0,63.799999999999955,15,2026-09-19T17:15:00+05:30,2026-09-19T18:45:00+05:30
12494,Express,2026-09-18,9,PUNE,JJR,68,60,-8,58.0,20,2026-09-19T19:00:00+05:30,2026-09-19T20:00:00+05:30
12494,Express,2026-09-18,10,JJR,STR,112,91,-21,87.40000000000009,13,2026-09-19T20:03:00+05:30,2026-09-19T21:34:00+05:30
12494,Express,2026-09-18,11,STR,KRD,52,50,-2,58.799999999999955,0,2026-09-19T21:45:00+05:30,2026-09-19T22:35:00+05:30
12494,Express,2026-09-18,12,KRD,SLI,72,60,-12,67.89999999999986,0,2026-09-19T22:40:00+05:30,2026-09-19T23:40:00+05:30
12494,Express,2026-09-18,13,SLI,MRJ,45,21,-24,7.5,0,2026-09-19T23:55:00+05:30,2026-09-20T00:16:00+05:30
12903,Express,2026-09-17,0,BDTS,BVI,30,46,16,18.4,1,2026-09-17T18:46:00+05:30,2026-09-17T19:32:00+05:30
12903,Express,2026-09-17,1,BVI,ST,161,166,5,233.6,17,2026-09-17T19:35:00+05:30,2026-09-17T22:21:00+05:30
12903,Express,2026-09-17,2,ST,BRC,90,78,-12,129.60000000000002,23,2026-09-17T22:27:00+05:30,2026-09-17T23:45:00+05:30
12903,Express,2026-09-17,3,BRC,GDA,65,58,-7,73.89999999999998,8,2026-09-17T23:52:00+05:30,2026-09-18T00:50:00+05:30
12903,Express,2026-09-17,4,GDA,DHD,47,49,2,73.10000000000002,1,2026-09-18T00:52:00+05:30,2026-09-18T01:41:00+05:30
12903,Express,2026-09-17,5,DHD,MGN,24,25,1,33.10000000000002,3,2026-09-18T01:43:00+05:30,2026-09-18T02:08:00+05:30
12903,Express,2026-09-17,6,MGN,RTM,84,64,-20,80.29999999999995,4,2026-09-18T02:10:00+05:30,2026-09-18T03:14:00+05:30
12903,Express,2026-09-17,7,RTM,NAD,48,45,-3,43.89999999999998,0,2026-09-18T03:35:00+05:30,2026-09-18T04:20:00+05:30
12903,Express,2026-09-17,8,NAD,SGZ,55,61,6,91.70000000000005,1,2026-09-18T04:29:00+05:30,2026-09-18T05:30:00+05:30
12903,Express,2026-09-17,9,SGZ,BWM,23,21,-2,33.299999999999955,6,2026-09-18T05:31:00+05:30,2026-09-18T05:52:00+05:30
12903,Express,2026-09-17,10,BWM,RMA,18,19,1,28.100000000000023,4,2026-09-18T05:54:00+05:30,2026-09-18T06:13:00+05:30
12903,Express,2026-09-17,11,RMA,KOTA,55,46,-9,72.29999999999995,5,2026-09-18T06:15:00+05:30,2026-09-18T07:01:00+05:30
12903,Express,2026-09-17,12,KOTA,SWM,70,70,0,107.80000000000007,7,2026-09-18T07:22:00+05:30,2026-09-18T08:32:00+05:30
12903,Express,2026-09-17,13,SWM,GGC,40,45,5,63.80000000000007,4,2026-09-18T08:34:00+05:30,2026-09-18T09:19:00+05:30
12903,Express,2026-09-17,14,GGC,SMVJ,23,30,7,34.299999999999955,9,2026-09-18T09:24:00+05:30,2026-09-18T09:54:00+05:30
12903,Express,2026-09-17,15,SMVJ,HAN,13,11,-2,10.099999999999909,16,2026-09-18T09:56:00+05:30,2026-09-18T10:07:00+05:30
12903,Express,2026-09-17,16,HAN,BXN,28,28,0,32.90000000000009,14,2026-09-18T10:09:00+05:30,2026-09-18T10:37:00+05:30
12903,Express,2026-09-17,17,BXN,BTE,28,26,-2,41.899999999999864,14,2026-09-18T10:39:00+05:30,2026-09-18T11:05:00+05:30
12903,Express,2026-09-17,18,BTE,MTJ,45,33,-12,33.600000000000136,12,2026-09-18T11:07:00+05:30,2026-09-18T11:40:00+05:30
12903,Express,2026-09-17,19,MTJ,FDB,90,81,-9,113.0,0,2026-09-18T11:45:00+05:30,2026-09-18T13:06:00+05:30
12903,Express,2026-09-17,20,FDB,NZM,33,36,3,20.899999999999864,0,2026-09-18T13:17:00+05:30,2026-09-18T13:53:00+05:30
12903,Express,2026-09-17,21,NZM,GZB,38,44,6,27.100000000000136,1,2026-09-18T14:06:00+05:30,2026-09-18T14:50:00+05:30
12903,Express,2026-09-17,22,GZB,MTC,40,59,19,47.200000000000045,11,2026-09-18T14:56:00+05:30,2026-09-18T15:55:00+05:30
12903,Express,2026-09-17,23,MTC,MUT,5,11,6,4.2999999999999545,28,2026-09-18T15:58:00+05:30,2026-09-18T16:09:00+05:30
12903,Express,2026-09-17,24,MUT,SKF,16,18,2,19.899999999999864,34,2026-09-18T16:11:00+05:30,2026-09-18T16:29:00+05:30
12903,Express,2026-09-17,25,SKF,MOZ,23,29,6,31.40000000000009,36,2026-09-18T16:31:00+05:30,2026-09-18T17:00:00+05:30
12903,Express,2026-09-17,26,MOZ,SRE,72,59,-13,58.200000000000045,43,2026-09-18T17:03:00+05:30,2026-09-18T18:02:00+05:30
12903,Express,2026-09-17,27,SRE,YJUD,26,33,7,30.200000000000045,33,2026-09-18T18:13:00+05:30,2026-09-18T18:46:00+05:30
12903,Express,2026-09-17,28,YJUD,UMB,57,38,-19,50.899999999999864,40,2026-09-18T18:48:00+05:30,2026-09-18T19:26:00+05:30
12903,Express,2026-09-17,29,UMB,LDH,93,78,-15,113.60000000000014,24,2026-09-18T19:34:00+05:30,2026-09-18T20:52:00+05:30
12903,Express,2026-09-17,30,LDH,JUC,77,73,-4,57.0,8,2026-09-18T21:01:00+05:30,2026-09-18T22:14:00+05:30
12903,Express,2026-09-17,31,JUC,BEAS,30,27,-3,36.19999999999982,6,2026-09-18T22:21:00+05:30,2026-09-18T22:48:00+05:30
12903,Express,2026-09-17,32,BEAS,ASR,58,65,7,42.30000000000018,4,2026-09-18T22:51:00+05:30,2026-09-18T23:56:00+05:30
12903,Express,2026-09-18,0,BDTS,BVI,30,41,11,18.4,0,2026-09-18T18:45:00+05:30,2026-09-18T19:26:00+05:30
12903,Express,2026-09-18,1,BVI,ST,161,149,-12,233.6,15,2026-09-18T19:33:00+05:30,2026-09-18T22:02:00+05:30
12903,Express,2026-09-18,2,ST,BRC,90,97,7,129.60000000000002,4,2026-09-18T22:08:00+05:30,2026-09-18T23:45:00+05:30
12903,Express,2026-09-18,3,BRC,GDA,65,63,-2,73.89999999999998,8,2026-09-18T23:52:00+05:30,2026-09-19T00:55:00+05:30
12903,Express,2026-09-18,4,GDA,DHD,47,56,9,73.10000000000002,6,2026-09-19T00:57:00+05:30,2026-09-19T01:53:00+05:30
12903,Express,2026-09-18,5,DHD,MGN,24,30,6,33.10000000000002,15,2026-09-19T01:55:00+05:30,2026-09-19T02:25:00+05:30
12903,Express,2026-09-18,6,MGN,RTM,84,69,-15,80.29999999999995,21,2026-09-19T02:27:00+05:30,2026-09-19T03:36:00+05:30
12903,Express,2026-09-18,7,RTM,NAD,48,45,-3,43.89999999999998,9,2026-09-19T03:44:00+05:30,2026-09-19T04:29:00+05:30
12903,Express,2026-09-18,8,NAD,SGZ,55,68,13,91.70000000000005,3,2026-09-19T04:31:00+05:30,2026-09-19T05:39:00+05:30
12903,Express,2026-09-18,9,SGZ,BWM,23,22,-1,33.299999999999955,23,2026-09-19T05:48:00+05:30,2026-09-19T06:10:00+05:30
12903,Express,2026-09-18,10,BWM,RMA,18,19,1,28.100000000000023,23,2026-09-19T06:13:00+05:30,2026-09-19T06:32:00+05:30
12903,Express,2026-09-18,11,RMA,KOTA,55,46,-9,72.29999999999995,24,2026-09-19T06:34:00+05:30,2026-09-19T07:20:00+05:30
12903,Express,2026-09-18,12,KOTA,SWM,70,68,-2,107.80000000000007,16,2026-09-19T07:31:00+05:30,2026-09-19T08:39:00+05:30
12903,Express,2026-09-18,13,SWM,GGC,40,46,6,63.80000000000007,12,2026-09-19T08:42:00+05:30,2026-09-19T09:28:00+05:30
12903,Express,2026-09-18,14,GGC,SMVJ,23,23,0,34.299999999999955,19,2026-09-19T09:34:00+05:30,2026-09-19T09:57:00+05:30
12903,Express,2026-09-18,15,SMVJ,HAN,13,12,-1,10.099999999999909,18,2026-09-19T09:58:00+05:30,2026-09-19T10:10:00+05:30
12903,Express,2026-09-18,16,HAN,BXN,28,27,-1,32.90000000000009,16,2026-09-19T10:11:00+05:30,2026-09-19T10:38:00+05:30
12903,Express,2026-09-18,17,BXN,BTE,28,25,-3,41.899999999999864,16,2026-09-19T10:41:00+05:30,2026-09-19T11:06:00+05:30
12903,Express,2026-09-18,18,BTE,MTJ,45,34,-11,33.600000000000136,13,2026-09-19T11:08:00+05:30,2026-09-19T11:42:00+05:30
12903,Express,2026-09-18,19,MTJ,FDB,90,159,69,113.0,6,2026-09-19T11:51:00+05:30,2026-09-19T14:30:00+05:30
12903,Express,2026-09-18,20,FDB,NZM,33,33,0,20.899999999999864,76,2026-09-19T14:33:00+05:30,2026-09-19T15:06:00+05:30
12903,Express,2026-09-18,21,NZM,GZB,38,97,59,27.100000000000136,73,2026-09-19T15:18:00+05:30,2026-09-19T16:55:00+05:30
12903,Express,2026-09-18,22,GZB,MTC,40,60,20,47.200000000000045,132,2026-09-19T16:57:00+05:30,2026-09-19T17:57:00+05:30
12903,Express,2026-09-18,23,MTC,MUT,5,10,5,4.2999999999999545,150,2026-09-19T18:00:00+05:30,2026-09-19T18:10:00+05:30
12903,Express,2026-09-18,24,MUT,SKF,16,17,1,19.899999999999864,155,2026-09-19T18:12:00+05:30,2026-09-19T18:29:00+05:30
12903,Express,2026-09-18,25,SKF,MOZ,23,30,7,31.40000000000009,155,2026-09-19T18:30:00+05:30,2026-09-19T19:00:00+05:30
12903,Express,2026-09-18,26,MOZ,SRE,72,101,29,58.200000000000045,163,2026-09-19T19:03:00+05:30,2026-09-19T20:44:00+05:30
12903,Express,2026-09-18,27,SRE,YJUD,26,29,3,30.200000000000045,197,2026-09-19T20:57:00+05:30,2026-09-19T21:26:00+05:30
12903,Express,2026-09-18,28,YJUD,UMB,57,46,-11,50.899999999999864,200,2026-09-19T21:28:00+05:30,2026-09-19T22:14:00+05:30
12903,Express,2026-09-18,29,UMB,LDH,93,89,-4,113.60000000000014,193,2026-09-19T22:23:00+05:30,2026-09-19T23:52:00+05:30
12903,Express,2026-09-18,30,LDH,JUC,77,79,2,57.0,193,2026-09-20T00:06:00+05:30,2026-09-20T01:25:00+05:30
12903,Express,2026-09-18,31,JUC,BEAS,30,27,-3,36.19999999999982,194,2026-09-20T01:29:00+05:30,2026-09-20T01:56:00+05:30
12903,Express,2026-09-18,32,BEAS,ASR,58,62,4,42.30000000000018,191,2026-09-20T01:58:00+05:30,2026-09-20T03:00:00+05:30
12903,Express,2026-09-19,0,BDTS,BVI,30,32,2,18.4,10,2026-09-19T18:54:55+05:30,2026-09-19T19:26:33+05:30
12903,Express,2026-09-19,1,BVI,ST,161,151,-10,233.6,20,2026-09-19T19:38:23+05:30,2026-09-19T22:09:30+05:30
12903,Express,2026-09-19,2,ST,BRC,90,82,-8,129.60000000000002,18,2026-09-19T22:21:31+05:30,2026-09-19T23:43:35+05:30
12903,Express,2026-09-19,3,BRC,GDA,65,54,-11,73.89999999999998,19,2026-09-20T00:03:05+05:30,2026-09-20T00:56:58+05:30
12903,Express,2026-09-19,4,GDA,DHD,47,44,-3,73.10000000000002,13,2026-09-20T01:04:29+05:30,2026-09-20T01:48:20+05:30
12903,Express,2026-09-19,5,DHD,MGN,24,26,2,33.10000000000002,15,2026-09-20T01:54:40+05:30,2026-09-20T02:20:32+05:30
12903,Express,2026-09-19,6,MGN,RTM,84,76,-8,80.29999999999995,20,2026-09-20T02:25:34+05:30,2026-09-20T03:41:16+05:30
12903,Express,2026-09-19,7,RTM,NAD,48,37,-11,43.89999999999998,12,2026-09-20T03:46:59+05:30,2026-09-20T04:24:21+05:30
12903,Express,2026-09-19,8,NAD,SGZ,55,56,1,91.70000000000005,2,2026-09-20T04:30:02+05:30,2026-09-20T05:26:20+05:30
12903,Express,2026-09-19,9,SGZ,BWM,23,18,-5,33.299999999999955,9,2026-09-20T05:33:30+05:30,2026-09-20T05:51:12+05:30
12903,Express,2026-09-19,10,BWM,RMA,18,13,-5,28.100000000000023,5,2026-09-20T05:54:56+05:30,2026-09-20T06:08:04+05:30
12903,Express,2026-09-19,11,RMA,KOTA,55,42,-13,72.29999999999995,2,2026-09-20T06:11:54+05:30,2026-09-20T06:54:23+05:30
12903,Express,2026-09-19,12,SWM,GGC,40,39,-1,63.80000000000007,0,2026-09-20T08:30:00+05:30,2026-09-20T09:09:21+05:30
12903,Express,2026-09-19,13,GGC,SMVJ,23,15,-8,34.299999999999955,8,2026-09-20T09:22:46+05:30,2026-09-20T09:37:18+05:30
12903,Express,2026-09-19,14,SMVJ,HAN,13,8,-5,10.099999999999909,4,2026-09-20T09:44:23+05:30,2026-09-20T09:52:24+05:30
12903,Express,2026-09-19,15,HAN,BXN,28,24,-4,32.90000000000009,6,2026-09-20T10:01:04+05:30,2026-09-20T10:24:45+05:30
12903,Express,2026-09-19,16,BXN,BTE,28,26,-2,41.899999999999864,5,2026-09-20T10:29:55+05:30,2026-09-20T10:56:12+05:30
12903,Express,2026-09-19,17,BTE,MTJ,45,39,-6,33.600000000000136,6,2026-09-20T11:00:49+05:30,2026-09-20T11:39:25+05:30
12903,Express,2026-09-19,18,MTJ,FDB,90,95,5,113.0,9,2026-09-20T11:54:05+05:30,2026-09-20T13:28:49+05:30
12903,Express,2026-09-19,19,FDB,NZM,33,42,9,20.899999999999864,20,2026-09-20T13:36:46+05:30,2026-09-20T14:19:06+05:30
12903,Express,2026-09-19,20,NZM,GZB,38,56,18,27.100000000000136,37,2026-09-20T14:42:14+05:30,2026-09-20T15:37:50+05:30
12903,Express,2026-09-19,21,GZB,MTC,40,63,23,47.200000000000045,69,2026-09-20T15:54:03+05:30,2026-09-20T16:57:01+05:30
12903,Express,2026-09-19,22,MTC,MUT,5,4,-1,4.2999999999999545,92,2026-09-20T17:02:29+05:30,2026-09-20T17:06:15+05:30
12903,Express,2026-09-19,23,MUT,SKF,16,11,-5,19.899999999999864,98,2026-09-20T17:14:38+05:30,2026-09-20T17:25:43+05:30
12903,Express,2026-09-19,24,SKF,MOZ,23,22,-1,31.40000000000009,103,2026-09-20T17:37:33+05:30,2026-09-20T17:59:43+05:30
12903,Express,2026-09-20,0,BVI,ST,161,143,-18,233.6,18,2026-09-20T19:36:28+05:30,2026-09-20T21:59:23+05:30
12903,Express,2026-09-20,1,ST,BRC,90,107,17,129.60000000000002,5,2026-09-20T22:08:59+05:30,2026-09-20T23:56:26+05:30
12903,Express,2026-09-20,2,BRC,GDA,65,61,-4,73.89999999999998,21,2026-09-21T00:05:18+05:30,2026-09-21T01:06:44+05:30
12903,Express,2026-09-20,3,GDA,DHD,47,40,-7,73.10000000000002,20,2026-09-21T01:10:39+05:30,2026-09-21T01:50:40+05:30
12903,Express,2026-09-20,4,DHD,MGN,24,26,2,33.10000000000002,18,2026-09-21T01:57:52+05:30,2026-09-21T02:23:31+05:30
12903,Express,2026-09-20,5,MGN,RTM,84,59,-25,80.29999999999995,20,2026-09-21T02:26:10+05:30,2026-09-21T03:25:08+05:30
12903,Express,2026-09-20,6,RTM,NAD,48,36,-12,43.89999999999998,8,2026-09-21T03:42:50+05:30,2026-09-21T04:18:56+05:30
12903,Express,2026-09-20,7,NAD,SGZ,55,62,7,91.70000000000005,1,2026-09-21T04:29:19+05:30,2026-09-21T05:31:37+05:30
12903,Express,2026-09-20,8,SGZ,BWM,23,17,-6,33.299999999999955,17,2026-09-21T05:42:06+05:30,2026-09-21T05:59:24+05:30
12903,Express,2026-09-20,9,BWM,RMA,18,20,2,28.100000000000023,16,2026-09-21T06:05:33+05:30,2026-09-21T06:25:33+05:30
12903,Express,2026-09-20,10,RMA,KOTA,55,48,-7,72.29999999999995,18,2026-09-21T06:28:16+05:30,2026-09-21T07:16:04+05:30
12903,Express,2026-09-20,11,SWM,GGC,40,52,12,63.80000000000007,12,2026-09-21T08:41:51+05:30,2026-09-21T09:34:16+05:30
12903,Express,2026-09-20,12,GGC,SMVJ,23,28,5,34.299999999999955,24,2026-09-21T09:38:52+05:30,2026-09-21T10:06:27+05:30
12903,Express,2026-09-20,13,SMVJ,HAN,13,6,-7,10.099999999999909,26,2026-09-21T10:06:27+05:30,2026-09-21T10:12:09+05:30
12903,Express,2026-09-20,14,HAN,BXN,28,22,-6,32.90000000000009,25,2026-09-21T10:19:43+05:30,2026-09-21T10:42:00+05:30
12903,Express,2026-09-20,15,BXN,BTE,28,28,0,41.899999999999864,24,2026-09-21T10:48:32+05:30,2026-09-21T11:16:23+05:30
12903,Express,2026-09-20,16,BTE,MTJ,45,26,-19,33.600000000000136,25,2026-09-21T11:19:50+05:30,2026-09-21T11:45:48+05:30
12903,Express,2026-09-20,17,MTJ,FDB,90,91,1,113.0,15,2026-09-21T11:59:33+05:30,2026-09-21T13:30:20+05:30
12903,Express,2026-09-20,18,FDB,NZM,33,31,-2,20.899999999999864,18,2026-09-21T13:34:59+05:30,2026-09-21T14:06:09+05:30
12903,Express,2026-09-20,19,NZM,GZB,38,40,2,27.100000000000136,19,2026-09-21T14:23:49+05:30,2026-09-21T15:03:49+05:30
12903,Express,2026-09-20,20,GZB,MTC,40,45,5,47.200000000000045,31,2026-09-21T15:16:20+05:30,2026-09-21T16:00:56+05:30
12903,Express,2026-09-20,21,MTC,MUT,5,5,0,4.2999999999999545,37,2026-09-21T16:06:50+05:30,2026-09-21T16:12:18+05:30
12903,Express,2026-09-20,22,MUT,SKF,16,16,0,19.899999999999864,40,2026-09-21T16:17:22+05:30,2026-09-21T16:33:28+05:30
12903,Express,2026-09-20,23,SKF,MOZ,23,24,1,31.40000000000009,44,2026-09-21T16:39:07+05:30,2026-09-21T17:03:19+05:30
12903,Express,2026-09-20,24,MOZ,SRE,72,44,-28,58.200000000000045,53,2026-09-21T17:12:35+05:30,2026-09-21T17:56:25+05:30
12903,Express,2026-09-20,25,SRE,YJUD,26,35,9,30.200000000000045,20,2026-09-21T17:59:39+05:30,2026-09-21T18:34:47+05:30
12903,Express,2026-09-20,26,YJUD,UMB,57,49,-8,50.899999999999864,34,2026-09-21T18:41:45+05:30,2026-09-21T19:30:50+05:30
12903,Express,2026-09-20,27,UMB,LDH,93,84,-9,113.60000000000014,28,2026-09-21T19:38:16+05:30,2026-09-21T21:02:13+05:30
12903,Express,2026-09-20,28,LDH,JUC,77,57,-20,57.0,19,2026-09-21T21:11:54+05:30,2026-09-21T22:08:35+05:30
12903,Express,2026-09-20,29,JUC,BEAS,30,29,-1,36.19999999999982,2,2026-09-21T22:17:19+05:30,2026-09-21T22:46:18+05:30
12903,Express,2026-09-21,0,BDTS,BVI,30,33,3,18.4,6,2026-09-21T18:51:08+05:30,2026-09-21T19:24:25+05:30
12903,Express,2026-09-21,1,BVI,ST,161,172,11,233.6,18,2026-09-21T19:36:07+05:30,2026-09-21T22:27:40+05:30
12903,Express,2026-09-21,2,ST,BRC,90,80,-10,129.60000000000002,36,2026-09-21T22:39:48+05:30,2026-09-21T23:59:29+05:30
12903,Express,2026-09-21,3,BRC,GDA,65,53,-12,73.89999999999998,33,2026-09-22T00:17:26+05:30,2026-09-22T01:10:24+05:30
12903,Express,2026-09-21,4,GDA,DHD,47,50,3,73.10000000000002,27,2026-09-22T01:17:40+05:30,2026-09-22T02:07:45+05:30
12903,Express,2026-09-21,5,DHD,MGN,24,24,0,33.10000000000002,33,2026-09-22T02:12:32+05:30,2026-09-22T02:36:27+05:30
12903,Express,2026-09-21,6,MGN,RTM,84,70,-14,80.29999999999995,35,2026-09-22T02:41:00+05:30,2026-09-22T03:50:52+05:30
12903,Express,2026-09-21,7,RTM,NAD,48,26,-22,43.89999999999998,31,2026-09-22T04:06:11+05:30,2026-09-22T04:32:00+05:30
12903,Express,2026-09-21,8,NAD,SGZ,55,65,10,91.70000000000005,15,2026-09-22T04:43:05+05:30,2026-09-22T05:47:57+05:30
12903,Express,2026-09-21,9,SGZ,BWM,23,18,-5,33.299999999999955,37,2026-09-22T06:01:36+05:30,2026-09-22T06:19:29+05:30
12903,Express,2026-09-21,10,BWM,RMA,18,13,-5,28.100000000000023,35,2026-09-22T06:25:06+05:30,2026-09-22T06:38:10+05:30
12903,Express,2026-09-21,11,RMA,KOTA,55,34,-21,72.29999999999995,36,2026-09-22T06:46:23+05:30,2026-09-22T07:20:45+05:30
12903,Express,2026-09-21,12,KOTA,SWM,70,62,-8,107.80000000000007,28,2026-09-22T07:42:59+05:30,2026-09-22T08:45:05+05:30
12903,Express,2026-09-21,13,SWM,GGC,40,41,1,63.80000000000007,23,2026-09-22T08:52:59+05:30,2026-09-22T09:33:43+05:30
12903,Express,2026-09-21,14,GGC,SMVJ,23,21,-2,34.299999999999955,26,2026-09-22T09:41:12+05:30,2026-09-22T10:02:25+05:30
12903,Express,2026-09-21,15,SMVJ,HAN,13,11,-2,10.099999999999909,26,2026-09-22T10:05:44+05:30,2026-09-22T10:16:19+05:30
12903,Express,2026-09-21,16,HAN,BXN,28,23,-5,32.90000000000009,27,2026-09-22T10:21:54+05:30,2026-09-22T10:44:46+05:30
12903,Express,2026-09-21,17,BXN,BTE,28,28,0,41.899999999999864,26,2026-09-22T10:50:30+05:30,2026-09-22T11:18:08+05:30
12903,Express,2026-09-21,18,BTE,MTJ,45,23,-22,33.600000000000136,25,2026-09-22T11:19:32+05:30,2026-09-22T11:42:22+05:30
12903,Express,2026-09-21,19,MTJ,FDB,90,83,-7,113.0,15,2026-09-22T11:59:37+05:30,2026-09-22T13:22:48+05:30
12903,Express,2026-09-21,20,FDB,NZM,33,28,-5,20.899999999999864,14,2026-09-22T13:31:26+05:30,2026-09-22T13:58:58+05:30
12903,Express,2026-09-21,21,NZM,GZB,38,32,-6,27.100000000000136,27,2026-09-22T14:31:39+05:30,2026-09-22T15:04:00+05:30
12903,Express,2026-09-21,22,GZB,MTC,40,35,-5,47.200000000000045,55,2026-09-22T15:39:37+05:30,2026-09-22T16:14:57+05:30
12903,Express,2026-09-21,23,MTC,MUT,5,1,-4,4.2999999999999545,58,2026-09-22T16:27:32+05:30,2026-09-22T16:28:17+05:30
12903,Express,2026-09-21,24,MUT,SKF,16,13,-3,19.899999999999864,60,2026-09-22T16:36:34+05:30,2026-09-22T16:49:20+05:30
12903,Express,2026-09-21,25,SKF,MOZ,23,27,4,31.40000000000009,80,2026-09-22T17:14:59+05:30,2026-09-22T17:42:24+05:30
12903,Express,2026-09-21,26,MOZ,SRE,72,46,-26,58.200000000000045,87,2026-09-22T17:47:22+05:30,2026-09-22T18:32:55+05:30
12903,Express,2026-09-21,27,SRE,YJUD,26,23,-3,30.200000000000045,62,2026-09-22T18:41:45+05:30,2026-09-22T19:04:22+05:30
12903,Express,2026-09-21,28,YJUD,UMB,57,34,-23,50.899999999999864,64,2026-09-22T19:11:46+05:30,2026-09-22T19:45:28+05:30
12903,Express,2026-09-23,0,BDTS,BVI,30,38,8,18.4,5,2026-09-23T18:50:11+05:30,2026-09-23T19:28:16+05:30
12903,Express,2026-09-23,1,BVI,ST,161,147,-14,233.6,27,2026-09-23T19:45:24+05:30,2026-09-23T22:12:32+05:30
12903,Express,2026-09-23,2,ST,BRC,90,71,-19,129.60000000000002,21,2026-09-23T22:25:00+05:30,2026-09-23T23:35:49+05:30
12903,Express,2026-09-24,0,BDTS,BVI,30,21,-9,18.4,2,2026-09-24T18:47:06+05:30,2026-09-24T19:08:33+05:30
12903,Express,2026-09-24,1,BVI,ST,161,151,-10,233.6,15,2026-09-24T19:32:51+05:30,2026-09-24T22:03:26+05:30
12903,Express,2026-09-24,2,ST,BRC,90,78,-12,129.60000000000002,8,2026-09-24T22:11:54+05:30,2026-09-24T23:29:30+05:30
12903,Express,2026-09-24,3,BRC,GDA,65,44,-21,73.89999999999998,9,2026-09-24T23:52:53+05:30,2026-09-25T00:36:48+05:30
12904,Express,2026-09-17,0,ASR,BEAS,28,34,6,42.3,130,2026-09-17T21:05:00+05:30,2026-09-17T21:39:00+05:30
12904,Express,2026-09-17,1,BEAS,JUC,35,31,-4,36.2,136,2026-09-17T21:41:00+05:30,2026-09-17T22:12:00+05:30
12904,Express,2026-09-17,2,JUC,LDH,55,52,-3,57.0,131,2026-09-17T22:16:00+05:30,2026-09-17T23:08:00+05:30
12904,Express,2026-09-17,3,LDH,UMB,100,103,3,113.6,133,2026-09-17T23:23:00+05:30,2026-09-18T01:06:00+05:30
12904,Express,2026-09-17,4,UMB,YJUD,38,40,2,50.900000000000006,137,2026-09-18T01:12:00+05:30,2026-09-18T01:52:00+05:30
12904,Express,2026-09-17,5,YJUD,SRE,40,30,-10,30.100000000000023,139,2026-09-18T01:54:00+05:30,2026-09-18T02:24:00+05:30
12904,Express,2026-09-17,6,SRE,MOZ,44,41,-3,58.19999999999999,129,2026-09-18T02:29:00+05:30,2026-09-18T03:10:00+05:30
12904,Express,2026-09-17,7,MOZ,SKF,21,27,6,31.5,127,2026-09-18T03:13:00+05:30,2026-09-18T03:40:00+05:30
12904,Express,2026-09-17,8,SKF,MUT,16,27,11,19.80000000000001,132,2026-09-18T03:41:00+05:30,2026-09-18T04:08:00+05:30
12904,Express,2026-09-17,9,MUT,MTC,8,10,2,4.2999999999999545,144,2026-09-18T04:11:00+05:30,2026-09-18T04:21:00+05:30
12904,Express,2026-09-17,10,MTC,GZB,50,56,6,47.30000000000001,144,2026-09-18T04:24:00+05:30,2026-09-18T05:20:00+05:30
12904,Express,2026-09-17,11,GZB,NZM,53,46,-7,27.000000000000057,154,2026-09-18T05:26:00+05:30,2026-09-18T06:12:00+05:30
12904,Express,2026-09-17,12,NZM,FDB,16,37,21,21.0,152,2026-09-18T06:32:00+05:30,2026-09-18T07:09:00+05:30
12904,Express,2026-09-17,13,FDB,MTJ,87,68,-19,112.89999999999998,173,2026-09-18T07:11:00+05:30,2026-09-18T08:19:00+05:30
12904,Express,2026-09-17,14,MTJ,BTE,23,25,2,33.69999999999993,154,2026-09-18T08:24:00+05:30,2026-09-18T08:49:00+05:30
12904,Express,2026-09-17,15,BTE,BXN,25,31,6,41.90000000000009,157,2026-09-18T08:52:00+05:30,2026-09-18T09:23:00+05:30
12904,Express,2026-09-17,16,BXN,HAN,21,22,1,32.89999999999998,162,2026-09-18T09:24:00+05:30,2026-09-18T09:46:00+05:30
12904,Express,2026-09-17,17,HAN,SMVJ,8,12,4,10.100000000000023,163,2026-09-18T09:48:00+05:30,2026-09-18T10:00:00+05:30
12904,Express,2026-09-17,18,SMVJ,GGC,30,28,-2,34.299999999999955,167,2026-09-18T10:02:00+05:30,2026-09-18T10:30:00+05:30
12904,Express,2026-09-17,19,GGC,SWM,40,40,0,63.799999999999955,165,2026-09-18T10:35:00+05:30,2026-09-18T11:15:00+05:30
12904,Express,2026-09-17,20,SWM,KOTA,95,69,-26,107.90000000000009,162,2026-09-18T11:17:00+05:30,2026-09-18T12:26:00+05:30
12904,Express,2026-09-17,21,KOTA,RMA,58,53,-5,72.20000000000005,136,2026-09-18T12:36:00+05:30,2026-09-18T13:29:00+05:30
12904,Express,2026-09-17,22,RMA,BWM,18,22,4,28.09999999999991,131,2026-09-18T13:31:00+05:30,2026-09-18T13:53:00+05:30
12904,Express,2026-09-17,23,BWM,SGZ,23,30,7,33.299999999999955,135,2026-09-18T13:55:00+05:30,2026-09-18T14:25:00+05:30
12904,Express,2026-09-17,24,SGZ,NAD,93,53,-40,91.79999999999995,142,2026-09-18T14:27:00+05:30,2026-09-18T15:20:00+05:30
12904,Express,2026-09-17,25,NAD,RTM,35,33,-2,41.30000000000018,102,2026-09-18T15:22:00+05:30,2026-09-18T15:55:00+05:30
12904,Express,2026-09-17,26,RTM,MGN,61,68,7,82.79999999999995,100,2026-09-18T16:05:00+05:30,2026-09-18T17:13:00+05:30
12904,Express,2026-09-17,27,MGN,DHD,24,25,1,33.200000000000045,107,2026-09-18T17:15:00+05:30,2026-09-18T17:40:00+05:30
12904,Express,2026-09-17,28,DHD,GDA,71,65,-6,73.0,108,2026-09-18T17:42:00+05:30,2026-09-18T18:47:00+05:30
12904,Express,2026-09-17,29,GDA,BRC,54,64,10,73.89999999999986,102,2026-09-18T18:49:00+05:30,2026-09-18T19:53:00+05:30
12904,Express,2026-09-17,30,BRC,ST,90,90,0,129.60000000000014,107,2026-09-18T19:58:00+05:30,2026-09-18T21:28:00+05:30
12904,Express,2026-09-17,31,ST,BVI,177,336,159,233.5999999999999,107,2026-09-18T21:33:00+05:30,2026-09-19T03:09:00+05:30
12904,Express,2026-09-17,32,BVI,BDTS,70,44,-26,18.40000000000009,266,2026-09-19T03:11:00+05:30,2026-09-19T03:55:00+05:30
12904,Express,2026-09-18,0,ASR,BEAS,28,33,5,42.3,0,2026-09-18T18:55:00+05:30,2026-09-18T19:28:00+05:30
12904,Express,2026-09-18,1,BEAS,JUC,35,29,-6,36.2,5,2026-09-18T19:30:00+05:30,2026-09-18T19:59:00+05:30
12904,Express,2026-09-18,2,JUC,LDH,55,47,-8,57.0,0,2026-09-18T20:05:00+05:30,2026-09-18T20:52:00+05:30
12904,Express,2026-09-18,3,LDH,UMB,100,97,-3,113.6,0,2026-09-18T21:10:00+05:30,2026-09-18T22:47:00+05:30
12904,Express,2026-09-18,4,UMB,YJUD,38,42,4,50.900000000000006,0,2026-09-18T22:55:00+05:30,2026-09-18T23:37:00+05:30
12904,Express,2026-09-18,5,YJUD,SRE,40,31,-9,30.100000000000023,5,2026-09-18T23:40:00+05:30,2026-09-19T00:11:00+05:30
12904,Express,2026-09-18,6,SRE,MOZ,44,40,-4,58.19999999999999,0,2026-09-19T00:20:00+05:30,2026-09-19T01:00:00+05:30
12904,Express,2026-09-18,7,MOZ,SKF,21,29,8,31.5,0,2026-09-19T01:06:00+05:30,2026-09-19T01:35:00+05:30
12904,Express,2026-09-18,8,SKF,MUT,16,23,7,19.80000000000001,8,2026-09-19T01:37:00+05:30,2026-09-19T02:00:00+05:30
12904,Express,2026-09-18,9,MUT,MTC,8,13,5,4.2999999999999545,15,2026-09-19T02:02:00+05:30,2026-09-19T02:15:00+05:30
12904,Express,2026-09-18,10,MTC,GZB,50,84,34,47.30000000000001,20,2026-09-19T02:20:00+05:30,2026-09-19T03:44:00+05:30
12904,Express,2026-09-18,11,GZB,NZM,53,58,5,27.000000000000057,55,2026-09-19T03:47:00+05:30,2026-09-19T04:45:00+05:30
12904,Express,2026-09-18,12,NZM,FDB,16,30,14,21.0,57,2026-09-19T04:57:00+05:30,2026-09-19T05:27:00+05:30
12904,Express,2026-09-18,13,FDB,MTJ,87,69,-18,112.89999999999998,72,2026-09-19T05:30:00+05:30,2026-09-19T06:39:00+05:30
12904,Express,2026-09-18,14,MTJ,BTE,23,34,11,33.69999999999993,54,2026-09-19T06:44:00+05:30,2026-09-19T07:18:00+05:30
12904,Express,2026-09-18,15,BTE,BXN,25,38,13,41.90000000000009,65,2026-09-19T07:20:00+05:30,2026-09-19T07:58:00+05:30
12904,Express,2026-09-18,16,BXN,HAN,21,23,2,32.89999999999998,78,2026-09-19T08:00:00+05:30,2026-09-19T08:23:00+05:30
12904,Express,2026-09-18,17,HAN,SMVJ,8,12,4,10.100000000000023,79,2026-09-19T08:24:00+05:30,2026-09-19T08:36:00+05:30
12904,Express,2026-09-18,18,SMVJ,GGC,30,28,-2,34.299999999999955,83,2026-09-19T08:38:00+05:30,2026-09-19T09:06:00+05:30
12904,Express,2026-09-18,19,GGC,SWM,40,41,1,63.799999999999955,80,2026-09-19T09:10:00+05:30,2026-09-19T09:51:00+05:30
12904,Express,2026-09-18,20,SWM,KOTA,95,70,-25,107.90000000000009,79,2026-09-19T09:54:00+05:30,2026-09-19T11:04:00+05:30
12904,Express,2026-09-18,21,KOTA,RMA,58,57,-1,72.20000000000005,68,2026-09-19T11:28:00+05:30,2026-09-19T12:25:00+05:30
12904,Express,2026-09-18,22,RMA,BWM,18,20,2,28.09999999999991,67,2026-09-19T12:27:00+05:30,2026-09-19T12:47:00+05:30
12904,Express,2026-09-18,23,BWM,SGZ,23,27,4,33.299999999999955,70,2026-09-19T12:50:00+05:30,2026-09-19T13:17:00+05:30
12904,Express,2026-09-18,24,SGZ,NAD,93,50,-43,91.79999999999995,74,2026-09-19T13:19:00+05:30,2026-09-19T14:09:00+05:30
12904,Express,2026-09-18,25,NAD,RTM,35,38,3,41.30000000000018,31,2026-09-19T14:11:00+05:30,2026-09-19T14:49:00+05:30
12904,Express,2026-09-18,26,RTM,MGN,61,66,5,82.79999999999995,34,2026-09-19T14:59:00+05:30,2026-09-19T16:05:00+05:30
12904,Express,2026-09-18,27,MGN,DHD,24,25,1,33.200000000000045,40,2026-09-19T16:08:00+05:30,2026-09-19T16:33:00+05:30
12904,Express,2026-09-18,28,DHD,GDA,71,48,-23,73.0,42,2026-09-19T16:36:00+05:30,2026-09-19T17:24:00+05:30
12904,Express,2026-09-18,29,GDA,BRC,54,62,8,73.89999999999986,19,2026-09-19T17:26:00+05:30,2026-09-19T18:28:00+05:30
12904,Express,2026-09-18,30,BRC,ST,90,103,13,129.60000000000014,24,2026-09-19T18:35:00+05:30,2026-09-19T20:18:00+05:30
12904,Express,2026-09-18,31,ST,BVI,177,165,-12,233.5999999999999,41,2026-09-19T20:27:00+05:30,2026-09-19T23:12:00+05:30
12904,Express,2026-09-18,32,BVI,BDTS,70,35,-35,18.40000000000009,35,2026-09-19T23:20:00+05:30,2026-09-19T23:55:00+05:30
12904,Express,2026-09-19,0,ASR,BEAS,28,29,1,42.3,3,2026-09-19T18:57:56+05:30,2026-09-19T19:27:25+05:30
12904,Express,2026-09-19,1,BEAS,JUC,35,25,-10,36.2,12,2026-09-19T19:36:45+05:30,2026-09-19T20:01:19+05:30
12904,Express,2026-09-19,2,JUC,LDH,55,56,1,57.0,1,2026-09-19T20:06:18+05:30,2026-09-19T21:01:58+05:30
12904,Express,2026-09-19,3,LDH,UMB,100,127,27,113.6,11,2026-09-19T21:21:18+05:30,2026-09-19T23:27:59+05:30
12904,Express,2026-09-19,4,UMB,YJUD,38,36,-2,50.900000000000006,39,2026-09-19T23:34:15+05:30,2026-09-20T00:10:04+05:30
12904,Express,2026-09-19,5,SRE,MOZ,44,40,-4,58.19999999999999,31,2026-09-20T00:51:18+05:30,2026-09-20T01:31:24+05:30
12904,Express,2026-09-19,6,MOZ,SKF,21,73,52,31.5,33,2026-09-20T01:38:36+05:30,2026-09-20T02:51:52+05:30
12904,Express,2026-09-19,7,SKF,MUT,16,14,-2,19.80000000000001,88,2026-09-20T02:57:23+05:30,2026-09-20T03:10:59+05:30
12904,Express,2026-09-19,8,MUT,MTC,8,6,-2,4.2999999999999545,91,2026-09-20T03:18:21+05:30,2026-09-20T03:24:08+05:30
12904,Express,2026-09-19,9,MTC,GZB,50,45,-5,47.30000000000001,94,2026-09-20T03:33:49+05:30,2026-09-20T04:19:18+05:30
12904,Express,2026-09-19,10,GZB,NZM,53,37,-16,27.000000000000057,102,2026-09-20T04:34:00+05:30,2026-09-20T05:10:52+05:30
12904,Express,2026-09-19,11,NZM,FDB,16,65,49,21.0,108,2026-09-20T05:48:29+05:30,2026-09-20T06:53:04+05:30
12904,Express,2026-09-19,12,FDB,MTJ,87,69,-18,112.89999999999998,165,2026-09-20T07:02:53+05:30,2026-09-20T08:11:37+05:30
12904,Express,2026-09-19,13,MTJ,BTE,23,17,-6,33.69999999999993,149,2026-09-20T08:19:21+05:30,2026-09-20T08:36:37+05:30
12904,Express,2026-09-19,14,BTE,BXN,25,29,4,41.90000000000009,147,2026-09-20T08:41:33+05:30,2026-09-20T09:10:56+05:30
12904,Express,2026-09-19,15,BXN,HAN,21,18,-3,32.89999999999998,151,2026-09-20T09:12:41+05:30,2026-09-20T09:30:50+05:30
12904,Express,2026-09-19,16,HAN,SMVJ,8,8,0,10.100000000000023,154,2026-09-20T09:39:06+05:30,2026-09-20T09:47:24+05:30
12904,Express,2026-09-19,17,SMVJ,GGC,30,25,-5,34.299999999999955,157,2026-09-20T09:52:26+05:30,2026-09-20T10:17:46+05:30
12904,Express,2026-09-19,18,GGC,SWM,40,49,9,63.799999999999955,154,2026-09-20T10:23:45+05:30,2026-09-20T11:12:44+05:30
12904,Express,2026-09-19,19,SWM,KOTA,95,62,-33,107.90000000000009,166,2026-09-20T11:21:12+05:30,2026-09-20T12:22:46+05:30
12904,Express,2026-09-19,20,KOTA,RMA,58,44,-14,72.20000000000005,141,2026-09-20T12:41:24+05:30,2026-09-20T13:25:53+05:30
12904,Express,2026-09-19,21,BWM,SGZ,23,23,0,33.299999999999955,133,2026-09-20T13:52:59+05:30,2026-09-20T14:16:14+05:30
12904,Express,2026-09-19,22,SGZ,NAD,93,50,-43,91.79999999999995,138,2026-09-20T14:23:21+05:30,2026-09-20T15:13:04+05:30
12904,Express,2026-09-19,23,NAD,RTM,35,23,-12,41.30000000000018,100,2026-09-20T15:20:15+05:30,2026-09-20T15:43:44+05:30
12904,Express,2026-09-19,24,MGN,DHD,24,21,-3,33.200000000000045,100,2026-09-20T17:07:45+05:30,2026-09-20T17:29:02+05:30
12904,Express,2026-09-19,25,DHD,GDA,71,47,-24,73.0,99,2026-09-20T17:33:00+05:30,2026-09-20T18:20:17+05:30
12904,Express,2026-09-20,0,ASR,BEAS,28,24,-4,42.3,7,2026-09-20T19:01:51+05:30,2026-09-20T19:26:19+05:30
12904,Express,2026-09-20,1,BEAS,JUC,35,22,-13,36.2,11,2026-09-20T19:36:08+05:30,2026-09-20T19:58:07+05:30
12904,Express,2026-09-20,2,JUC,LDH,55,71,16,57.0,3,2026-09-20T20:08:04+05:30,2026-09-20T21:19:12+05:30
12904,Express,2026-09-20,3,LDH,UMB,100,70,-30,113.6,25,2026-09-20T21:35:07+05:30,2026-09-20T22:44:38+05:30
12904,Express,2026-09-20,4,UMB,YJUD,38,36,-2,50.900000000000006,6,2026-09-20T23:01:03+05:30,2026-09-20T23:36:36+05:30
12904,Express,2026-09-20,5,SRE,MOZ,44,33,-11,58.19999999999999,5,2026-09-21T00:24:45+05:30,2026-09-21T00:57:36+05:30
12904,Express,2026-09-20,6,MOZ,SKF,21,24,3,31.5,6,2026-09-21T01:11:48+05:30,2026-09-21T01:35:34+05:30
12904,Express,2026-09-20,7,SKF,MUT,16,10,-6,19.80000000000001,11,2026-09-21T01:40:11+05:30,2026-09-21T01:49:52+05:30
12904,Express,2026-09-20,8,MUT,MTC,8,8,0,4.2999999999999545,13,2026-09-21T01:59:48+05:30,2026-09-21T02:07:24+05:30
12904,Express,2026-09-20,9,MTC,GZB,50,34,-16,47.30000000000001,17,2026-09-21T02:17:07+05:30,2026-09-21T02:51:33+05:30
12904,Express,2026-09-20,10,GZB,NZM,53,48,-5,27.000000000000057,16,2026-09-21T03:08:19+05:30,2026-09-21T03:56:38+05:30
12904,Express,2026-09-20,11,NZM,FDB,16,23,7,21.0,21,2026-09-21T04:20:35+05:30,2026-09-21T04:43:48+05:30
12904,Express,2026-09-20,12,FDB,MTJ,87,74,-13,112.89999999999998,36,2026-09-21T04:53:52+05:30,2026-09-21T06:07:34+05:30
12904,Express,2026-09-20,13,MTJ,BTE,23,15,-8,33.69999999999993,26,2026-09-21T06:15:48+05:30,2026-09-21T06:30:22+05:30
12904,Express,2026-09-20,14,BTE,BXN,25,26,1,41.90000000000009,23,2026-09-21T06:38:01+05:30,2026-09-21T07:03:55+05:30
12904,Express,2026-09-20,15,BXN,HAN,21,18,-4,32.89999999999998,31,2026-09-21T07:12:46+05:30,2026-09-21T07:30:16+05:30
12904,Express,2026-09-20,16,HAN,SMVJ,8,4,-4,10.100000000000023,28,2026-09-21T07:32:58+05:30,2026-09-21T07:37:26+05:30
12904,Express,2026-09-20,17,SMVJ,GGC,30,23,-7,34.299999999999955,32,2026-09-21T07:46:55+05:30,2026-09-21T08:09:59+05:30
12904,Express,2026-09-20,18,GGC,SWM,40,32,-8,63.799999999999955,31,2026-09-21T08:21:23+05:30,2026-09-21T08:53:23+05:30
12904,Express,2026-09-20,19,SWM,KOTA,95,65,-30,107.90000000000009,29,2026-09-21T09:03:58+05:30,2026-09-21T10:08:41+05:30
12904,Express,2026-09-20,20,KOTA,RMA,58,64,6,72.20000000000005,2,2026-09-21T10:22:15+05:30,2026-09-21T11:26:22+05:30
12904,Express,2026-09-20,21,BWM,SGZ,23,30,7,33.299999999999955,14,2026-09-21T11:53:35+05:30,2026-09-21T12:23:35+05:30
12904,Express,2026-09-20,22,SGZ,NAD,93,64,-29,91.79999999999995,24,2026-09-21T12:29:03+05:30,2026-09-21T13:32:52+05:30
12904,Express,2026-09-20,23,NAD,RTM,35,34,-2,41.30000000000018,1,2026-09-21T13:41:09+05:30,2026-09-21T14:14:39+05:30
12904,Express,2026-09-20,24,MGN,DHD,24,27,3,33.200000000000045,2,2026-09-21T15:29:58+05:30,2026-09-21T15:56:50+05:30
12904,Express,2026-09-20,25,DHD,GDA,71,53,-18,73.0,7,2026-09-21T16:01:00+05:30,2026-09-21T16:54:02+05:30
12904,Express,2026-09-20,26,GDA,BRC,54,48,-6,73.89999999999986,7,2026-09-21T17:14:06+05:30,2026-09-21T18:01:52+05:30
12904,Express,2026-09-20,27,BRC,ST,90,98,8,129.60000000000014,0,2026-09-21T18:11:00+05:30,2026-09-21T19:49:26+05:30
12904,Express,2026-09-20,28,ST,BVI,177,194,17,233.5999999999999,18,2026-09-21T20:03:46+05:30,2026-09-21T23:18:02+05:30
12904,Express,2026-09-21,0,ASR,BEAS,28,36,8,42.3,18,2026-09-21T19:13:04+05:30,2026-09-21T19:49:29+05:30
12904,Express,2026-09-21,1,BEAS,JUC,35,21,-14,36.2,35,2026-09-21T19:59:59+05:30,2026-09-21T20:21:18+05:30
12904,Express,2026-09-21,2,JUC,LDH,55,45,-10,57.0,25,2026-09-21T20:29:30+05:30,2026-09-21T21:14:15+05:30
12904,Express,2026-09-21,3,LDH,UMB,100,73,-27,113.6,16,2026-09-21T21:26:05+05:30,2026-09-21T22:39:30+05:30
12904,Express,2026-09-21,4,UMB,YJUD,38,38,0,50.900000000000006,2,2026-09-21T22:56:47+05:30,2026-09-21T23:34:20+05:30
12904,Express,2026-09-21,5,SRE,MOZ,44,35,-9,58.19999999999999,4,2026-09-22T00:24:21+05:30,2026-09-22T00:59:48+05:30
12904,Express,2026-09-21,6,MOZ,SKF,21,22,1,31.5,3,2026-09-22T01:09:19+05:30,2026-09-22T01:31:44+05:30
12904,Express,2026-09-21,7,SKF,MUT,16,14,-2,19.80000000000001,11,2026-09-22T01:39:38+05:30,2026-09-22T01:53:16+05:30
12904,Express,2026-09-21,8,MUT,MTC,8,3,-5,4.2999999999999545,15,2026-09-22T02:01:31+05:30,2026-09-22T02:04:11+05:30
12904,Express,2026-09-21,9,MTC,GZB,50,36,-14,47.30000000000001,19,2026-09-22T02:18:56+05:30,2026-09-22T02:54:58+05:30
12904,Express,2026-09-21,10,GZB,NZM,53,40,-13,27.000000000000057,16,2026-09-22T03:08:03+05:30,2026-09-22T03:47:37+05:30
12904,Express,2026-09-21,11,NZM,FDB,16,20,4,21.0,10,2026-09-22T04:10:09+05:30,2026-09-22T04:29:58+05:30
12904,Express,2026-09-21,12,FDB,MTJ,87,75,-12,112.89999999999998,19,2026-09-22T04:36:57+05:30,2026-09-22T05:52:06+05:30
12904,Express,2026-09-21,13,MTJ,BTE,23,25,2,33.69999999999993,5,2026-09-22T05:55:17+05:30,2026-09-22T06:19:55+05:30
12904,Express,2026-09-21,14,BTE,BXN,25,26,1,41.90000000000009,10,2026-09-22T06:24:33+05:30,2026-09-22T06:50:19+05:30
12904,Express,2026-09-21,15,BXN,HAN,21,22,1,32.89999999999998,14,2026-09-22T06:55:45+05:30,2026-09-22T07:17:44+05:30
12904,Express,2026-09-21,16,HAN,SMVJ,8,7,-1,10.100000000000023,18,2026-09-22T07:22:33+05:30,2026-09-22T07:29:10+05:30
12904,Express,2026-09-21,17,SMVJ,GGC,30,26,-4,34.299999999999955,20,2026-09-22T07:35:04+05:30,2026-09-22T08:00:49+05:30
12904,Express,2026-09-21,18,GGC,SWM,40,43,3,63.799999999999955,18,2026-09-22T08:07:41+05:30,2026-09-22T08:50:24+05:30
12904,Express,2026-09-21,19,SWM,KOTA,95,80,-15,107.90000000000009,23,2026-09-22T08:58:02+05:30,2026-09-22T10:18:20+05:30
12904,Express,2026-09-21,20,KOTA,RMA,58,49,-9,72.20000000000005,17,2026-09-22T10:36:46+05:30,2026-09-22T11:26:07+05:30
12904,Express,2026-09-21,21,BWM,SGZ,23,26,3,33.299999999999955,14,2026-09-22T11:54:00+05:30,2026-09-22T12:20:09+05:30
12904,Express,2026-09-21,22,SGZ,NAD,93,58,-35,91.79999999999995,30,2026-09-22T12:34:55+05:30,2026-09-22T13:32:50+05:30
12904,Express,2026-09-21,23,NAD,RTM,35,33,-2,41.30000000000018,2,2026-09-22T13:42:29+05:30,2026-09-22T14:15:10+05:30
12904,Express,2026-09-21,24,MGN,DHD,24,22,-2,33.200000000000045,11,2026-09-22T15:38:36+05:30,2026-09-22T16:00:13+05:30
12904,Express,2026-09-21,25,DHD,GDA,71,46,-25,73.0,10,2026-09-22T16:03:47+05:30,2026-09-22T16:49:20+05:30
12904,Express,2026-09-21,26,GDA,BRC,54,45,-9,73.89999999999986,3,2026-09-22T17:10:10+05:30,2026-09-22T17:55:39+05:30
12904,Express,2026-09-21,27,BRC,ST,90,96,6,129.60000000000014,1,2026-09-22T18:11:39+05:30,2026-09-22T19:48:08+05:30
12904,Express,2026-09-23,0,ASR,BEAS,28,37,9,42.3,1,2026-09-23T18:55:52+05:30,2026-09-23T19:32:26+05:30
12904,Express,2026-09-23,1,BEAS,JUC,35,28,-7,36.2,19,2026-09-23T19:44:02+05:30,2026-09-23T20:12:10+05:30
12904,Express,2026-09-23,2,JUC,LDH,55,45,-10,57.0,20,2026-09-23T20:25:15+05:30,2026-09-23T21:10:11+05:30
12904,Express,2026-09-23,3,LDH,UMB,100,78,-22,113.6,19,2026-09-23T21:29:09+05:30,2026-09-23T22:47:15+05:30
12904,Express,2026-09-23,4,UMB,YJUD,38,32,-6,50.900000000000006,8,2026-09-23T23:03:16+05:30,2026-09-23T23:35:16+05:30
12904,Express,2026-09-24,0,ASR,BEAS,28,32,4,42.3,16,2026-09-24T19:10:38+05:30,2026-09-24T19:42:15+05:30
12904,Express,2026-09-24,1,BEAS,JUC,35,23,-12,36.2,23,2026-09-24T19:48:18+05:30,2026-09-24T20:11:43+05:30
12904,Express,2026-09-24,2,JUC,LDH,55,62,7,57.0,15,2026-09-24T20:19:46+05:30,2026-09-24T21:22:03+05:30
12904,Express,2026-09-24,3,LDH,UMB,100,83,-17,113.6,25,2026-09-24T21:34:50+05:30,2026-09-24T22:57:37+05:30
12904,Express,2026-09-24,4,UMB,YJUD,38,33,-5,50.900000000000006,14,2026-09-24T23:09:08+05:30,2026-09-24T23:42:36+05:30
12907,Express,2026-09-20,0,ST,BRC,84,97,13,129.60000000000002,0,2026-09-20T20:55:00+05:30,2026-09-20T22:32:00+05:30
12907,Express,2026-09-20,1,BRC,RTM,199,189,-10,260.4,11,2026-09-20T22:40:00+05:30,2026-09-21T01:49:00+05:30
12907,Express,2026-09-20,2,RTM,KOTA,162,169,7,269.29999999999995,4,2026-09-21T01:57:00+05:30,2026-09-21T04:46:00+05:30
12907,Express,2026-09-20,3,KOTA,NZM,335,335,0,458.29999999999995,15,2026-09-21T04:55:00+05:30,2026-09-21T10:30:00+05:30
12907,Express,2026-09-23,0,BDTS,BVI,25,18,-7,18.4,7,2026-09-23T17:37:20+05:30,2026-09-23T17:54:51+05:30
12907,Express,2026-09-23,1,BVI,ST,174,165,-9,233.6,13,2026-09-23T18:12:19+05:30,2026-09-23T20:57:24+05:30
12907,Express,2026-09-23,2,ST,BRC,84,84,0,129.60000000000002,12,2026-09-23T21:07:00+05:30,2026-09-23T22:31:27+05:30
12908,Express,2026-09-17,0,NZM,KOTA,285,284,-1,458.4,7,2026-09-17T16:37:00+05:30,2026-09-17T21:21:00+05:30
12908,Express,2026-09-17,1,KOTA,RTM,173,172,-1,266.80000000000007,12,2026-09-17T21:32:00+05:30,2026-09-18T00:24:00+05:30
12908,Express,2026-09-17,2,RTM,BRC,217,190,-27,262.79999999999995,10,2026-09-18T00:28:00+05:30,2026-09-18T03:38:00+05:30
12908,Express,2026-09-17,3,BRC,ST,95,93,-2,129.70000000000005,1,2026-09-18T04:06:00+05:30,2026-09-18T05:39:00+05:30
12908,Express,2026-09-17,4,ST,BVI,161,179,18,233.5999999999999,4,2026-09-18T05:46:00+05:30,2026-09-18T08:45:00+05:30
12908,Express,2026-09-17,5,BVI,BDTS,50,28,-22,18.40000000000009,22,2026-09-18T08:47:00+05:30,2026-09-18T09:15:00+05:30
12908,Express,2026-09-21,0,NZM,KOTA,285,286,1,458.4,0,2026-09-21T16:30:00+05:30,2026-09-21T21:16:00+05:30
12908,Express,2026-09-21,1,KOTA,RTM,173,159,-14,266.80000000000007,4,2026-09-21T21:24:00+05:30,2026-09-22T00:03:00+05:30
12908,Express,2026-09-21,2,BRC,ST,95,89,-6,129.70000000000005,0,2026-09-22T04:05:00+05:30,2026-09-22T05:34:00+05:30
12908,Express,2026-09-21,3,ST,BVI,161,182,21,233.5999999999999,0,2026-09-22T05:42:00+05:30,2026-09-22T08:44:00+05:30
12908,Express,2026-09-21,4,BVI,BDTS,50,27,-23,18.40000000000009,21,2026-09-22T08:46:00+05:30,2026-09-22T09:13:00+05:30
12908,Express,2026-09-24,0,KOTA,RTM,173,175,2,266.80000000000007,8,2026-09-24T21:27:36+05:30,2026-09-25T00:22:53+05:30
12909,Premium,2026-09-17,0,BDTS,BVI,25,27,2,18.4,1,2026-09-17T17:31:00+05:30,2026-09-17T17:58:00+05:30
12909,Premium,2026-09-17,1,BVI,ST,171,179,8,233.6,3,2026-09-17T18:02:00+05:30,2026-09-17T21:01:00+05:30
12909,Premium,2026-09-17,2,ST,BRC,84,84,0,129.60000000000002,12,2026-09-17T21:07:00+05:30,2026-09-17T22:31:00+05:30
12909,Premium,2026-09-17,3,BRC,RTM,201,195,-6,260.4,9,2026-09-17T22:38:00+05:30,2026-09-18T01:53:00+05:30
12909,Premium,2026-09-17,4,RTM,KOTA,162,174,12,269.29999999999995,2,2026-09-18T01:55:00+05:30,2026-09-18T04:49:00+05:30
12909,Premium,2026-09-17,5,KOTA,MTJ,218,198,-20,324.4000000000001,21,2026-09-18T05:01:00+05:30,2026-09-18T08:19:00+05:30
12909,Premium,2026-09-17,6,MTJ,NZM,115,122,7,133.89999999999986,7,2026-09-18T08:27:00+05:30,2026-09-18T10:29:00+05:30
12909,Premium,2026-09-19,0,BDTS,BVI,25,35,10,18.4,1,2026-09-19T17:31:00+05:30,2026-09-19T18:06:00+05:30
12909,Premium,2026-09-19,1,BVI,ST,171,169,-2,233.6,12,2026-09-19T18:11:00+05:30,2026-09-19T21:00:00+05:30
12909,Premium,2026-09-19,2,ST,BRC,84,83,-1,129.60000000000002,10,2026-09-19T21:05:00+05:30,2026-09-19T22:28:00+05:30
12909,Premium,2026-09-19,3,BRC,RTM,201,196,-5,260.4,7,2026-09-19T22:36:00+05:30,2026-09-20T01:52:00+05:30
12909,Premium,2026-09-19,4,RTM,KOTA,162,168,6,269.29999999999995,5,2026-09-20T01:58:00+05:30,2026-09-20T04:46:00+05:30
12909,Premium,2026-09-19,5,KOTA,MTJ,218,199,-19,324.4000000000001,13,2026-09-20T04:53:00+05:30,2026-09-20T08:12:00+05:30
12909,Premium,2026-09-19,6,MTJ,NZM,115,127,12,133.89999999999986,3,2026-09-20T08:23:00+05:30,2026-09-20T10:30:00+05:30
12909,Premium,2026-09-24,0,BDTS,BVI,25,19,-6,18.4,13,2026-09-24T17:42:37+05:30,2026-09-24T18:01:26+05:30
12909,Premium,2026-09-24,1,BVI,ST,171,158,-13,233.6,12,2026-09-24T18:10:46+05:30,2026-09-24T20:48:25+05:30
12909,Premium,2026-09-24,2,ST,BRC,84,79,-5,129.60000000000002,2,2026-09-24T20:57:17+05:30,2026-09-24T22:16:21+05:30
12910,Premium,2026-09-18,0,NZM,MTJ,93,98,5,133.9,0,2026-09-18T16:30:00+05:30,2026-09-18T18:08:00+05:30
12910,Premium,2026-09-18,1,MTJ,KOTA,190,190,0,324.5,6,2026-09-18T18:11:00+05:30,2026-09-18T21:21:00+05:30
12910,Premium,2026-09-18,2,KOTA,RTM,175,168,-7,266.80000000000007,9,2026-09-18T21:29:00+05:30,2026-09-19T00:17:00+05:30
12910,Premium,2026-09-18,3,RTM,BRC,217,218,1,262.79999999999995,3,2026-09-19T00:21:00+05:30,2026-09-19T03:59:00+05:30
12910,Premium,2026-09-18,4,BRC,ST,92,91,-1,129.70000000000005,0,2026-09-19T04:05:00+05:30,2026-09-19T05:36:00+05:30
12910,Premium,2026-09-18,5,ST,BVI,161,182,21,233.5999999999999,1,2026-09-19T05:43:00+05:30,2026-09-19T08:45:00+05:30
12910,Premium,2026-09-18,6,BVI,BDTS,50,27,-23,18.40000000000009,23,2026-09-19T08:48:00+05:30,2026-09-19T09:15:00+05:30
12910,Premium,2026-09-20,0,NZM,MTJ,93,93,0,133.9,0,2026-09-20T16:30:00+05:30,2026-09-20T18:03:00+05:30
12910,Premium,2026-09-20,1,MTJ,KOTA,190,193,3,324.5,1,2026-09-20T18:06:00+05:30,2026-09-20T21:19:00+05:30
12910,Premium,2026-09-20,2,KOTA,RTM,175,180,5,266.80000000000007,6,2026-09-20T21:26:00+05:30,2026-09-21T00:26:00+05:30
12910,Premium,2026-09-20,3,RTM,BRC,217,214,-3,262.79999999999995,13,2026-09-21T00:31:00+05:30,2026-09-21T04:05:00+05:30
12910,Premium,2026-09-20,4,BRC,ST,92,88,-4,129.70000000000005,5,2026-09-21T04:10:00+05:30,2026-09-21T05:38:00+05:30
12910,Premium,2026-09-20,5,ST,BVI,161,191,30,233.5999999999999,3,2026-09-21T05:45:00+05:30,2026-09-21T08:56:00+05:30
12910,Premium,2026-09-20,6,BVI,BDTS,50,26,-24,18.40000000000009,33,2026-09-21T08:58:00+05:30,2026-09-21T09:24:00+05:30
12910,Premium,2026-09-23,0,MTJ,KOTA,190,179,-11,324.5,19,2026-09-23T18:24:26+05:30,2026-09-23T21:23:06+05:30
12912,Express,2026-09-23,0,HW,RK,38,35,-3,41.5,9,2026-09-23T17:28:46+05:30,2026-09-23T18:03:50+05:30
12912,Express,2026-09-23,1,RK,TPZ,58,40,-18,43.0,10,2026-09-23T18:10:01+05:30,2026-09-23T18:50:25+05:30
12912,Express,2026-09-23,2,TPZ,MTC,75,77,2,107.30000000000001,2,2026-09-23T19:01:46+05:30,2026-09-23T20:19:01+05:30
12912,Express,2026-09-23,3,MTC,GZB,61,39,-22,47.19999999999999,13,2026-09-23T20:29:36+05:30,2026-09-23T21:08:28+05:30
12912,Express,2026-09-23,4,GZB,NZM,40,30,-10,27.100000000000023,13,2026-09-23T21:33:29+05:30,2026-09-23T22:03:42+05:30
12925,Express,2026-09-17,0,DRD,VAPI,25,29,4,48.5,14,2026-09-17T13:24:00+05:30,2026-09-17T13:53:00+05:30
12925,Express,2026-09-17,1,VAPI,BL,22,24,2,26.19999999999999,19,2026-09-17T13:59:00+05:30,2026-09-17T14:23:00+05:30
12925,Express,2026-09-17,2,BL,NVS,38,30,-8,39.20000000000002,27,2026-09-17T14:32:00+05:30,2026-09-17T15:02:00+05:30
12925,Express,2026-09-17,3,NVS,ST,62,34,-28,29.599999999999994,18,2026-09-17T15:03:00+05:30,2026-09-17T15:37:00+05:30
12925,Express,2026-09-17,4,ST,BH,46,55,9,59.10000000000002,0,2026-09-17T15:52:00+05:30,2026-09-17T16:47:00+05:30
12925,Express,2026-09-17,5,BH,BRC,60,49,-11,70.5,10,2026-09-17T16:50:00+05:30,2026-09-17T17:39:00+05:30
12925,Express,2026-09-17,6,BRC,GDA,73,68,-5,73.89999999999998,0,2026-09-17T17:50:00+05:30,2026-09-17T18:58:00+05:30
12925,Express,2026-09-17,7,GDA,DHD,50,61,11,73.10000000000002,2,2026-09-17T19:07:00+05:30,2026-09-17T20:08:00+05:30
12925,Express,2026-09-17,8,DHD,MGN,25,23,-2,33.10000000000002,14,2026-09-17T20:11:00+05:30,2026-09-17T20:34:00+05:30
12925,Express,2026-09-17,9,MGN,RTM,76,64,-12,80.29999999999995,12,2026-09-17T20:36:00+05:30,2026-09-17T21:40:00+05:30
12925,Express,2026-09-17,10,RTM,KUH,29,24,-5,30.100000000000023,1,2026-09-17T21:46:00+05:30,2026-09-17T22:10:00+05:30
12925,Express,2026-09-17,11,KUH,NAD,39,19,-20,13.799999999999955,0,2026-09-17T22:16:00+05:30,2026-09-17T22:35:00+05:30
12925,Express,2026-09-17,12,NAD,SGZ,53,67,14,91.70000000000005,0,2026-09-17T23:00:00+05:30,2026-09-18T00:07:00+05:30
12925,Express,2026-09-17,13,SGZ,RMA,38,34,-4,61.39999999999998,14,2026-09-18T00:09:00+05:30,2026-09-18T00:43:00+05:30
12925,Express,2026-09-17,14,RMA,KOTA,65,71,6,72.29999999999995,10,2026-09-18T00:45:00+05:30,2026-09-18T01:56:00+05:30
12925,Express,2026-09-17,15,KOTA,SWM,73,71,-2,107.80000000000007,18,2026-09-18T02:08:00+05:30,2026-09-18T03:19:00+05:30
12925,Express,2026-09-17,16,SWM,GGC,65,44,-21,63.80000000000007,18,2026-09-18T03:23:00+05:30,2026-09-18T04:07:00+05:30
12925,Express,2026-09-17,17,GGC,HAN,33,33,0,44.399999999999864,0,2026-09-18T04:15:00+05:30,2026-09-18T04:48:00+05:30
12925,Express,2026-09-17,18,HAN,BXN,28,28,0,32.90000000000009,0,2026-09-18T04:50:00+05:30,2026-09-18T05:18:00+05:30
12925,Express,2026-09-17,19,BXN,BTE,48,27,-21,41.899999999999864,2,2026-09-18T05:22:00+05:30,2026-09-18T05:49:00+05:30
12925,Express,2026-09-17,20,BTE,MTJ,80,55,-25,33.600000000000136,15,2026-09-18T06:25:00+05:30,2026-09-18T07:20:00+05:30
12925,Express,2026-09-17,21,MTJ,FDB,107,123,16,113.0,6,2026-09-18T07:41:00+05:30,2026-09-18T09:44:00+05:30
12925,Express,2026-09-17,22,FDB,NZM,30,35,5,20.899999999999864,22,2026-09-18T09:46:00+05:30,2026-09-18T10:21:00+05:30
12925,Express,2026-09-17,23,NZM,NDLS,44,20,-24,7.2000000000000455,29,2026-09-18T10:25:00+05:30,2026-09-18T10:45:00+05:30
12925,Express,2026-09-17,24,NDLS,SZM,14,24,10,4.100000000000136,21,2026-09-18T11:26:00+05:30,2026-09-18T11:50:00+05:30
12925,Express,2026-09-17,25,SZM,SNP,27,30,3,40.399999999999864,31,2026-09-18T11:52:00+05:30,2026-09-18T12:22:00+05:30
12925,Express,2026-09-17,26,SNP,PNP,30,66,36,45.40000000000009,34,2026-09-18T12:24:00+05:30,2026-09-18T13:30:00+05:30
12925,Express,2026-09-17,27,PNP,KUN,22,22,0,34.299999999999955,70,2026-09-18T13:32:00+05:30,2026-09-18T13:54:00+05:30
12925,Express,2026-09-17,28,KUN,KKDE,23,21,-2,33.200000000000045,70,2026-09-18T13:56:00+05:30,2026-09-18T14:17:00+05:30
12925,Express,2026-09-17,29,KKDE,UMB,79,33,-46,41.899999999999864,69,2026-09-18T14:20:00+05:30,2026-09-18T14:53:00+05:30
12925,Express,2026-09-17,30,UMB,CDG,43,49,6,44.700000000000045,19,2026-09-18T14:59:00+05:30,2026-09-18T15:48:00+05:30
12925,Express,2026-09-17,31,CDG,SASN,10,16,6,11.299999999999955,21,2026-09-18T15:53:00+05:30,2026-09-18T16:09:00+05:30
12925,Express,2026-09-17,32,SASN,LDH,115,84,-31,101.0,37,2026-09-18T16:21:00+05:30,2026-09-18T17:45:00+05:30
12925,Express,2026-09-17,33,LDH,PGW,29,35,6,35.80000000000018,8,2026-09-18T17:55:00+05:30,2026-09-18T18:30:00+05:30
12925,Express,2026-09-17,34,PGW,JRC,17,15,-2,16.5,14,2026-09-18T18:32:00+05:30,2026-09-18T18:47:00+05:30
12925,Express,2026-09-17,35,JRC,JUC,10,13,3,4.699999999999818,12,2026-09-18T18:49:00+05:30,2026-09-18T19:02:00+05:30
12925,Express,2026-09-17,36,JUC,BEAS,31,29,-2,36.200000000000045,15,2026-09-18T19:07:00+05:30,2026-09-18T19:36:00+05:30
12925,Express,2026-09-17,37,BEAS,ASR,45,40,-5,42.299999999999955,13,2026-09-18T19:38:00+05:30,2026-09-18T20:18:00+05:30
12925,Express,2026-09-18,0,BDTS,BVI,23,33,10,18.4,3,2026-09-18T11:33:00+05:30,2026-09-18T12:06:00+05:30
12925,Express,2026-09-18,1,BVI,DRD,73,81,8,90.1,17,2026-09-18T12:12:00+05:30,2026-09-18T13:33:00+05:30
12925,Express,2026-09-18,2,DRD,VAPI,25,28,3,48.5,24,2026-09-18T13:34:00+05:30,2026-09-18T14:02:00+05:30
12925,Express,2026-09-18,3,VAPI,BL,22,23,1,26.19999999999999,28,2026-09-18T14:08:00+05:30,2026-09-18T14:31:00+05:30
12925,Express,2026-09-18,4,BL,NVS,38,41,3,39.20000000000002,31,2026-09-18T14:36:00+05:30,2026-09-18T15:17:00+05:30
12925,Express,2026-09-18,5,NVS,ST,62,33,-29,29.599999999999994,34,2026-09-18T15:19:00+05:30,2026-09-18T15:52:00+05:30
12925,Express,2026-09-18,6,ST,BH,46,64,18,59.10000000000002,4,2026-09-18T15:56:00+05:30,2026-09-18T17:00:00+05:30
12925,Express,2026-09-18,7,BH,BRC,60,45,-15,70.5,22,2026-09-18T17:02:00+05:30,2026-09-18T17:47:00+05:30
12925,Express,2026-09-18,8,BRC,GDA,73,59,-14,73.89999999999998,5,2026-09-18T17:55:00+05:30,2026-09-18T18:54:00+05:30
12925,Express,2026-09-18,9,GDA,DHD,50,50,0,73.10000000000002,2,2026-09-18T19:07:00+05:30,2026-09-18T19:57:00+05:30
12925,Express,2026-09-18,10,DHD,MGN,25,29,4,33.10000000000002,2,2026-09-18T19:59:00+05:30,2026-09-18T20:28:00+05:30
12925,Express,2026-09-18,11,MGN,RTM,76,66,-10,80.29999999999995,5,2026-09-18T20:29:00+05:30,2026-09-18T21:35:00+05:30
12925,Express,2026-09-18,12,RTM,KUH,29,31,2,30.100000000000023,1,2026-09-18T21:46:00+05:30,2026-09-18T22:17:00+05:30
12925,Express,2026-09-18,13,KUH,NAD,39,20,-19,13.799999999999955,5,2026-09-18T22:21:00+05:30,2026-09-18T22:41:00+05:30
12925,Express,2026-09-18,14,NAD,SGZ,53,79,26,91.70000000000005,0,2026-09-18T23:00:00+05:30,2026-09-19T00:19:00+05:30
12925,Express,2026-09-18,15,SGZ,RMA,38,35,-3,61.39999999999998,26,2026-09-19T00:21:00+05:30,2026-09-19T00:56:00+05:30
12925,Express,2026-09-18,16,RMA,KOTA,65,45,-20,72.29999999999995,23,2026-09-19T00:58:00+05:30,2026-09-19T01:43:00+05:30
12925,Express,2026-09-18,17,KOTA,SWM,73,71,-2,107.80000000000007,4,2026-09-19T01:54:00+05:30,2026-09-19T03:05:00+05:30
12925,Express,2026-09-18,18,SWM,GGC,65,43,-22,63.80000000000007,3,2026-09-19T03:08:00+05:30,2026-09-19T03:51:00+05:30
12925,Express,2026-09-18,19,GGC,HAN,33,32,-1,44.399999999999864,1,2026-09-19T04:16:00+05:30,2026-09-19T04:48:00+05:30
12925,Express,2026-09-18,20,HAN,BXN,28,35,7,32.90000000000009,1,2026-09-19T04:51:00+05:30,2026-09-19T05:26:00+05:30
12925,Express,2026-09-18,21,BXN,BTE,48,29,-19,41.899999999999864,8,2026-09-19T05:28:00+05:30,2026-09-19T05:57:00+05:30
12925,Express,2026-09-18,22,BTE,MTJ,80,40,-40,33.600000000000136,19,2026-09-19T06:29:00+05:30,2026-09-19T07:09:00+05:30
12925,Express,2026-09-18,23,MTJ,FDB,107,110,3,113.0,0,2026-09-19T07:35:00+05:30,2026-09-19T09:25:00+05:30
12925,Express,2026-09-18,24,FDB,NZM,30,41,11,20.899999999999864,14,2026-09-19T09:38:00+05:30,2026-09-19T10:19:00+05:30
12925,Express,2026-09-18,25,NZM,NDLS,44,18,-26,7.2000000000000455,29,2026-09-19T10:25:00+05:30,2026-09-19T10:43:00+05:30
12925,Express,2026-09-18,26,NDLS,SZM,14,16,2,4.100000000000136,7,2026-09-19T11:12:00+05:30,2026-09-19T11:28:00+05:30
12925,Express,2026-09-18,27,SZM,SNP,27,26,-1,40.399999999999864,10,2026-09-19T11:31:00+05:30,2026-09-19T11:57:00+05:30
12925,Express,2026-09-18,28,SNP,PNP,30,44,14,45.40000000000009,10,2026-09-19T12:00:00+05:30,2026-09-19T12:44:00+05:30
12925,Express,2026-09-18,29,PNP,KUN,22,21,-1,34.299999999999955,25,2026-09-19T12:47:00+05:30,2026-09-19T13:08:00+05:30
12925,Express,2026-09-18,30,KUN,KKDE,23,22,-1,33.200000000000045,23,2026-09-19T13:09:00+05:30,2026-09-19T13:31:00+05:30
12925,Express,2026-09-18,31,KKDE,UMB,79,34,-45,41.899999999999864,35,2026-09-19T13:46:00+05:30,2026-09-19T14:20:00+05:30
12925,Express,2026-09-18,32,UMB,CDG,43,64,21,44.700000000000045,0,2026-09-19T14:40:00+05:30,2026-09-19T15:44:00+05:30
12925,Express,2026-09-18,33,CDG,SASN,10,15,5,11.299999999999955,20,2026-09-19T15:52:00+05:30,2026-09-19T16:07:00+05:30
12925,Express,2026-09-18,34,SASN,LDH,115,89,-26,101.0,26,2026-09-19T16:10:00+05:30,2026-09-19T17:39:00+05:30
12925,Express,2026-09-18,35,LDH,PGW,29,36,7,35.80000000000018,1,2026-09-19T17:48:00+05:30,2026-09-19T18:24:00+05:30
12925,Express,2026-09-18,36,PGW,JRC,17,16,-1,16.5,8,2026-09-19T18:26:00+05:30,2026-09-19T18:42:00+05:30
12925,Express,2026-09-18,37,JRC,JUC,10,8,-2,4.699999999999818,7,2026-09-19T18:44:00+05:30,2026-09-19T18:52:00+05:30
12925,Express,2026-09-18,38,JUC,BEAS,31,27,-4,36.200000000000045,6,2026-09-19T18:58:00+05:30,2026-09-19T19:25:00+05:30
12925,Express,2026-09-18,39,BEAS,ASR,45,43,-2,42.299999999999955,3,2026-09-19T19:28:00+05:30,2026-09-19T20:11:00+05:30
12925,Express,2026-09-19,0,BDTS,BVI,23,19,-4,18.4,12,2026-09-19T11:41:37+05:30,2026-09-19T12:00:43+05:30
12925,Express,2026-09-19,1,BVI,DRD,73,89,16,90.1,23,2026-09-19T12:17:51+05:30,2026-09-19T13:47:13+05:30
12925,Express,2026-09-19,2,DRD,VAPI,25,27,2,48.5,39,2026-09-19T13:48:37+05:30,2026-09-19T14:15:24+05:30
12925,Express,2026-09-19,3,VAPI,BL,22,23,1,26.19999999999999,44,2026-09-19T14:23:39+05:30,2026-09-19T14:46:50+05:30
12925,Express,2026-09-19,4,BL,NVS,38,36,-2,39.20000000000002,54,2026-09-19T14:59:02+05:30,2026-09-19T15:35:04+05:30
12925,Express,2026-09-19,5,NVS,ST,62,23,-39,29.599999999999994,56,2026-09-19T15:40:33+05:30,2026-09-19T16:03:17+05:30
12925,Express,2026-09-19,6,ST,BH,46,54,8,59.10000000000002,21,2026-09-19T16:12:59+05:30,2026-09-19T17:07:15+05:30
12925,Express,2026-09-19,7,BRC,GDA,73,57,-16,73.89999999999998,17,2026-09-19T18:06:54+05:30,2026-09-19T19:04:00+05:30
12925,Express,2026-09-19,8,GDA,DHD,50,43,-7,73.10000000000002,8,2026-09-19T19:12:31+05:30,2026-09-19T19:55:58+05:30
12925,Express,2026-09-19,9,DHD,MGN,25,24,-1,33.10000000000002,3,2026-09-19T19:59:42+05:30,2026-09-19T20:23:30+05:30
12925,Express,2026-09-19,10,MGN,RTM,76,65,-11,80.29999999999995,7,2026-09-19T20:31:05+05:30,2026-09-19T21:36:08+05:30
12925,Express,2026-09-19,11,RTM,KUH,29,21,-8,30.100000000000023,9,2026-09-19T21:53:44+05:30,2026-09-19T22:14:15+05:30
12925,Express,2026-09-19,12,KUH,NAD,39,18,-21,13.799999999999955,3,2026-09-19T22:19:22+05:30,2026-09-19T22:37:10+05:30
12925,Express,2026-09-19,13,NAD,SGZ,53,53,0,91.70000000000005,5,2026-09-19T23:05:22+05:30,2026-09-19T23:58:27+05:30
12925,Express,2026-09-19,14,SGZ,RMA,38,28,-10,61.39999999999998,12,2026-09-20T00:07:09+05:30,2026-09-20T00:35:26+05:30
12925,Express,2026-09-19,15,RMA,KOTA,65,48,-17,72.29999999999995,9,2026-09-20T00:44:02+05:30,2026-09-20T01:32:10+05:30
12925,Express,2026-09-19,16,SWM,GGC,65,39,-26,63.80000000000007,13,2026-09-20T03:18:26+05:30,2026-09-20T03:57:51+05:30
12925,Express,2026-09-19,17,GGC,HAN,33,30,-3,44.399999999999864,1,2026-09-20T04:16:08+05:30,2026-09-20T04:46:22+05:30
12925,Express,2026-09-19,18,HAN,BXN,28,28,0,32.90000000000009,4,2026-09-20T04:53:48+05:30,2026-09-20T05:22:03+05:30
12925,Express,2026-09-19,19,BXN,BTE,48,32,-16,41.899999999999864,8,2026-09-20T05:27:46+05:30,2026-09-20T05:59:54+05:30
12925,Express,2026-09-19,20,BTE,MTJ,80,70,-10,33.600000000000136,8,2026-09-20T06:18:20+05:30,2026-09-20T07:28:39+05:30
12925,Express,2026-09-19,21,MTJ,FDB,107,114,7,113.0,5,2026-09-20T07:40:26+05:30,2026-09-20T09:34:02+05:30
12925,Express,2026-09-19,22,FDB,NZM,30,38,8,20.899999999999864,18,2026-09-20T09:42:28+05:30,2026-09-20T10:20:01+05:30
12925,Express,2026-09-19,23,NZM,NDLS,44,21,-23,7.2000000000000455,34,2026-09-20T10:30:11+05:30,2026-09-20T10:51:25+05:30
12925,Express,2026-09-19,24,NDLS,SZM,14,16,2,4.100000000000136,5,2026-09-20T11:10:15+05:30,2026-09-20T11:26:15+05:30
12925,Express,2026-09-19,25,SZM,SNP,27,33,6,40.399999999999864,11,2026-09-20T11:32:00+05:30,2026-09-20T12:05:14+05:30
12925,Express,2026-09-19,26,SNP,PNP,30,48,18,45.40000000000009,23,2026-09-20T12:13:01+05:30,2026-09-20T13:00:59+05:30
12925,Express,2026-09-19,27,PNP,KUN,22,35,13,34.299999999999955,44,2026-09-20T13:06:06+05:30,2026-09-20T13:41:11+05:30
12925,Express,2026-09-19,28,KUN,KKDE,23,17,-6,33.200000000000045,61,2026-09-20T13:47:18+05:30,2026-09-20T14:04:13+05:30
12925,Express,2026-09-19,29,KKDE,UMB,79,24,-55,41.899999999999864,60,2026-09-20T14:11:11+05:30,2026-09-20T14:34:49+05:30
12925,Express,2026-09-19,30,UMB,CDG,43,62,19,44.700000000000045,10,2026-09-20T14:49:34+05:30,2026-09-20T15:51:37+05:30
12925,Express,2026-09-19,31,CDG,SASN,10,5,-5,11.299999999999955,29,2026-09-20T16:01:10+05:30,2026-09-20T16:06:27+05:30
12925,Express,2026-09-19,32,SASN,LDH,115,88,-27,101.0,32,2026-09-20T16:15:41+05:30,2026-09-20T17:43:45+05:30
12925,Express,2026-09-19,33,LDH,PGW,29,30,1,35.80000000000018,12,2026-09-20T17:59:06+05:30,2026-09-20T18:28:51+05:30
12925,Express,2026-09-20,0,BDTS,BVI,23,30,7,18.4,1,2026-09-20T11:31:00+05:30,2026-09-20T12:01:00+05:30
12925,Express,2026-09-20,1,BVI,DRD,73,70,-3,90.1,16,2026-09-20T12:11:00+05:30,2026-09-20T13:21:00+05:30
12925,Express,2026-09-20,2,DRD,VAPI,25,38,13,48.5,13,2026-09-20T13:23:00+05:30,2026-09-20T14:01:00+05:30
12925,Express,2026-09-20,3,VAPI,BL,22,21,-1,26.19999999999999,26,2026-09-20T14:06:00+05:30,2026-09-20T14:27:00+05:30
12925,Express,2026-09-20,4,BL,NVS,38,26,-12,39.20000000000002,24,2026-09-20T14:29:00+05:30,2026-09-20T14:55:00+05:30
12925,Express,2026-09-20,5,NVS,ST,62,59,-3,29.599999999999994,12,2026-09-20T14:57:00+05:30,2026-09-20T15:56:00+05:30
12925,Express,2026-09-20,6,ST,BH,46,44,-2,59.10000000000002,10,2026-09-20T16:02:00+05:30,2026-09-20T16:46:00+05:30
12925,Express,2026-09-20,7,BH,BRC,60,50,-10,70.5,8,2026-09-20T16:48:00+05:30,2026-09-20T17:38:00+05:30
12925,Express,2026-09-20,8,BRC,GDA,73,61,-12,73.89999999999998,0,2026-09-20T17:50:00+05:30,2026-09-20T18:51:00+05:30
12925,Express,2026-09-20,9,GDA,DHD,50,49,-1,73.10000000000002,0,2026-09-20T19:05:00+05:30,2026-09-20T19:54:00+05:30
12925,Express,2026-09-20,10,DHD,MGN,25,27,2,33.10000000000002,0,2026-09-20T19:57:00+05:30,2026-09-20T20:24:00+05:30
12925,Express,2026-09-20,11,MGN,RTM,76,68,-8,80.29999999999995,2,2026-09-20T20:26:00+05:30,2026-09-20T21:34:00+05:30
12925,Express,2026-09-20,12,RTM,KUH,29,26,-3,30.100000000000023,5,2026-09-20T21:50:00+05:30,2026-09-20T22:16:00+05:30
12925,Express,2026-09-20,13,KUH,NAD,39,23,-16,13.799999999999955,5,2026-09-20T22:21:00+05:30,2026-09-20T22:44:00+05:30
12925,Express,2026-09-20,14,NAD,SGZ,53,62,9,91.70000000000005,1,2026-09-20T23:01:00+05:30,2026-09-21T00:03:00+05:30
12925,Express,2026-09-20,15,SGZ,RMA,38,38,0,61.39999999999998,10,2026-09-21T00:05:00+05:30,2026-09-21T00:43:00+05:30
12925,Express,2026-09-20,16,RMA,KOTA,65,59,-6,72.29999999999995,29,2026-09-21T01:04:00+05:30,2026-09-21T02:03:00+05:30
12925,Express,2026-09-20,17,KOTA,SWM,73,74,1,107.80000000000007,24,2026-09-21T02:14:00+05:30,2026-09-21T03:28:00+05:30
12925,Express,2026-09-20,18,SWM,GGC,65,64,-1,63.80000000000007,25,2026-09-21T03:30:00+05:30,2026-09-21T04:34:00+05:30
12925,Express,2026-09-20,19,GGC,HAN,33,31,-2,44.399999999999864,24,2026-09-21T04:39:00+05:30,2026-09-21T05:10:00+05:30
12925,Express,2026-09-20,20,HAN,BXN,28,26,-2,32.90000000000009,22,2026-09-21T05:12:00+05:30,2026-09-21T05:38:00+05:30
12925,Express,2026-09-20,21,BXN,BTE,48,28,-20,41.899999999999864,21,2026-09-21T05:41:00+05:30,2026-09-21T06:09:00+05:30
12925,Express,2026-09-20,22,BTE,MTJ,80,54,-26,33.600000000000136,16,2026-09-21T06:26:00+05:30,2026-09-21T07:20:00+05:30
12925,Express,2026-09-20,23,MTJ,FDB,107,120,13,113.0,4,2026-09-21T07:39:00+05:30,2026-09-21T09:39:00+05:30
12925,Express,2026-09-20,24,FDB,NZM,30,35,5,20.899999999999864,18,2026-09-21T09:42:00+05:30,2026-09-21T10:17:00+05:30
12925,Express,2026-09-20,25,NZM,NDLS,44,25,-19,7.2000000000000455,24,2026-09-21T10:20:00+05:30,2026-09-21T10:45:00+05:30
12925,Express,2026-09-20,26,NDLS,SZM,14,18,4,4.100000000000136,7,2026-09-21T11:12:00+05:30,2026-09-21T11:30:00+05:30
12925,Express,2026-09-20,27,SZM,SNP,27,36,9,40.399999999999864,11,2026-09-21T11:32:00+05:30,2026-09-21T12:08:00+05:30
12925,Express,2026-09-20,28,SNP,PNP,30,71,41,45.40000000000009,20,2026-09-21T12:10:00+05:30,2026-09-21T13:21:00+05:30
12925,Express,2026-09-20,29,PNP,KUN,22,25,3,34.299999999999955,61,2026-09-21T13:23:00+05:30,2026-09-21T13:48:00+05:30
12925,Express,2026-09-20,30,KUN,KKDE,23,23,0,33.200000000000045,64,2026-09-21T13:50:00+05:30,2026-09-21T14:13:00+05:30
12925,Express,2026-09-20,31,KKDE,UMB,79,32,-47,41.899999999999864,64,2026-09-21T14:15:00+05:30,2026-09-21T14:47:00+05:30
12925,Express,2026-09-20,32,UMB,CDG,43,52,9,44.700000000000045,13,2026-09-21T14:53:00+05:30,2026-09-21T15:45:00+05:30
12925,Express,2026-09-20,33,CDG,SASN,10,17,7,11.299999999999955,20,2026-09-21T15:52:00+05:30,2026-09-21T16:09:00+05:30
12925,Express,2026-09-20,34,SASN,LDH,115,92,-23,101.0,27,2026-09-21T16:11:00+05:30,2026-09-21T17:43:00+05:30
12925,Express,2026-09-20,35,LDH,PGW,29,37,8,35.80000000000018,18,2026-09-21T18:05:00+05:30,2026-09-21T18:42:00+05:30
12925,Express,2026-09-20,36,PGW,JRC,17,15,-2,16.5,26,2026-09-21T18:44:00+05:30,2026-09-21T18:59:00+05:30
12925,Express,2026-09-20,37,JRC,JUC,10,7,-3,4.699999999999818,25,2026-09-21T19:02:00+05:30,2026-09-21T19:09:00+05:30
12925,Express,2026-09-20,38,JUC,BEAS,31,29,-2,36.200000000000045,21,2026-09-21T19:13:00+05:30,2026-09-21T19:42:00+05:30
12925,Express,2026-09-20,39,BEAS,ASR,45,46,1,42.299999999999955,19,2026-09-21T19:44:00+05:30,2026-09-21T20:30:00+05:30
12925,Express,2026-09-21,0,BDTS,BVI,23,18,-5,18.4,11,2026-09-21T11:40:54+05:30,2026-09-21T11:59:03+05:30
12925,Express,2026-09-21,1,DRD,VAPI,25,28,3,48.5,16,2026-09-21T13:25:44+05:30,2026-09-21T13:53:23+05:30
12925,Express,2026-09-21,2,VAPI,BL,22,26,4,26.19999999999999,20,2026-09-21T13:59:53+05:30,2026-09-21T14:25:45+05:30
12925,Express,2026-09-21,3,BL,NVS,38,23,-15,39.20000000000002,29,2026-09-21T14:33:56+05:30,2026-09-21T14:56:56+05:30
12925,Express,2026-09-21,4,NVS,ST,62,44,-18,29.599999999999994,17,2026-09-21T15:01:51+05:30,2026-09-21T15:45:58+05:30
12925,Express,2026-09-21,5,ST,BH,46,41,-5,59.10000000000002,2,2026-09-21T15:54:28+05:30,2026-09-21T16:35:57+05:30
12925,Express,2026-09-21,6,BRC,GDA,73,53,-20,73.89999999999998,14,2026-09-21T18:04:18+05:30,2026-09-21T18:57:33+05:30
12925,Express,2026-09-21,7,GDA,DHD,50,52,2,73.10000000000002,2,2026-09-21T19:07:13+05:30,2026-09-21T19:59:02+05:30
12925,Express,2026-09-21,8,DHD,MGN,25,26,1,33.10000000000002,6,2026-09-21T20:03:05+05:30,2026-09-21T20:29:03+05:30
12925,Express,2026-09-21,9,MGN,RTM,76,75,-1,80.29999999999995,8,2026-09-21T20:32:26+05:30,2026-09-21T21:47:12+05:30
12925,Express,2026-09-21,10,RTM,KUH,29,26,-3,30.100000000000023,12,2026-09-21T21:57:14+05:30,2026-09-21T22:23:14+05:30
12925,Express,2026-09-21,11,KUH,NAD,39,13,-26,13.799999999999955,15,2026-09-21T22:31:24+05:30,2026-09-21T22:44:25+05:30
12925,Express,2026-09-21,12,NAD,SGZ,53,62,9,91.70000000000005,1,2026-09-21T23:00:59+05:30,2026-09-22T00:02:40+05:30
12925,Express,2026-09-21,13,SGZ,RMA,38,31,-7,61.39999999999998,13,2026-09-22T00:08:08+05:30,2026-09-22T00:38:45+05:30
12925,Express,2026-09-21,14,RMA,KOTA,65,40,-25,72.29999999999995,12,2026-09-22T00:47:07+05:30,2026-09-22T01:27:07+05:30
12925,Express,2026-09-21,15,SWM,GGC,65,43,-22,63.80000000000007,9,2026-09-22T03:14:13+05:30,2026-09-22T03:57:28+05:30
12925,Express,2026-09-21,16,GGC,HAN,33,30,-3,44.399999999999864,7,2026-09-22T04:22:17+05:30,2026-09-22T04:52:18+05:30
12925,Express,2026-09-21,17,HAN,BXN,28,26,-2,32.90000000000009,6,2026-09-22T04:56:24+05:30,2026-09-22T05:22:31+05:30
12925,Express,2026-09-21,18,BXN,BTE,48,62,14,41.899999999999864,10,2026-09-22T05:29:37+05:30,2026-09-22T06:31:52+05:30
12925,Express,2026-09-21,19,BTE,MTJ,80,37,-43,33.600000000000136,34,2026-09-22T06:43:54+05:30,2026-09-22T07:21:19+05:30
12925,Express,2026-09-21,20,MTJ,FDB,107,119,12,113.0,0,2026-09-22T07:35:00+05:30,2026-09-22T09:33:52+05:30
12925,Express,2026-09-21,21,FDB,NZM,30,38,8,20.899999999999864,18,2026-09-22T09:42:05+05:30,2026-09-22T10:20:14+05:30
12925,Express,2026-09-21,22,NZM,NDLS,44,20,-24,7.2000000000000455,31,2026-09-22T10:27:18+05:30,2026-09-22T10:47:13+05:30
12925,Express,2026-09-21,23,SZM,SNP,27,28,1,40.399999999999864,25,2026-09-22T11:46:14+05:30,2026-09-22T12:14:37+05:30
12925,Express,2026-09-21,24,SNP,PNP,30,42,12,45.40000000000009,32,2026-09-22T12:21:56+05:30,2026-09-22T13:04:07+05:30
12925,Express,2026-09-21,25,PNP,KUN,22,29,7,34.299999999999955,47,2026-09-22T13:08:36+05:30,2026-09-22T13:37:10+05:30
12925,Express,2026-09-21,26,KUN,KKDE,23,18,-5,33.200000000000045,52,2026-09-22T13:38:29+05:30,2026-09-22T13:56:10+05:30
12925,Express,2026-09-21,27,KKDE,UMB,79,27,-52,41.899999999999864,52,2026-09-22T14:03:12+05:30,2026-09-22T14:30:11+05:30
12925,Express,2026-09-21,28,UMB,CDG,43,51,8,44.700000000000045,7,2026-09-22T14:46:30+05:30,2026-09-22T15:37:55+05:30
12925,Express,2026-09-21,29,CDG,SASN,10,4,-6,11.299999999999955,17,2026-09-22T15:49:20+05:30,2026-09-22T15:52:54+05:30
12925,Express,2026-09-21,30,SASN,LDH,115,107,-8,101.0,19,2026-09-22T16:02:47+05:30,2026-09-22T17:49:31+05:30
12925,Express,2026-09-21,31,LDH,PGW,29,27,-2,35.80000000000018,18,2026-09-22T18:05:19+05:30,2026-09-22T18:32:30+05:30
12925,Express,2026-09-21,32,PGW,JRC,17,10,-7,16.5,22,2026-09-22T18:39:56+05:30,2026-09-22T18:49:29+05:30
12925,Express,2026-09-21,33,JRC,JUC,10,7,-3,4.699999999999818,23,2026-09-22T18:59:36+05:30,2026-09-22T19:06:16+05:30
12925,Express,2026-09-21,34,JUC,BEAS,31,24,-7,36.200000000000045,23,2026-09-22T19:15:17+05:30,2026-09-22T19:39:27+05:30
12925,Express,2026-09-23,0,BVI,DRD,73,71,-2,90.1,26,2026-09-23T12:21:05+05:30,2026-09-23T13:32:05+05:30
12925,Express,2026-09-23,1,DRD,VAPI,25,33,8,48.5,27,2026-09-23T13:37:26+05:30,2026-09-23T14:10:55+05:30
12925,Express,2026-09-23,2,VAPI,BL,22,21,-1,26.19999999999999,38,2026-09-23T14:18:14+05:30,2026-09-23T14:39:20+05:30
12925,Express,2026-09-23,3,BL,NVS,38,23,-15,39.20000000000002,41,2026-09-23T14:46:03+05:30,2026-09-23T15:09:06+05:30
12925,Express,2026-09-23,4,NVS,ST,62,30,-32,29.599999999999994,28,2026-09-23T15:13:22+05:30,2026-09-23T15:42:58+05:30
12925,Express,2026-09-23,5,ST,BH,46,47,1,59.10000000000002,2,2026-09-23T15:53:51+05:30,2026-09-23T16:40:28+05:30
12925,Express,2026-09-23,6,BRC,GDA,73,66,-7,73.89999999999998,12,2026-09-23T18:02:14+05:30,2026-09-23T19:08:30+05:30
12925,Express,2026-09-23,7,GDA,DHD,50,43,-7,73.10000000000002,12,2026-09-23T19:16:35+05:30,2026-09-23T19:59:53+05:30
12925,Express,2026-09-23,8,DHD,MGN,25,21,-4,33.10000000000002,11,2026-09-23T20:07:33+05:30,2026-09-23T20:28:59+05:30
12925,Express,2026-09-23,9,MGN,RTM,76,75,-1,80.29999999999995,12,2026-09-23T20:35:35+05:30,2026-09-23T21:50:25+05:30
12925,Express,2026-09-23,10,RTM,KUH,29,18,-11,30.100000000000023,15,2026-09-23T22:00:21+05:30,2026-09-23T22:18:20+05:30
12925,Express,2026-09-23,11,KUH,NAD,39,21,-18,13.799999999999955,9,2026-09-23T22:24:30+05:30,2026-09-23T22:45:12+05:30
12925,Express,2026-09-24,0,BVI,DRD,73,73,0,90.1,22,2026-09-24T12:16:52+05:30,2026-09-24T13:30:08+05:30
12925,Express,2026-09-24,1,DRD,VAPI,25,25,0,48.5,24,2026-09-24T13:33:51+05:30,2026-09-24T13:59:09+05:30
12925,Express,2026-09-24,2,VAPI,BL,22,19,-3,26.19999999999999,30,2026-09-24T14:09:56+05:30,2026-09-24T14:28:30+05:30
12925,Express,2026-09-24,3,BL,NVS,38,26,-12,39.20000000000002,34,2026-09-24T14:38:30+05:30,2026-09-24T15:04:00+05:30
12925,Express,2026-09-24,4,NVS,ST,62,28,-34,29.599999999999994,35,2026-09-24T15:20:06+05:30,2026-09-24T15:48:05+05:30
12925,Express,2026-09-24,5,ST,BH,46,44,-2,59.10000000000002,6,2026-09-24T15:57:37+05:30,2026-09-24T16:41:40+05:30
12925,Express,2026-09-24,6,BRC,GDA,73,63,-10,73.89999999999998,6,2026-09-24T17:56:27+05:30,2026-09-24T18:59:55+05:30
12925,Express,2026-09-24,7,GDA,DHD,50,47,-3,73.10000000000002,5,2026-09-24T19:09:40+05:30,2026-09-24T19:56:50+05:30
12925,Express,2026-09-24,8,DHD,MGN,25,23,-2,33.10000000000002,6,2026-09-24T20:03:05+05:30,2026-09-24T20:25:50+05:30
12925,Express,2026-09-24,9,MGN,RTM,76,61,-15,80.29999999999995,11,2026-09-24T20:35:05+05:30,2026-09-24T21:35:40+05:30
12925,Express,2026-09-24,10,RTM,KUH,29,18,-11,30.100000000000023,5,2026-09-24T21:50:27+05:30,2026-09-24T22:08:24+05:30
12925,Express,2026-09-24,11,KUH,NAD,39,24,-15,13.799999999999955,4,2026-09-24T22:19:52+05:30,2026-09-24T22:43:32+05:30
12925,Express,2026-09-24,12,NAD,SGZ,53,71,18,91.70000000000005,0,2026-09-24T23:00:25+05:30,2026-09-25T00:11:27+05:30
12925,Express,2026-09-24,13,SGZ,RMA,38,34,-4,61.39999999999998,18,2026-09-25T00:13:14+05:30,2026-09-25T00:47:05+05:30
12926,Express,2026-09-17,0,ASR,BEAS,28,38,10,42.3,2,2026-09-17T07:22:00+05:30,2026-09-17T08:00:00+05:30
12926,Express,2026-09-17,1,BEAS,JUC,37,29,-8,36.2,12,2026-09-17T08:02:00+05:30,2026-09-17T08:31:00+05:30
12926,Express,2026-09-17,2,JUC,JRC,8,9,1,4.700000000000003,4,2026-09-17T08:36:00+05:30,2026-09-17T08:45:00+05:30
12926,Express,2026-09-17,3,JRC,PGW,12,14,2,16.5,5,2026-09-17T08:47:00+05:30,2026-09-17T09:01:00+05:30
12926,Express,2026-09-17,4,PGW,LDH,34,32,-2,35.8,7,2026-09-17T09:03:00+05:30,2026-09-17T09:35:00+05:30
12926,Express,2026-09-17,5,LDH,SASN,121,89,-32,101.0,7,2026-09-17T09:47:00+05:30,2026-09-17T11:16:00+05:30
12926,Express,2026-09-17,6,SASN,CDG,27,16,-11,11.300000000000011,0,2026-09-17T11:43:00+05:30,2026-09-17T11:59:00+05:30
12926,Express,2026-09-17,7,CDG,UMB,40,39,-1,44.69999999999999,0,2026-09-17T12:20:00+05:30,2026-09-17T12:59:00+05:30
12926,Express,2026-09-17,8,UMB,KKDE,29,34,5,41.89999999999998,1,2026-09-17T13:11:00+05:30,2026-09-17T13:45:00+05:30
12926,Express,2026-09-17,9,KKDE,KUN,23,23,0,33.200000000000045,6,2026-09-17T13:47:00+05:30,2026-09-17T14:10:00+05:30
12926,Express,2026-09-17,10,KUN,PNP,22,26,4,34.299999999999955,6,2026-09-17T14:12:00+05:30,2026-09-17T14:38:00+05:30
12926,Express,2026-09-17,11,PNP,SNP,28,27,-1,45.400000000000034,10,2026-09-17T14:40:00+05:30,2026-09-17T15:07:00+05:30
12926,Express,2026-09-17,12,SNP,SZM,29,31,2,40.39999999999998,9,2026-09-17T15:09:00+05:30,2026-09-17T15:40:00+05:30
12926,Express,2026-09-17,13,SZM,NDLS,49,28,-21,4.100000000000023,11,2026-09-17T15:42:00+05:30,2026-09-17T16:10:00+05:30
12926,Express,2026-09-17,14,NDLS,FDB,27,43,16,28.099999999999966,0,2026-09-17T16:35:00+05:30,2026-09-17T17:18:00+05:30
12926,Express,2026-09-17,15,FDB,MTJ,126,88,-38,112.89999999999998,33,2026-09-17T17:37:00+05:30,2026-09-17T19:05:00+05:30
12926,Express,2026-09-17,16,MTJ,BTE,23,25,2,33.700000000000045,0,2026-09-17T19:15:00+05:30,2026-09-17T19:40:00+05:30
12926,Express,2026-09-17,17,BTE,BXN,33,32,-1,41.89999999999998,6,2026-09-17T19:46:00+05:30,2026-09-17T20:18:00+05:30
12926,Express,2026-09-17,18,BXN,HAN,23,19,-4,32.89999999999998,6,2026-09-17T20:21:00+05:30,2026-09-17T20:40:00+05:30
12926,Express,2026-09-17,19,HAN,GGC,30,38,8,44.40000000000009,2,2026-09-17T20:42:00+05:30,2026-09-17T21:20:00+05:30
12926,Express,2026-09-17,20,GGC,SWM,43,43,0,63.799999999999955,13,2026-09-17T21:28:00+05:30,2026-09-17T22:11:00+05:30
12926,Express,2026-09-17,21,SWM,KOTA,90,90,0,107.89999999999998,15,2026-09-17T22:15:00+05:30,2026-09-17T23:45:00+05:30
12926,Express,2026-09-17,22,KOTA,RMA,53,55,2,72.19999999999993,17,2026-09-17T23:57:00+05:30,2026-09-18T00:52:00+05:30
12926,Express,2026-09-17,23,RMA,SGZ,48,42,-6,61.40000000000009,19,2026-09-18T00:54:00+05:30,2026-09-18T01:36:00+05:30
12926,Express,2026-09-17,24,SGZ,NAD,133,97,-36,91.79999999999995,13,2026-09-18T01:38:00+05:30,2026-09-18T03:15:00+05:30
12926,Express,2026-09-17,25,NAD,KUH,13,18,5,13.700000000000045,5,2026-09-18T03:45:00+05:30,2026-09-18T04:03:00+05:30
12926,Express,2026-09-17,26,KUH,RTM,30,23,-7,27.59999999999991,9,2026-09-18T04:04:00+05:30,2026-09-18T04:27:00+05:30
12926,Express,2026-09-17,27,RTM,MGN,63,63,0,82.80000000000018,2,2026-09-18T04:37:00+05:30,2026-09-18T05:40:00+05:30
12926,Express,2026-09-17,28,MGN,DHD,24,22,-2,33.19999999999982,2,2026-09-18T05:42:00+05:30,2026-09-18T06:04:00+05:30
12926,Express,2026-09-17,29,DHD,GDA,69,60,-9,73.0,1,2026-09-18T06:07:00+05:30,2026-09-18T07:07:00+05:30
12926,Express,2026-09-17,30,GDA,BRC,60,68,8,73.90000000000009,2,2026-09-18T07:19:00+05:30,2026-09-18T08:27:00+05:30
12926,Express,2026-09-17,31,BRC,BH,53,50,-3,70.5,8,2026-09-18T08:35:00+05:30,2026-09-18T09:25:00+05:30
12926,Express,2026-09-17,32,BH,ST,67,55,-12,59.09999999999991,5,2026-09-18T09:27:00+05:30,2026-09-18T10:22:00+05:30
12926,Express,2026-09-17,33,ST,NVS,19,21,2,29.600000000000136,0,2026-09-18T10:34:00+05:30,2026-09-18T10:55:00+05:30
12926,Express,2026-09-17,34,NVS,BL,33,37,4,39.200000000000045,2,2026-09-18T10:57:00+05:30,2026-09-18T11:34:00+05:30
12926,Express,2026-09-17,35,BL,VAPI,18,19,1,26.299999999999955,8,2026-09-18T11:38:00+05:30,2026-09-18T11:57:00+05:30
12926,Express,2026-09-17,36,VAPI,DRD,28,33,5,48.5,9,2026-09-18T11:59:00+05:30,2026-09-18T12:32:00+05:30
12926,Express,2026-09-17,37,DRD,BVI,78,83,5,90.0,14,2026-09-18T12:34:00+05:30,2026-09-18T13:57:00+05:30
12926,Express,2026-09-17,38,BVI,BDTS,60,37,-23,18.399999999999864,17,2026-09-18T13:57:00+05:30,2026-09-18T14:34:00+05:30
12926,Express,2026-09-18,0,ASR,BEAS,28,35,7,42.3,0,2026-09-18T07:20:00+05:30,2026-09-18T07:55:00+05:30
12926,Express,2026-09-18,1,BEAS,JUC,37,34,-3,36.2,7,2026-09-18T07:57:00+05:30,2026-09-18T08:31:00+05:30
12926,Express,2026-09-18,2,JUC,JRC,8,8,0,4.700000000000003,13,2026-09-18T08:45:00+05:30,2026-09-18T08:53:00+05:30
12926,Express,2026-09-18,3,JRC,PGW,12,12,0,16.5,13,2026-09-18T08:55:00+05:30,2026-09-18T09:07:00+05:30
12926,Express,2026-09-18,4,PGW,LDH,34,26,-8,35.8,13,2026-09-18T09:09:00+05:30,2026-09-18T09:35:00+05:30
12926,Express,2026-09-18,5,LDH,SASN,121,95,-26,101.0,4,2026-09-18T09:44:00+05:30,2026-09-18T11:19:00+05:30
12926,Express,2026-09-18,6,SASN,CDG,27,16,-11,11.300000000000011,0,2026-09-18T11:43:00+05:30,2026-09-18T11:59:00+05:30
12926,Express,2026-09-18,7,CDG,UMB,40,35,-5,44.69999999999999,0,2026-09-18T12:20:00+05:30,2026-09-18T12:55:00+05:30
12926,Express,2026-09-18,8,KUN,PNP,22,30,8,34.299999999999955,7,2026-09-18T14:13:00+05:30,2026-09-18T14:43:00+05:30
12926,Express,2026-09-18,9,PNP,SNP,28,32,4,45.400000000000034,15,2026-09-18T14:45:00+05:30,2026-09-18T15:17:00+05:30
12926,Express,2026-09-18,10,SNP,SZM,29,32,3,40.39999999999998,18,2026-09-18T15:18:00+05:30,2026-09-18T15:50:00+05:30
12926,Express,2026-09-18,11,SZM,NDLS,49,18,-31,4.100000000000023,24,2026-09-18T15:55:00+05:30,2026-09-18T16:13:00+05:30
12926,Express,2026-09-18,12,NDLS,FDB,27,61,34,28.099999999999966,3,2026-09-18T16:38:00+05:30,2026-09-18T17:39:00+05:30
12926,Express,2026-09-18,13,FDB,MTJ,126,106,-20,112.89999999999998,35,2026-09-18T17:39:00+05:30,2026-09-18T19:25:00+05:30
12926,Express,2026-09-18,14,MTJ,BTE,23,31,8,33.700000000000045,15,2026-09-18T19:30:00+05:30,2026-09-18T20:01:00+05:30
12926,Express,2026-09-18,15,BTE,BXN,33,29,-4,41.89999999999998,26,2026-09-18T20:06:00+05:30,2026-09-18T20:35:00+05:30
12926,Express,2026-09-18,16,BXN,HAN,23,21,-2,32.89999999999998,23,2026-09-18T20:38:00+05:30,2026-09-18T20:59:00+05:30
12926,Express,2026-09-18,17,HAN,GGC,30,35,5,44.40000000000009,21,2026-09-18T21:01:00+05:30,2026-09-18T21:36:00+05:30
12926,Express,2026-09-18,18,GGC,SWM,43,43,0,63.799999999999955,25,2026-09-18T21:40:00+05:30,2026-09-18T22:23:00+05:30
12926,Express,2026-09-18,19,KOTA,RMA,53,50,-3,72.19999999999993,6,2026-09-18T23:46:00+05:30,2026-09-19T00:36:00+05:30
12926,Express,2026-09-18,20,RMA,SGZ,48,45,-3,61.40000000000009,18,2026-09-19T00:53:00+05:30,2026-09-19T01:38:00+05:30
12926,Express,2026-09-18,21,SGZ,NAD,133,113,-20,91.79999999999995,15,2026-09-19T01:40:00+05:30,2026-09-19T03:33:00+05:30
12926,Express,2026-09-18,22,NAD,KUH,13,15,2,13.700000000000045,0,2026-09-19T03:40:00+05:30,2026-09-19T03:55:00+05:30
12926,Express,2026-09-18,23,KUH,RTM,30,22,-8,27.59999999999991,2,2026-09-19T03:57:00+05:30,2026-09-19T04:19:00+05:30
12926,Express,2026-09-18,24,RTM,MGN,63,64,1,82.80000000000018,1,2026-09-19T04:36:00+05:30,2026-09-19T05:40:00+05:30
12926,Express,2026-09-18,25,MGN,DHD,24,23,-1,33.19999999999982,2,2026-09-19T05:42:00+05:30,2026-09-19T06:05:00+05:30
12926,Express,2026-09-18,26,DHD,GDA,69,50,-19,73.0,2,2026-09-19T06:08:00+05:30,2026-09-19T06:58:00+05:30
12926,Express,2026-09-18,27,GDA,BRC,60,80,20,73.90000000000009,0,2026-09-19T07:17:00+05:30,2026-09-19T08:37:00+05:30
12926,Express,2026-09-18,28,BRC,BH,53,48,-5,70.5,17,2026-09-19T08:44:00+05:30,2026-09-19T09:32:00+05:30
12926,Express,2026-09-18,29,BH,ST,67,45,-22,59.09999999999991,11,2026-09-19T09:33:00+05:30,2026-09-19T10:18:00+05:30
12926,Express,2026-09-18,30,ST,NVS,19,20,1,29.600000000000136,1,2026-09-19T10:35:00+05:30,2026-09-19T10:55:00+05:30
12926,Express,2026-09-18,31,NVS,BL,33,31,-2,39.200000000000045,1,2026-09-19T10:56:00+05:30,2026-09-19T11:27:00+05:30
12926,Express,2026-09-18,32,BL,VAPI,18,21,3,26.299999999999955,0,2026-09-19T11:30:00+05:30,2026-09-19T11:51:00+05:30
12926,Express,2026-09-18,33,VAPI,DRD,28,34,6,48.5,6,2026-09-19T11:56:00+05:30,2026-09-19T12:30:00+05:30
12926,Express,2026-09-19,0,ASR,BEAS,28,70,42,42.3,37,2026-09-19T07:57:00+05:30,2026-09-19T09:07:00+05:30
12926,Express,2026-09-19,1,BEAS,JUC,37,29,-8,36.2,79,2026-09-19T09:09:00+05:30,2026-09-19T09:38:00+05:30
12926,Express,2026-09-19,2,JUC,JRC,8,10,2,4.700000000000003,71,2026-09-19T09:43:00+05:30,2026-09-19T09:53:00+05:30
12926,Express,2026-09-19,3,JRC,PGW,12,14,2,16.5,73,2026-09-19T09:55:00+05:30,2026-09-19T10:09:00+05:30
12926,Express,2026-09-19,4,PGW,LDH,34,45,11,35.8,75,2026-09-19T10:11:00+05:30,2026-09-19T10:56:00+05:30
12926,Express,2026-09-19,5,LDH,SASN,121,85,-36,101.0,83,2026-09-19T11:03:00+05:30,2026-09-19T12:28:00+05:30
12926,Express,2026-09-19,6,SASN,CDG,27,15,-12,11.300000000000011,47,2026-09-19T12:30:00+05:30,2026-09-19T12:45:00+05:30
12926,Express,2026-09-19,7,CDG,UMB,40,39,-1,44.69999999999999,32,2026-09-19T12:52:00+05:30,2026-09-19T13:31:00+05:30
12926,Express,2026-09-19,8,UMB,KKDE,29,32,3,41.89999999999998,28,2026-09-19T13:38:00+05:30,2026-09-19T14:10:00+05:30
12926,Express,2026-09-19,9,KKDE,KUN,23,26,3,33.200000000000045,31,2026-09-19T14:12:00+05:30,2026-09-19T14:38:00+05:30
12926,Express,2026-09-19,10,KUN,PNP,22,25,3,34.299999999999955,34,2026-09-19T14:40:00+05:30,2026-09-19T15:05:00+05:30
12926,Express,2026-09-19,11,PNP,SNP,28,32,4,45.400000000000034,38,2026-09-19T15:08:00+05:30,2026-09-19T15:40:00+05:30
12926,Express,2026-09-19,12,SNP,SZM,29,42,13,40.39999999999998,42,2026-09-19T15:42:00+05:30,2026-09-19T16:24:00+05:30
12926,Express,2026-09-19,13,SZM,NDLS,49,15,-34,4.100000000000023,55,2026-09-19T16:26:00+05:30,2026-09-19T16:41:00+05:30
12926,Express,2026-09-19,14,NDLS,FDB,27,32,5,28.099999999999966,31,2026-09-19T17:06:00+05:30,2026-09-19T17:38:00+05:30
12926,Express,2026-09-19,15,FDB,MTJ,126,96,-30,112.89999999999998,35,2026-09-19T17:39:00+05:30,2026-09-19T19:15:00+05:30
12926,Express,2026-09-19,16,MTJ,BTE,23,25,2,33.700000000000045,16,2026-09-19T19:31:00+05:30,2026-09-19T19:56:00+05:30
12926,Express,2026-09-19,17,BTE,BXN,33,29,-4,41.89999999999998,22,2026-09-19T20:02:00+05:30,2026-09-19T20:31:00+05:30
12926,Express,2026-09-19,18,BXN,HAN,23,21,-2,32.89999999999998,20,2026-09-19T20:35:00+05:30,2026-09-19T20:56:00+05:30
12926,Express,2026-09-19,19,HAN,GGC,30,41,11,44.40000000000009,18,2026-09-19T20:58:00+05:30,2026-09-19T21:39:00+05:30
12926,Express,2026-09-19,20,GGC,SWM,43,40,-3,63.799999999999955,29,2026-09-19T21:44:00+05:30,2026-09-19T22:24:00+05:30
12926,Express,2026-09-19,21,SWM,KOTA,90,66,-24,107.89999999999998,27,2026-09-19T22:27:00+05:30,2026-09-19T23:33:00+05:30
12926,Express,2026-09-19,22,KOTA,RMA,53,52,-1,72.19999999999993,5,2026-09-19T23:45:00+05:30,2026-09-20T00:37:00+05:30
12926,Express,2026-09-19,23,RMA,SGZ,48,41,-7,61.40000000000009,4,2026-09-20T00:39:00+05:30,2026-09-20T01:20:00+05:30
12926,Express,2026-09-19,24,SGZ,NAD,133,117,-16,91.79999999999995,0,2026-09-20T01:25:00+05:30,2026-09-20T03:22:00+05:30
12926,Express,2026-09-19,25,NAD,KUH,13,18,5,13.700000000000045,0,2026-09-20T03:40:00+05:30,2026-09-20T03:58:00+05:30
12926,Express,2026-09-19,26,KUH,RTM,30,21,-9,27.59999999999991,5,2026-09-20T04:00:00+05:30,2026-09-20T04:21:00+05:30
12926,Express,2026-09-19,27,RTM,MGN,63,62,-1,82.80000000000018,1,2026-09-20T04:36:00+05:30,2026-09-20T05:38:00+05:30
12926,Express,2026-09-19,28,MGN,DHD,24,28,4,33.19999999999982,0,2026-09-20T05:40:00+05:30,2026-09-20T06:08:00+05:30
12926,Express,2026-09-19,29,DHD,GDA,69,56,-13,73.0,5,2026-09-20T06:11:00+05:30,2026-09-20T07:07:00+05:30
12926,Express,2026-09-19,30,GDA,BRC,60,59,-1,73.90000000000009,3,2026-09-20T07:20:00+05:30,2026-09-20T08:19:00+05:30
12926,Express,2026-09-19,31,BRC,BH,53,52,-1,70.5,0,2026-09-20T08:27:00+05:30,2026-09-20T09:19:00+05:30
12926,Express,2026-09-19,32,BH,ST,67,62,-5,59.09999999999991,0,2026-09-20T09:22:00+05:30,2026-09-20T10:24:00+05:30
12926,Express,2026-09-19,33,ST,NVS,19,20,1,29.600000000000136,1,2026-09-20T10:35:00+05:30,2026-09-20T10:55:00+05:30
12926,Express,2026-09-19,34,NVS,BL,33,31,-2,39.200000000000045,2,2026-09-20T10:57:00+05:30,2026-09-20T11:28:00+05:30
12926,Express,2026-09-19,35,BL,VAPI,18,17,-1,26.299999999999955,2,2026-09-20T11:32:00+05:30,2026-09-20T11:49:00+05:30
12926,Express,2026-09-19,36,VAPI,DRD,28,33,5,48.5,2,2026-09-20T11:52:00+05:30,2026-09-20T12:25:00+05:30
12926,Express,2026-09-19,37,DRD,BVI,78,85,7,90.0,7,2026-09-20T12:27:00+05:30,2026-09-20T13:52:00+05:30
12926,Express,2026-09-19,38,BVI,BDTS,60,41,-19,18.399999999999864,14,2026-09-20T13:54:00+05:30,2026-09-20T14:35:00+05:30
12926,Express,2026-09-20,0,ASR,BEAS,28,37,9,42.3,4,2026-09-20T07:24:00+05:30,2026-09-20T08:01:00+05:30
12926,Express,2026-09-20,1,BEAS,JUC,37,40,3,36.2,13,2026-09-20T08:03:00+05:30,2026-09-20T08:43:00+05:30
12926,Express,2026-09-20,2,JUC,JRC,8,12,4,4.700000000000003,16,2026-09-20T08:48:00+05:30,2026-09-20T09:00:00+05:30
12926,Express,2026-09-20,3,JRC,PGW,12,14,2,16.5,20,2026-09-20T09:02:00+05:30,2026-09-20T09:16:00+05:30
12926,Express,2026-09-20,4,PGW,LDH,34,29,-5,35.8,22,2026-09-20T09:18:00+05:30,2026-09-20T09:47:00+05:30
12926,Express,2026-09-20,5,LDH,SASN,121,110,-11,101.0,11,2026-09-20T09:51:00+05:30,2026-09-20T11:41:00+05:30
12926,Express,2026-09-20,6,SASN,CDG,27,26,-1,11.300000000000011,0,2026-09-20T11:43:00+05:30,2026-09-20T12:09:00+05:30
12926,Express,2026-09-20,7,CDG,UMB,40,37,-3,44.69999999999999,0,2026-09-20T12:20:00+05:30,2026-09-20T12:57:00+05:30
12926,Express,2026-09-20,8,SNP,SZM,29,29,0,40.39999999999998,29,2026-09-20T15:29:00+05:30,2026-09-20T15:58:00+05:30
12926,Express,2026-09-20,9,SZM,NDLS,49,20,-29,4.100000000000023,29,2026-09-20T16:00:00+05:30,2026-09-20T16:20:00+05:30
12926,Express,2026-09-20,10,NDLS,FDB,27,66,39,28.099999999999966,3,2026-09-20T16:38:00+05:30,2026-09-20T17:44:00+05:30
12926,Express,2026-09-20,11,FDB,MTJ,126,83,-43,112.89999999999998,42,2026-09-20T17:46:00+05:30,2026-09-20T19:09:00+05:30
12926,Express,2026-09-20,12,MTJ,BTE,23,24,1,33.700000000000045,4,2026-09-20T19:19:00+05:30,2026-09-20T19:43:00+05:30
12926,Express,2026-09-20,13,BTE,BXN,33,29,-4,41.89999999999998,9,2026-09-20T19:49:00+05:30,2026-09-20T20:18:00+05:30
12926,Express,2026-09-20,14,BXN,HAN,23,22,-1,32.89999999999998,6,2026-09-20T20:21:00+05:30,2026-09-20T20:43:00+05:30
12926,Express,2026-09-20,15,HAN,GGC,30,36,6,44.40000000000009,5,2026-09-20T20:45:00+05:30,2026-09-20T21:21:00+05:30
12926,Express,2026-09-20,16,GGC,SWM,43,40,-3,63.799999999999955,11,2026-09-20T21:26:00+05:30,2026-09-20T22:06:00+05:30
12926,Express,2026-09-20,17,SWM,KOTA,90,78,-12,107.89999999999998,10,2026-09-20T22:10:00+05:30,2026-09-20T23:28:00+05:30
12926,Express,2026-09-20,18,KOTA,RMA,53,74,21,72.19999999999993,1,2026-09-20T23:41:00+05:30,2026-09-21T00:55:00+05:30
12926,Express,2026-09-20,19,RMA,SGZ,48,40,-8,61.40000000000009,22,2026-09-21T00:57:00+05:30,2026-09-21T01:37:00+05:30
12926,Express,2026-09-20,20,SGZ,NAD,133,94,-39,91.79999999999995,13,2026-09-21T01:38:00+05:30,2026-09-21T03:12:00+05:30
12926,Express,2026-09-20,21,NAD,KUH,13,16,3,13.700000000000045,0,2026-09-21T03:40:00+05:30,2026-09-21T03:56:00+05:30
12926,Express,2026-09-20,22,KUH,RTM,30,23,-7,27.59999999999991,3,2026-09-21T03:58:00+05:30,2026-09-21T04:21:00+05:30
12926,Express,2026-09-20,23,RTM,MGN,63,64,1,82.80000000000018,0,2026-09-21T04:35:00+05:30,2026-09-21T05:39:00+05:30
12926,Express,2026-09-20,24,MGN,DHD,24,21,-3,33.19999999999982,1,2026-09-21T05:41:00+05:30,2026-09-21T06:02:00+05:30
12926,Express,2026-09-20,25,DHD,GDA,69,66,-3,73.0,1,2026-09-21T06:07:00+05:30,2026-09-21T07:13:00+05:30
12926,Express,2026-09-20,26,GDA,BRC,60,59,-1,73.90000000000009,0,2026-09-21T07:17:00+05:30,2026-09-21T08:16:00+05:30
12926,Express,2026-09-20,27,BRC,BH,53,49,-4,70.5,0,2026-09-21T08:27:00+05:30,2026-09-21T09:16:00+05:30
12926,Express,2026-09-20,28,BH,ST,67,62,-5,59.09999999999991,0,2026-09-21T09:22:00+05:30,2026-09-21T10:24:00+05:30
12926,Express,2026-09-20,29,ST,NVS,19,21,2,29.600000000000136,1,2026-09-21T10:35:00+05:30,2026-09-21T10:56:00+05:30
12926,Express,2026-09-20,30,NVS,BL,33,43,10,39.200000000000045,3,2026-09-21T10:58:00+05:30,2026-09-21T11:41:00+05:30
12926,Express,2026-09-20,31,BL,VAPI,18,18,0,26.299999999999955,15,2026-09-21T11:45:00+05:30,2026-09-21T12:03:00+05:30
12926,Express,2026-09-20,32,VAPI,DRD,28,33,5,48.5,16,2026-09-21T12:06:00+05:30,2026-09-21T12:39:00+05:30
12926,Express,2026-09-20,33,DRD,BVI,78,73,-5,90.0,21,2026-09-21T12:41:00+05:30,2026-09-21T13:54:00+05:30
12926,Express,2026-09-20,34,BVI,BDTS,60,44,-16,18.399999999999864,15,2026-09-21T13:55:00+05:30,2026-09-21T14:39:00+05:30
12926,Express,2026-09-21,0,ASR,BEAS,28,35,7,42.3,0,2026-09-21T07:20:00+05:30,2026-09-21T07:55:00+05:30
12926,Express,2026-09-21,1,BEAS,JUC,37,38,1,36.2,9,2026-09-21T07:59:00+05:30,2026-09-21T08:37:00+05:30
12926,Express,2026-09-21,2,JUC,JRC,8,9,1,4.700000000000003,9,2026-09-21T08:41:00+05:30,2026-09-21T08:50:00+05:30
12926,Express,2026-09-21,3,JRC,PGW,12,15,3,16.5,10,2026-09-21T08:52:00+05:30,2026-09-21T09:07:00+05:30
12926,Express,2026-09-21,4,PGW,LDH,34,29,-5,35.8,13,2026-09-21T09:09:00+05:30,2026-09-21T09:38:00+05:30
12926,Express,2026-09-21,5,LDH,SASN,121,84,-37,101.0,7,2026-09-21T09:47:00+05:30,2026-09-21T11:11:00+05:30
12926,Express,2026-09-21,6,SASN,CDG,27,16,-11,11.300000000000011,0,2026-09-21T11:43:00+05:30,2026-09-21T11:59:00+05:30
12926,Express,2026-09-21,7,CDG,UMB,40,42,2,44.69999999999999,0,2026-09-21T12:20:00+05:30,2026-09-21T13:02:00+05:30
12926,Express,2026-09-21,8,UMB,KKDE,29,35,6,41.89999999999998,1,2026-09-21T13:11:00+05:30,2026-09-21T13:46:00+05:30
12926,Express,2026-09-21,9,KKDE,KUN,23,22,-1,33.200000000000045,8,2026-09-21T13:49:00+05:30,2026-09-21T14:11:00+05:30
12926,Express,2026-09-21,10,KUN,PNP,22,28,6,34.299999999999955,7,2026-09-21T14:13:00+05:30,2026-09-21T14:41:00+05:30
12926,Express,2026-09-21,11,PNP,SNP,28,33,5,45.400000000000034,14,2026-09-21T14:44:00+05:30,2026-09-21T15:17:00+05:30
12926,Express,2026-09-21,12,SNP,SZM,29,33,4,40.39999999999998,20,2026-09-21T15:20:00+05:30,2026-09-21T15:53:00+05:30
12926,Express,2026-09-21,13,SZM,NDLS,49,15,-34,4.100000000000023,25,2026-09-21T15:56:00+05:30,2026-09-21T16:11:00+05:30
12926,Express,2026-09-21,14,NDLS,FDB,27,36,9,28.099999999999966,1,2026-09-21T16:36:00+05:30,2026-09-21T17:12:00+05:30
12926,Express,2026-09-21,15,FDB,MTJ,126,80,-46,112.89999999999998,44,2026-09-21T17:48:00+05:30,2026-09-21T19:08:00+05:30
12926,Express,2026-09-21,16,MTJ,BTE,23,26,3,33.700000000000045,1,2026-09-21T19:16:00+05:30,2026-09-21T19:42:00+05:30
12926,Express,2026-09-21,17,BTE,BXN,33,34,1,41.89999999999998,5,2026-09-21T19:45:00+05:30,2026-09-21T20:19:00+05:30
12926,Express,2026-09-21,18,BXN,HAN,23,23,0,32.89999999999998,6,2026-09-21T20:21:00+05:30,2026-09-21T20:44:00+05:30
12926,Express,2026-09-21,19,HAN,GGC,30,39,9,44.40000000000009,6,2026-09-21T20:46:00+05:30,2026-09-21T21:25:00+05:30
12926,Express,2026-09-21,20,GGC,SWM,43,40,-3,63.799999999999955,15,2026-09-21T21:30:00+05:30,2026-09-21T22:10:00+05:30
12926,Express,2026-09-21,21,SWM,KOTA,90,84,-6,107.89999999999998,12,2026-09-21T22:12:00+05:30,2026-09-21T23:36:00+05:30
12926,Express,2026-09-21,22,KOTA,RMA,53,50,-3,72.19999999999993,6,2026-09-21T23:46:00+05:30,2026-09-22T00:36:00+05:30
12926,Express,2026-09-21,23,RMA,SGZ,48,46,-2,61.40000000000009,23,2026-09-22T00:58:00+05:30,2026-09-22T01:44:00+05:30
12926,Express,2026-09-21,24,SGZ,NAD,133,112,-21,91.79999999999995,21,2026-09-22T01:46:00+05:30,2026-09-22T03:38:00+05:30
12926,Express,2026-09-21,25,NAD,KUH,13,18,5,13.700000000000045,3,2026-09-22T03:43:00+05:30,2026-09-22T04:01:00+05:30
12926,Express,2026-09-21,26,KUH,RTM,30,22,-8,27.59999999999991,7,2026-09-22T04:02:00+05:30,2026-09-22T04:24:00+05:30
12926,Express,2026-09-21,27,RTM,MGN,63,62,-1,82.80000000000018,1,2026-09-22T04:36:00+05:30,2026-09-22T05:38:00+05:30
12926,Express,2026-09-21,28,MGN,DHD,24,24,0,33.19999999999982,0,2026-09-22T05:40:00+05:30,2026-09-22T06:04:00+05:30
12926,Express,2026-09-21,29,DHD,GDA,69,53,-16,73.0,0,2026-09-22T06:06:00+05:30,2026-09-22T06:59:00+05:30
12926,Express,2026-09-21,30,GDA,BRC,60,60,0,73.90000000000009,0,2026-09-22T07:17:00+05:30,2026-09-22T08:17:00+05:30
12926,Express,2026-09-21,31,BRC,BH,53,50,-3,70.5,1,2026-09-22T08:28:00+05:30,2026-09-22T09:18:00+05:30
12926,Express,2026-09-21,32,BH,ST,67,63,-4,59.09999999999991,1,2026-09-22T09:23:00+05:30,2026-09-22T10:26:00+05:30
12926,Express,2026-09-21,33,ST,NVS,19,21,2,29.600000000000136,7,2026-09-22T10:41:00+05:30,2026-09-22T11:02:00+05:30
12926,Express,2026-09-21,34,NVS,BL,33,33,0,39.200000000000045,8,2026-09-22T11:03:00+05:30,2026-09-22T11:36:00+05:30
12926,Express,2026-09-21,35,BL,VAPI,18,19,1,26.299999999999955,9,2026-09-22T11:39:00+05:30,2026-09-22T11:58:00+05:30
12926,Express,2026-09-21,36,VAPI,DRD,28,34,6,48.5,11,2026-09-22T12:01:00+05:30,2026-09-22T12:35:00+05:30
12926,Express,2026-09-21,37,DRD,BVI,78,86,8,90.0,17,2026-09-22T12:37:00+05:30,2026-09-22T14:03:00+05:30
12926,Express,2026-09-21,38,BVI,BDTS,60,26,-34,18.399999999999864,25,2026-09-22T14:05:00+05:30,2026-09-22T14:31:00+05:30
12926,Express,2026-09-23,0,ASR,BEAS,28,35,7,42.3,7,2026-09-23T07:26:59+05:30,2026-09-23T08:01:39+05:30
12926,Express,2026-09-23,1,BEAS,JUC,37,28,-9,36.2,15,2026-09-23T08:05:10+05:30,2026-09-23T08:33:08+05:30
12926,Express,2026-09-23,2,JUC,JRC,8,3,-5,4.700000000000003,11,2026-09-23T08:42:41+05:30,2026-09-23T08:45:34+05:30
12926,Express,2026-09-23,3,JRC,PGW,12,11,-1,16.5,8,2026-09-23T08:50:17+05:30,2026-09-23T09:01:21+05:30
12926,Express,2026-09-23,4,PGW,LDH,34,26,-8,35.8,11,2026-09-23T09:07:27+05:30,2026-09-23T09:33:20+05:30
12926,Express,2026-09-23,5,LDH,SASN,121,88,-33,101.0,12,2026-09-23T09:52:23+05:30,2026-09-23T11:20:15+05:30
12926,Express,2026-09-23,6,SASN,CDG,27,10,-17,11.300000000000011,5,2026-09-23T11:47:49+05:30,2026-09-23T11:57:31+05:30
12926,Express,2026-09-23,7,CDG,UMB,40,36,-4,44.69999999999999,6,2026-09-23T12:25:51+05:30,2026-09-23T13:01:56+05:30
12926,Express,2026-09-23,8,UMB,KKDE,29,30,1,41.89999999999998,8,2026-09-23T13:17:47+05:30,2026-09-23T13:47:31+05:30
12926,Express,2026-09-23,9,KKDE,KUN,23,20,-3,33.200000000000045,14,2026-09-23T13:54:45+05:30,2026-09-23T14:14:24+05:30
12926,Express,2026-09-23,10,KUN,PNP,22,27,5,34.299999999999955,10,2026-09-23T14:16:17+05:30,2026-09-23T14:43:45+05:30
12926,Express,2026-09-23,11,PNP,SNP,28,34,6,45.400000000000034,22,2026-09-23T14:51:43+05:30,2026-09-23T15:26:01+05:30
12926,Express,2026-09-23,12,SNP,SZM,29,27,-2,40.39999999999998,28,2026-09-23T15:27:37+05:30,2026-09-23T15:54:48+05:30
12926,Express,2026-09-23,13,FDB,MTJ,126,79,-47,112.89999999999998,58,2026-09-23T18:01:33+05:30,2026-09-23T19:20:04+05:30
12926,Express,2026-09-23,14,MTJ,BTE,23,21,-2,33.700000000000045,13,2026-09-23T19:28:06+05:30,2026-09-23T19:49:32+05:30
12926,Express,2026-09-23,15,BTE,BXN,33,26,-7,41.89999999999998,18,2026-09-23T19:57:37+05:30,2026-09-23T20:23:25+05:30
12926,Express,2026-09-23,16,BXN,HAN,23,17,-6,32.89999999999998,14,2026-09-23T20:28:49+05:30,2026-09-23T20:46:05+05:30
12926,Express,2026-09-23,17,HAN,GGC,30,44,14,44.40000000000009,9,2026-09-23T20:48:44+05:30,2026-09-23T21:33:05+05:30
12926,Express,2026-09-23,18,GGC,SWM,43,36,-7,63.799999999999955,32,2026-09-23T21:46:39+05:30,2026-09-23T22:22:40+05:30
12926,Express,2026-09-23,19,SWM,KOTA,90,77,-13,107.89999999999998,30,2026-09-23T22:30:24+05:30,2026-09-23T23:47:32+05:30
12926,Express,2026-09-24,0,ASR,BEAS,28,32,4,42.3,11,2026-09-24T07:30:58+05:30,2026-09-24T08:02:28+05:30
12926,Express,2026-09-24,1,BEAS,JUC,37,34,-3,36.2,20,2026-09-24T08:09:59+05:30,2026-09-24T08:44:17+05:30
12926,Express,2026-09-24,2,JUC,JRC,8,5,-3,4.700000000000003,21,2026-09-24T08:53:08+05:30,2026-09-24T08:57:47+05:30
12926,Express,2026-09-24,3,JRC,PGW,12,10,-2,16.5,24,2026-09-24T09:06:09+05:30,2026-09-24T09:16:00+05:30
12926,Express,2026-09-24,4,PGW,LDH,34,26,-8,35.8,28,2026-09-24T09:23:34+05:30,2026-09-24T09:49:26+05:30
12926,Express,2026-09-24,5,LDH,SASN,121,87,-34,101.0,18,2026-09-24T09:57:59+05:30,2026-09-24T11:24:39+05:30
12926,Express,2026-09-24,6,SASN,CDG,27,6,-21,11.300000000000011,2,2026-09-24T11:44:48+05:30,2026-09-24T11:50:44+05:30
12926,Express,2026-09-24,7,CDG,UMB,40,32,-8,44.69999999999999,8,2026-09-24T12:28:15+05:30,2026-09-24T12:59:46+05:30
12926,Express,2026-09-24,8,UMB,KKDE,29,36,7,41.89999999999998,9,2026-09-24T13:18:53+05:30,2026-09-24T13:54:44+05:30
12926,Express,2026-09-24,9,KKDE,KUN,23,19,-4,33.200000000000045,21,2026-09-24T14:02:04+05:30,2026-09-24T14:20:55+05:30
12926,Express,2026-09-24,10,KUN,PNP,22,24,2,34.299999999999955,22,2026-09-24T14:27:53+05:30,2026-09-24T14:51:28+05:30
12926,Express,2026-09-24,11,PNP,SNP,28,33,5,45.400000000000034,25,2026-09-24T14:55:10+05:30,2026-09-24T15:27:49+05:30
12926,Express,2026-09-24,12,SNP,SZM,29,27,-2,40.39999999999998,32,2026-09-24T15:32:14+05:30,2026-09-24T15:59:39+05:30
12926,Express,2026-09-24,13,FDB,MTJ,126,88,-38,112.89999999999998,44,2026-09-24T17:48:00+05:30,2026-09-24T19:16:29+05:30
12926,Express,2026-09-24,14,MTJ,BTE,23,28,5,33.700000000000045,5,2026-09-24T19:19:34+05:30,2026-09-24T19:47:48+05:30
12926,Express,2026-09-24,15,BTE,BXN,33,28,-5,41.89999999999998,10,2026-09-24T19:49:39+05:30,2026-09-24T20:17:24+05:30
12926,Express,2026-09-24,16,BXN,HAN,23,18,-5,32.89999999999998,6,2026-09-24T20:21:04+05:30,2026-09-24T20:39:19+05:30
12926,Express,2026-09-24,17,HAN,GGC,30,28,-2,44.40000000000009,7,2026-09-24T20:47:20+05:30,2026-09-24T21:14:53+05:30
12926,Express,2026-09-24,18,GGC,SWM,43,45,2,63.799999999999955,13,2026-09-24T21:28:22+05:30,2026-09-24T22:13:43+05:30
12926,Express,2026-09-24,19,SWM,KOTA,90,71,-19,107.89999999999998,20,2026-09-24T22:20:05+05:30,2026-09-24T23:30:36+05:30
12926,Express,2026-09-24,20,KOTA,RMA,53,52,-1,72.19999999999993,6,2026-09-24T23:46:16+05:30,2026-09-25T00:37:50+05:30
12951,Premium,2026-09-17,0,MMCT,BVI,20,31,11,30.0,0,2026-09-17T17:00:00+05:30,2026-09-17T17:31:00+05:30
12951,Premium,2026-09-17,1,BVI,ST,141,133,-8,233.60000000000002,13,2026-09-17T17:35:00+05:30,2026-09-17T19:48:00+05:30
12951,Premium,2026-09-17,2,ST,BRC,78,79,1,129.59999999999997,5,2026-09-17T19:53:00+05:30,2026-09-17T21:12:00+05:30
12951,Premium,2026-09-17,3,BRC,RTM,189,188,-1,260.40000000000003,5,2026-09-17T21:21:00+05:30,2026-09-18T00:29:00+05:30
12951,Premium,2026-09-17,4,RTM,NAD,40,35,-5,43.799999999999955,5,2026-09-18T00:33:00+05:30,2026-09-18T01:08:00+05:30
12951,Premium,2026-09-17,5,NAD,KOTA,125,135,10,225.39999999999998,1,2026-09-18T01:11:00+05:30,2026-09-18T03:26:00+05:30
12951,Premium,2026-09-17,6,KOTA,NDLS,312,307,-5,465.60000000000014,15,2026-09-18T03:35:00+05:30,2026-09-18T08:42:00+05:30
12951,Premium,2026-09-18,0,MMCT,BVI,20,30,10,30.0,1,2026-09-18T17:01:00+05:30,2026-09-18T17:31:00+05:30
12951,Premium,2026-09-18,1,BVI,ST,141,134,-7,233.60000000000002,11,2026-09-18T17:33:00+05:30,2026-09-18T19:47:00+05:30
12951,Premium,2026-09-18,2,ST,BRC,78,80,2,129.59999999999997,5,2026-09-18T19:53:00+05:30,2026-09-18T21:13:00+05:30
12951,Premium,2026-09-18,3,BRC,RTM,189,188,-1,260.40000000000003,6,2026-09-18T21:22:00+05:30,2026-09-19T00:30:00+05:30
12951,Premium,2026-09-18,4,RTM,NAD,40,37,-3,43.799999999999955,6,2026-09-19T00:34:00+05:30,2026-09-19T01:11:00+05:30
12951,Premium,2026-09-18,5,NAD,KOTA,125,138,13,225.39999999999998,3,2026-09-19T01:13:00+05:30,2026-09-19T03:31:00+05:30
12951,Premium,2026-09-18,6,KOTA,NDLS,312,296,-16,465.60000000000014,19,2026-09-19T03:39:00+05:30,2026-09-19T08:35:00+05:30
12951,Premium,2026-09-19,0,MMCT,BVI,20,32,12,30.0,0,2026-09-19T17:00:00+05:30,2026-09-19T17:32:00+05:30
12951,Premium,2026-09-19,1,BVI,ST,141,146,5,233.60000000000002,12,2026-09-19T17:34:00+05:30,2026-09-19T20:00:00+05:30
12951,Premium,2026-09-19,2,ST,BRC,78,77,-1,129.59999999999997,17,2026-09-19T20:05:00+05:30,2026-09-19T21:22:00+05:30
12951,Premium,2026-09-19,3,BRC,RTM,189,183,-6,260.40000000000003,14,2026-09-19T21:30:00+05:30,2026-09-20T00:33:00+05:30
12951,Premium,2026-09-19,4,RTM,NAD,40,43,3,43.799999999999955,8,2026-09-20T00:36:00+05:30,2026-09-20T01:19:00+05:30
12951,Premium,2026-09-19,5,NAD,KOTA,125,154,29,225.39999999999998,11,2026-09-20T01:21:00+05:30,2026-09-20T03:55:00+05:30
12951,Premium,2026-09-19,6,KOTA,NDLS,312,304,-8,465.60000000000014,43,2026-09-20T04:03:00+05:30,2026-09-20T09:07:00+05:30
12951,Premium,2026-09-20,0,MMCT,BVI,20,31,11,30.0,0,2026-09-20T17:00:00+05:30,2026-09-20T17:31:00+05:30
12951,Premium,2026-09-20,1,BVI,ST,141,133,-8,233.60000000000002,12,2026-09-20T17:34:00+05:30,2026-09-20T19:47:00+05:30
12951,Premium,2026-09-20,2,ST,BRC,78,85,7,129.59999999999997,4,2026-09-20T19:52:00+05:30,2026-09-20T21:17:00+05:30
12951,Premium,2026-09-20,3,BRC,RTM,189,186,-3,260.40000000000003,10,2026-09-20T21:26:00+05:30,2026-09-21T00:32:00+05:30
12951,Premium,2026-09-20,4,RTM,NAD,40,37,-3,43.799999999999955,9,2026-09-21T00:37:00+05:30,2026-09-21T01:14:00+05:30
12951,Premium,2026-09-20,5,NAD,KOTA,125,131,6,225.39999999999998,6,2026-09-21T01:16:00+05:30,2026-09-21T03:27:00+05:30
12951,Premium,2026-09-20,6,KOTA,NDLS,312,308,-4,465.60000000000014,13,2026-09-21T03:33:00+05:30,2026-09-21T08:41:00+05:30
12951,Premium,2026-09-21,0,MMCT,BVI,20,32,12,30.0,0,2026-09-21T17:00:00+05:30,2026-09-21T17:32:00+05:30
12951,Premium,2026-09-21,1,BVI,ST,141,135,-6,233.60000000000002,12,2026-09-21T17:34:00+05:30,2026-09-21T19:49:00+05:30
12951,Premium,2026-09-21,2,ST,BRC,78,81,3,129.59999999999997,7,2026-09-21T19:55:00+05:30,2026-09-21T21:16:00+05:30
12951,Premium,2026-09-21,3,BRC,RTM,189,196,7,260.40000000000003,7,2026-09-21T21:23:00+05:30,2026-09-22T00:39:00+05:30
12951,Premium,2026-09-21,4,RTM,NAD,40,39,-1,43.799999999999955,12,2026-09-22T00:40:00+05:30,2026-09-22T01:19:00+05:30
12951,Premium,2026-09-21,5,NAD,KOTA,125,130,5,225.39999999999998,12,2026-09-22T01:22:00+05:30,2026-09-22T03:32:00+05:30
12951,Premium,2026-09-21,6,KOTA,NDLS,312,304,-8,465.60000000000014,18,2026-09-22T03:38:00+05:30,2026-09-22T08:42:00+05:30
12951,Premium,2026-09-23,0,ST,BRC,78,77,-1,129.59999999999997,16,2026-09-23T20:04:16+05:30,2026-09-23T21:21:27+05:30
12951,Premium,2026-09-24,0,BVI,ST,141,133,-8,233.60000000000002,14,2026-09-24T17:35:55+05:30,2026-09-24T19:48:43+05:30
12951,Premium,2026-09-24,1,ST,BRC,78,78,0,129.59999999999997,6,2026-09-24T19:54:05+05:30,2026-09-24T21:12:09+05:30
12951,Premium,2026-09-24,2,BRC,RTM,189,181,-8,260.40000000000003,2,2026-09-24T21:18:05+05:30,2026-09-25T00:19:09+05:30
12952,Premium,2026-09-17,0,NDLS,KOTA,275,298,23,465.6,0,2026-09-17T16:55:00+05:30,2026-09-17T21:53:00+05:30
12952,Premium,2026-09-17,1,KOTA,NAD,137,140,3,225.39999999999998,23,2026-09-17T22:03:00+05:30,2026-09-18T00:23:00+05:30
12952,Premium,2026-09-17,2,NAD,RTM,31,29,-2,41.39999999999998,26,2026-09-18T00:25:00+05:30,2026-09-18T00:54:00+05:30
12952,Premium,2026-09-17,3,RTM,BRC,187,176,-11,262.80000000000007,25,2026-09-18T00:58:00+05:30,2026-09-18T03:54:00+05:30
12952,Premium,2026-09-17,4,BRC,ST,83,81,-2,129.70000000000005,11,2026-09-18T04:01:00+05:30,2026-09-18T05:22:00+05:30
12952,Premium,2026-09-17,5,ST,BVI,140,147,7,233.5,9,2026-09-18T05:27:00+05:30,2026-09-18T07:54:00+05:30
12952,Premium,2026-09-17,6,BVI,MMCT,55,40,-15,30.0,16,2026-09-18T07:56:00+05:30,2026-09-18T08:36:00+05:30
12952,Premium,2026-09-18,0,NDLS,KOTA,275,283,8,465.6,0,2026-09-18T16:55:00+05:30,2026-09-18T21:38:00+05:30
12952,Premium,2026-09-18,1,KOTA,NAD,137,130,-7,225.39999999999998,9,2026-09-18T21:49:00+05:30,2026-09-18T23:59:00+05:30
12952,Premium,2026-09-18,2,NAD,RTM,31,28,-3,41.39999999999998,4,2026-09-19T00:03:00+05:30,2026-09-19T00:31:00+05:30
12952,Premium,2026-09-18,3,RTM,BRC,187,185,-2,262.80000000000007,2,2026-09-19T00:35:00+05:30,2026-09-19T03:40:00+05:30
12952,Premium,2026-09-18,4,BRC,ST,83,79,-4,129.70000000000005,0,2026-09-19T03:50:00+05:30,2026-09-19T05:09:00+05:30
12952,Premium,2026-09-19,0,NDLS,KOTA,275,289,14,465.6,2,2026-09-19T16:57:00+05:30,2026-09-19T21:46:00+05:30
12952,Premium,2026-09-19,1,KOTA,NAD,137,133,-4,225.39999999999998,17,2026-09-19T21:57:00+05:30,2026-09-20T00:10:00+05:30
12952,Premium,2026-09-19,2,NAD,RTM,31,30,-1,41.39999999999998,13,2026-09-20T00:12:00+05:30,2026-09-20T00:42:00+05:30
12952,Premium,2026-09-19,3,RTM,BRC,187,180,-7,262.80000000000007,13,2026-09-20T00:46:00+05:30,2026-09-20T03:46:00+05:30
12952,Premium,2026-09-19,4,BRC,ST,83,79,-4,129.70000000000005,3,2026-09-20T03:53:00+05:30,2026-09-20T05:12:00+05:30
12952,Premium,2026-09-19,5,ST,BVI,140,156,16,233.5,0,2026-09-20T05:18:00+05:30,2026-09-20T07:54:00+05:30
12952,Premium,2026-09-19,6,BVI,MMCT,55,36,-19,30.0,16,2026-09-20T07:56:00+05:30,2026-09-20T08:32:00+05:30
12952,Premium,2026-09-20,0,NDLS,KOTA,275,281,6,465.6,0,2026-09-20T16:55:00+05:30,2026-09-20T21:36:00+05:30
12952,Premium,2026-09-20,1,KOTA,NAD,137,130,-7,225.39999999999998,6,2026-09-20T21:46:00+05:30,2026-09-20T23:56:00+05:30
12952,Premium,2026-09-20,2,NAD,RTM,31,42,11,41.39999999999998,0,2026-09-20T23:59:00+05:30,2026-09-21T00:41:00+05:30
12952,Premium,2026-09-20,3,RTM,BRC,187,184,-3,262.80000000000007,12,2026-09-21T00:45:00+05:30,2026-09-21T03:49:00+05:30
12952,Premium,2026-09-20,4,BRC,ST,83,79,-4,129.70000000000005,7,2026-09-21T03:57:00+05:30,2026-09-21T05:16:00+05:30
12952,Premium,2026-09-20,5,ST,BVI,140,154,14,233.5,3,2026-09-21T05:21:00+05:30,2026-09-21T07:55:00+05:30
12952,Premium,2026-09-20,6,BVI,MMCT,55,41,-14,30.0,18,2026-09-21T07:58:00+05:30,2026-09-21T08:39:00+05:30
12952,Premium,2026-09-21,0,NDLS,KOTA,275,284,9,465.6,1,2026-09-21T16:56:00+05:30,2026-09-21T21:40:00+05:30
12952,Premium,2026-09-21,1,KOTA,NAD,137,139,2,225.39999999999998,4,2026-09-21T21:44:00+05:30,2026-09-22T00:03:00+05:30
12952,Premium,2026-09-21,2,NAD,RTM,31,33,2,41.39999999999998,5,2026-09-22T00:04:00+05:30,2026-09-22T00:37:00+05:30
12952,Premium,2026-09-21,3,RTM,BRC,187,177,-10,262.80000000000007,7,2026-09-22T00:40:00+05:30,2026-09-22T03:37:00+05:30
12952,Premium,2026-09-21,4,BRC,ST,83,85,2,129.70000000000005,0,2026-09-22T03:50:00+05:30,2026-09-22T05:15:00+05:30
12952,Premium,2026-09-21,5,ST,BVI,140,155,15,233.5,2,2026-09-22T05:20:00+05:30,2026-09-22T07:55:00+05:30
12952,Premium,2026-09-21,6,BVI,MMCT,55,39,-16,30.0,17,2026-09-22T07:57:00+05:30,2026-09-22T08:36:00+05:30
12952,Premium,2026-09-24,0,KOTA,NAD,137,132,-5,225.39999999999998,5,2026-09-24T21:44:53+05:30,2026-09-24T23:56:58+05:30
12952,Premium,2026-09-24,1,NAD,RTM,31,37,6,41.39999999999998,4,2026-09-25T00:03:11+05:30,2026-09-25T00:40:07+05:30
12953,Premium,2026-09-17,0,MMCT,BVI,28,29,1,30.0,1,2026-09-17T17:11:00+05:30,2026-09-17T17:40:00+05:30
12953,Premium,2026-09-17,1,BVI,VAPI,73,79,6,138.5,3,2026-09-17T17:43:00+05:30,2026-09-17T19:02:00+05:30
12953,Premium,2026-09-17,2,VAPI,BL,18,22,4,26.30000000000001,10,2026-09-17T19:05:00+05:30,2026-09-17T19:27:00+05:30
12953,Premium,2026-09-17,3,BL,ST,55,45,-10,68.80000000000001,14,2026-09-17T19:29:00+05:30,2026-09-17T20:14:00+05:30
12953,Premium,2026-09-17,4,ST,BH,38,41,3,59.099999999999966,6,2026-09-17T20:21:00+05:30,2026-09-17T21:02:00+05:30
12953,Premium,2026-09-17,5,BH,BRC,49,43,-6,70.5,10,2026-09-17T21:05:00+05:30,2026-09-17T21:48:00+05:30
12953,Premium,2026-09-17,6,BRC,DHD,104,112,8,146.90000000000003,5,2026-09-17T21:59:00+05:30,2026-09-17T23:51:00+05:30
12953,Premium,2026-09-17,7,DHD,RTM,93,86,-7,113.5,13,2026-09-17T23:53:00+05:30,2026-09-18T01:19:00+05:30
12953,Premium,2026-09-17,8,RTM,KOTA,170,159,-11,269.19999999999993,7,2026-09-18T01:22:00+05:30,2026-09-18T04:01:00+05:30
12953,Premium,2026-09-17,9,KOTA,SWM,68,67,-1,107.79999999999995,0,2026-09-18T04:15:00+05:30,2026-09-18T05:22:00+05:30
12953,Premium,2026-09-17,10,SWM,MTJ,148,141,-7,216.70000000000005,4,2026-09-18T05:29:00+05:30,2026-09-18T07:50:00+05:30
12953,Premium,2026-09-17,11,MTJ,NZM,108,109,1,133.9000000000001,0,2026-09-18T07:55:00+05:30,2026-09-18T09:44:00+05:30
12953,Premium,2026-09-18,0,MMCT,BVI,28,27,-1,30.0,1,2026-09-18T17:11:00+05:30,2026-09-18T17:38:00+05:30
12953,Premium,2026-09-18,1,BVI,VAPI,73,81,8,138.5,1,2026-09-18T17:41:00+05:30,2026-09-18T19:02:00+05:30
12953,Premium,2026-09-18,2,VAPI,BL,18,21,3,26.30000000000001,9,2026-09-18T19:04:00+05:30,2026-09-18T19:25:00+05:30
12953,Premium,2026-09-18,3,BL,ST,55,49,-6,68.80000000000001,12,2026-09-18T19:27:00+05:30,2026-09-18T20:16:00+05:30
12953,Premium,2026-09-18,4,ST,BH,38,45,7,59.099999999999966,6,2026-09-18T20:21:00+05:30,2026-09-18T21:06:00+05:30
12953,Premium,2026-09-18,5,BH,BRC,49,42,-7,70.5,13,2026-09-18T21:08:00+05:30,2026-09-18T21:50:00+05:30
12953,Premium,2026-09-18,6,BRC,DHD,104,105,1,146.90000000000003,6,2026-09-18T22:00:00+05:30,2026-09-18T23:45:00+05:30
12953,Premium,2026-09-18,7,DHD,RTM,93,88,-5,113.5,8,2026-09-18T23:48:00+05:30,2026-09-19T01:16:00+05:30
12953,Premium,2026-09-18,8,RTM,KOTA,170,172,2,269.19999999999993,6,2026-09-19T01:21:00+05:30,2026-09-19T04:13:00+05:30
12953,Premium,2026-09-18,9,KOTA,SWM,68,64,-4,107.79999999999995,9,2026-09-19T04:24:00+05:30,2026-09-19T05:28:00+05:30
12953,Premium,2026-09-18,10,SWM,MTJ,148,136,-12,216.70000000000005,5,2026-09-19T05:30:00+05:30,2026-09-19T07:46:00+05:30
12953,Premium,2026-09-18,11,MTJ,NZM,108,107,-1,133.9000000000001,3,2026-09-19T07:58:00+05:30,2026-09-19T09:45:00+05:30
12953,Premium,2026-09-19,0,MMCT,BVI,28,31,3,30.0,1,2026-09-19T17:11:00+05:30,2026-09-19T17:42:00+05:30
12953,Premium,2026-09-19,1,BVI,VAPI,73,83,10,138.5,4,2026-09-19T17:44:00+05:30,2026-09-19T19:07:00+05:30
12953,Premium,2026-09-19,2,VAPI,BL,18,23,5,26.30000000000001,14,2026-09-19T19:09:00+05:30,2026-09-19T19:32:00+05:30
12953,Premium,2026-09-19,3,BL,ST,55,43,-12,68.80000000000001,19,2026-09-19T19:34:00+05:30,2026-09-19T20:17:00+05:30
12953,Premium,2026-09-19,4,ST,BH,38,39,1,59.099999999999966,7,2026-09-19T20:22:00+05:30,2026-09-19T21:01:00+05:30
12953,Premium,2026-09-19,5,BH,BRC,49,52,3,70.5,8,2026-09-19T21:03:00+05:30,2026-09-19T21:55:00+05:30
12953,Premium,2026-09-19,6,BRC,DHD,104,106,2,146.90000000000003,10,2026-09-19T22:04:00+05:30,2026-09-19T23:50:00+05:30
12953,Premium,2026-09-19,7,DHD,RTM,93,87,-6,113.5,12,2026-09-19T23:52:00+05:30,2026-09-20T01:19:00+05:30
12953,Premium,2026-09-19,8,RTM,KOTA,170,185,15,269.19999999999993,7,2026-09-20T01:22:00+05:30,2026-09-20T04:27:00+05:30
12953,Premium,2026-09-19,9,KOTA,SWM,68,63,-5,107.79999999999995,23,2026-09-20T04:38:00+05:30,2026-09-20T05:41:00+05:30
12953,Premium,2026-09-19,10,SWM,MTJ,148,128,-20,216.70000000000005,19,2026-09-20T05:44:00+05:30,2026-09-20T07:52:00+05:30
12953,Premium,2026-09-19,11,MTJ,NZM,108,108,0,133.9000000000001,0,2026-09-20T07:55:00+05:30,2026-09-20T09:43:00+05:30
12953,Premium,2026-09-20,0,MMCT,BVI,28,28,0,30.0,0,2026-09-20T17:10:00+05:30,2026-09-20T17:38:00+05:30
12953,Premium,2026-09-20,1,BVI,VAPI,73,77,4,138.5,1,2026-09-20T17:41:00+05:30,2026-09-20T18:58:00+05:30
12953,Premium,2026-09-20,2,VAPI,BL,18,21,3,26.30000000000001,6,2026-09-20T19:01:00+05:30,2026-09-20T19:22:00+05:30
12953,Premium,2026-09-20,3,BL,ST,55,46,-9,68.80000000000001,9,2026-09-20T19:24:00+05:30,2026-09-20T20:10:00+05:30
12953,Premium,2026-09-20,4,ST,BH,38,43,5,59.099999999999966,0,2026-09-20T20:15:00+05:30,2026-09-20T20:58:00+05:30
12953,Premium,2026-09-20,5,BH,BRC,49,51,2,70.5,5,2026-09-20T21:00:00+05:30,2026-09-20T21:51:00+05:30
12953,Premium,2026-09-20,6,BRC,DHD,104,108,4,146.90000000000003,8,2026-09-20T22:02:00+05:30,2026-09-20T23:50:00+05:30
12953,Premium,2026-09-20,7,DHD,RTM,93,89,-4,113.5,13,2026-09-20T23:53:00+05:30,2026-09-21T01:22:00+05:30
12953,Premium,2026-09-20,8,RTM,KOTA,170,166,-4,269.19999999999993,10,2026-09-21T01:25:00+05:30,2026-09-21T04:11:00+05:30
12953,Premium,2026-09-20,9,KOTA,SWM,68,72,4,107.79999999999995,8,2026-09-21T04:23:00+05:30,2026-09-21T05:35:00+05:30
12953,Premium,2026-09-20,10,SWM,MTJ,148,134,-14,216.70000000000005,12,2026-09-21T05:37:00+05:30,2026-09-21T07:51:00+05:30
12953,Premium,2026-09-20,11,MTJ,NZM,108,119,11,133.9000000000001,1,2026-09-21T07:56:00+05:30,2026-09-21T09:55:00+05:30
12953,Premium,2026-09-21,0,MMCT,BVI,28,29,1,30.0,0,2026-09-21T17:10:00+05:30,2026-09-21T17:39:00+05:30
12953,Premium,2026-09-21,1,BVI,VAPI,73,76,3,138.5,1,2026-09-21T17:41:00+05:30,2026-09-21T18:57:00+05:30
12953,Premium,2026-09-21,2,VAPI,BL,18,22,4,26.30000000000001,5,2026-09-21T19:00:00+05:30,2026-09-21T19:22:00+05:30
12953,Premium,2026-09-21,3,BL,ST,55,49,-6,68.80000000000001,9,2026-09-21T19:24:00+05:30,2026-09-21T20:13:00+05:30
12953,Premium,2026-09-21,4,ST,BH,38,39,1,59.099999999999966,4,2026-09-21T20:19:00+05:30,2026-09-21T20:58:00+05:30
12953,Premium,2026-09-21,5,BH,BRC,49,50,1,70.5,5,2026-09-21T21:00:00+05:30,2026-09-21T21:50:00+05:30
12953,Premium,2026-09-21,6,BRC,DHD,104,124,20,146.90000000000003,5,2026-09-21T21:59:00+05:30,2026-09-22T00:03:00+05:30
12953,Premium,2026-09-21,7,DHD,RTM,93,88,-5,113.5,25,2026-09-22T00:05:00+05:30,2026-09-22T01:33:00+05:30
12953,Premium,2026-09-21,8,RTM,KOTA,170,176,6,269.19999999999993,21,2026-09-22T01:36:00+05:30,2026-09-22T04:32:00+05:30
12953,Premium,2026-09-21,9,KOTA,SWM,68,65,-3,107.79999999999995,27,2026-09-22T04:42:00+05:30,2026-09-22T05:47:00+05:30
12953,Premium,2026-09-21,10,SWM,MTJ,148,127,-21,216.70000000000005,24,2026-09-22T05:49:00+05:30,2026-09-22T07:56:00+05:30
12953,Premium,2026-09-21,11,MTJ,NZM,108,108,0,133.9000000000001,5,2026-09-22T08:00:00+05:30,2026-09-22T09:48:00+05:30
12953,Premium,2026-09-23,0,BVI,VAPI,73,80,7,138.5,9,2026-09-23T17:48:54+05:30,2026-09-23T19:08:54+05:30
12953,Premium,2026-09-23,1,VAPI,BL,18,21,3,26.30000000000001,20,2026-09-23T19:14:40+05:30,2026-09-23T19:35:23+05:30
12953,Premium,2026-09-23,2,BL,ST,55,41,-14,68.80000000000001,25,2026-09-23T19:39:53+05:30,2026-09-23T20:20:48+05:30
12953,Premium,2026-09-23,3,ST,BH,38,37,-1,59.099999999999966,12,2026-09-23T20:26:46+05:30,2026-09-23T21:03:54+05:30
12953,Premium,2026-09-23,4,BRC,DHD,104,99,-5,146.90000000000003,10,2026-09-23T22:03:35+05:30,2026-09-23T23:42:43+05:30
12953,Premium,2026-09-24,0,VAPI,BL,18,16,-2,26.30000000000001,12,2026-09-24T19:06:31+05:30,2026-09-24T19:22:13+05:30
12953,Premium,2026-09-24,1,BL,ST,55,42,-13,68.80000000000001,13,2026-09-24T19:27:55+05:30,2026-09-24T20:10:14+05:30
12953,Premium,2026-09-24,2,ST,BH,38,35,-3,59.099999999999966,7,2026-09-24T20:22:25+05:30,2026-09-24T20:57:21+05:30
12953,Premium,2026-09-24,3,BRC,DHD,104,99,-5,146.90000000000003,3,2026-09-24T21:56:50+05:30,2026-09-24T23:35:43+05:30
12954,Premium,2026-09-17,0,NZM,MTJ,88,98,10,133.9,0,2026-09-17T17:15:00+05:30,2026-09-17T18:53:00+05:30
12954,Premium,2026-09-17,1,MTJ,SWM,123,139,16,216.70000000000002,13,2026-09-17T18:58:00+05:30,2026-09-17T21:17:00+05:30
12954,Premium,2026-09-17,2,SWM,KOTA,70,72,2,107.79999999999995,29,2026-09-17T21:19:00+05:30,2026-09-17T22:31:00+05:30
12954,Premium,2026-09-17,3,KOTA,RTM,175,165,-10,266.80000000000007,31,2026-09-17T22:41:00+05:30,2026-09-18T01:26:00+05:30
12954,Premium,2026-09-17,4,RTM,DHD,84,81,-3,115.89999999999998,21,2026-09-18T01:28:00+05:30,2026-09-18T02:49:00+05:30
12954,Premium,2026-09-17,5,DHD,BRC,116,102,-14,146.89999999999998,18,2026-09-18T02:51:00+05:30,2026-09-18T04:33:00+05:30
12954,Premium,2026-09-17,6,BRC,BH,47,47,0,70.59999999999991,4,2026-09-18T04:43:00+05:30,2026-09-18T05:30:00+05:30
12954,Premium,2026-09-17,7,BH,ST,45,43,-2,59.100000000000136,4,2026-09-18T05:32:00+05:30,2026-09-18T06:15:00+05:30
12954,Premium,2026-09-17,8,ST,BL,45,48,3,68.79999999999995,1,2026-09-18T06:19:00+05:30,2026-09-18T07:07:00+05:30
12954,Premium,2026-09-17,9,BL,VAPI,18,19,1,26.200000000000045,4,2026-09-18T07:09:00+05:30,2026-09-18T07:28:00+05:30
12954,Premium,2026-09-17,10,VAPI,BVI,103,116,13,138.5999999999999,5,2026-09-18T07:30:00+05:30,2026-09-18T09:26:00+05:30
12954,Premium,2026-09-17,11,BVI,MMCT,55,36,-19,29.90000000000009,19,2026-09-18T09:29:00+05:30,2026-09-18T10:05:00+05:30
12954,Premium,2026-09-18,0,NZM,MTJ,88,95,7,133.9,0,2026-09-18T17:15:00+05:30,2026-09-18T18:50:00+05:30
12954,Premium,2026-09-18,1,MTJ,SWM,123,129,6,216.70000000000002,8,2026-09-18T18:53:00+05:30,2026-09-18T21:02:00+05:30
12954,Premium,2026-09-18,2,SWM,KOTA,70,68,-2,107.79999999999995,14,2026-09-18T21:04:00+05:30,2026-09-18T22:12:00+05:30
12954,Premium,2026-09-18,3,KOTA,RTM,175,167,-8,266.80000000000007,12,2026-09-18T22:22:00+05:30,2026-09-19T01:09:00+05:30
12954,Premium,2026-09-18,4,RTM,DHD,84,94,10,115.89999999999998,9,2026-09-19T01:16:00+05:30,2026-09-19T02:50:00+05:30
12954,Premium,2026-09-18,5,DHD,BRC,116,102,-14,146.89999999999998,19,2026-09-19T02:52:00+05:30,2026-09-19T04:34:00+05:30
12954,Premium,2026-09-18,6,BRC,BH,47,46,-1,70.59999999999991,3,2026-09-19T04:42:00+05:30,2026-09-19T05:28:00+05:30
12954,Premium,2026-09-18,7,BH,ST,45,42,-3,59.100000000000136,2,2026-09-19T05:30:00+05:30,2026-09-19T06:12:00+05:30
12954,Premium,2026-09-18,8,ST,BL,45,52,7,68.79999999999995,0,2026-09-19T06:18:00+05:30,2026-09-19T07:10:00+05:30
12954,Premium,2026-09-18,9,BL,VAPI,18,18,0,26.200000000000045,8,2026-09-19T07:13:00+05:30,2026-09-19T07:31:00+05:30
12954,Premium,2026-09-18,10,VAPI,BVI,103,110,7,138.5999999999999,8,2026-09-19T07:33:00+05:30,2026-09-19T09:23:00+05:30
12954,Premium,2026-09-18,11,BVI,MMCT,55,44,-11,29.90000000000009,16,2026-09-19T09:26:00+05:30,2026-09-19T10:10:00+05:30
12954,Premium,2026-09-19,0,NZM,MTJ,88,98,10,133.9,1,2026-09-19T17:16:00+05:30,2026-09-19T18:54:00+05:30
12954,Premium,2026-09-19,1,MTJ,SWM,123,136,13,216.70000000000002,13,2026-09-19T18:58:00+05:30,2026-09-19T21:14:00+05:30
12954,Premium,2026-09-19,2,SWM,KOTA,70,65,-5,107.79999999999995,27,2026-09-19T21:17:00+05:30,2026-09-19T22:22:00+05:30
12954,Premium,2026-09-19,3,KOTA,RTM,175,155,-20,266.80000000000007,22,2026-09-19T22:32:00+05:30,2026-09-20T01:07:00+05:30
12954,Premium,2026-09-19,4,RTM,DHD,84,80,-4,115.89999999999998,3,2026-09-20T01:10:00+05:30,2026-09-20T02:30:00+05:30
12954,Premium,2026-09-19,5,DHD,BRC,116,116,0,146.89999999999998,0,2026-09-20T02:33:00+05:30,2026-09-20T04:29:00+05:30
12954,Premium,2026-09-19,6,BRC,BH,47,46,-1,70.59999999999991,0,2026-09-20T04:39:00+05:30,2026-09-20T05:25:00+05:30
12954,Premium,2026-09-19,7,BH,ST,45,47,2,59.100000000000136,0,2026-09-20T05:28:00+05:30,2026-09-20T06:15:00+05:30
12954,Premium,2026-09-19,8,ST,BL,45,46,1,68.79999999999995,2,2026-09-20T06:20:00+05:30,2026-09-20T07:06:00+05:30
12954,Premium,2026-09-19,9,BL,VAPI,18,18,0,26.200000000000045,3,2026-09-20T07:08:00+05:30,2026-09-20T07:26:00+05:30
12954,Premium,2026-09-19,10,VAPI,BVI,103,115,12,138.5999999999999,4,2026-09-20T07:29:00+05:30,2026-09-20T09:24:00+05:30
12954,Premium,2026-09-19,11,BVI,MMCT,55,36,-19,29.90000000000009,16,2026-09-20T09:26:00+05:30,2026-09-20T10:02:00+05:30
12954,Premium,2026-09-20,0,NZM,MTJ,88,97,9,133.9,0,2026-09-20T17:15:00+05:30,2026-09-20T18:52:00+05:30
12954,Premium,2026-09-20,1,MTJ,SWM,123,128,5,216.70000000000002,10,2026-09-20T18:55:00+05:30,2026-09-20T21:03:00+05:30
12954,Premium,2026-09-20,2,SWM,KOTA,70,64,-6,107.79999999999995,16,2026-09-20T21:06:00+05:30,2026-09-20T22:10:00+05:30
12954,Premium,2026-09-20,3,KOTA,RTM,175,172,-3,266.80000000000007,10,2026-09-20T22:20:00+05:30,2026-09-21T01:12:00+05:30
12954,Premium,2026-09-20,4,RTM,DHD,84,81,-3,115.89999999999998,9,2026-09-21T01:16:00+05:30,2026-09-21T02:37:00+05:30
12954,Premium,2026-09-20,5,DHD,BRC,116,117,1,146.89999999999998,6,2026-09-21T02:39:00+05:30,2026-09-21T04:36:00+05:30
12954,Premium,2026-09-20,6,BRC,BH,47,62,15,70.59999999999991,5,2026-09-21T04:44:00+05:30,2026-09-21T05:46:00+05:30
12954,Premium,2026-09-20,7,BH,ST,45,46,1,59.100000000000136,20,2026-09-21T05:48:00+05:30,2026-09-21T06:34:00+05:30
12954,Premium,2026-09-20,8,ST,BL,45,50,5,68.79999999999995,20,2026-09-21T06:38:00+05:30,2026-09-21T07:28:00+05:30
12954,Premium,2026-09-20,9,BL,VAPI,18,19,1,26.200000000000045,25,2026-09-21T07:30:00+05:30,2026-09-21T07:49:00+05:30
12954,Premium,2026-09-20,10,VAPI,BVI,103,100,-3,138.5999999999999,26,2026-09-21T07:51:00+05:30,2026-09-21T09:31:00+05:30
12954,Premium,2026-09-20,11,BVI,MMCT,55,34,-21,29.90000000000009,23,2026-09-21T09:33:00+05:30,2026-09-21T10:07:00+05:30
12954,Premium,2026-09-21,0,NZM,MTJ,88,97,9,133.9,1,2026-09-21T17:16:00+05:30,2026-09-21T18:53:00+05:30
12954,Premium,2026-09-21,1,MTJ,SWM,123,141,18,216.70000000000002,11,2026-09-21T18:56:00+05:30,2026-09-21T21:17:00+05:30
12954,Premium,2026-09-21,2,SWM,KOTA,70,67,-3,107.79999999999995,29,2026-09-21T21:19:00+05:30,2026-09-21T22:26:00+05:30
12954,Premium,2026-09-21,3,KOTA,RTM,175,159,-16,266.80000000000007,27,2026-09-21T22:37:00+05:30,2026-09-22T01:16:00+05:30
12954,Premium,2026-09-21,4,RTM,DHD,84,81,-3,115.89999999999998,12,2026-09-22T01:19:00+05:30,2026-09-22T02:40:00+05:30
12954,Premium,2026-09-21,5,DHD,BRC,116,115,-1,146.89999999999998,9,2026-09-22T02:42:00+05:30,2026-09-22T04:37:00+05:30
12954,Premium,2026-09-21,6,BRC,BH,47,44,-3,70.59999999999991,3,2026-09-22T04:42:00+05:30,2026-09-22T05:26:00+05:30
12954,Premium,2026-09-21,7,BH,ST,45,42,-3,59.100000000000136,0,2026-09-22T05:28:00+05:30,2026-09-22T06:10:00+05:30
12954,Premium,2026-09-21,8,ST,BL,45,46,1,68.79999999999995,0,2026-09-22T06:18:00+05:30,2026-09-22T07:04:00+05:30
12954,Premium,2026-09-21,9,BL,VAPI,18,18,0,26.200000000000045,1,2026-09-22T07:06:00+05:30,2026-09-22T07:24:00+05:30
12954,Premium,2026-09-21,10,VAPI,BVI,103,124,21,138.5999999999999,1,2026-09-22T07:26:00+05:30,2026-09-22T09:30:00+05:30
12954,Premium,2026-09-21,11,BVI,MMCT,55,52,-3,29.90000000000009,22,2026-09-22T09:32:00+05:30,2026-09-22T10:24:00+05:30
12954,Premium,2026-09-23,0,NZM,MTJ,88,92,4,133.9,7,2026-09-23T17:22:23+05:30,2026-09-23T18:54:48+05:30
12954,Premium,2026-09-23,1,MTJ,SWM,123,126,3,216.70000000000002,24,2026-09-23T19:09:01+05:30,2026-09-23T21:14:41+05:30
12954,Premium,2026-09-23,2,SWM,KOTA,70,68,-2,107.79999999999995,28,2026-09-23T21:17:50+05:30,2026-09-23T22:26:03+05:30
12954,Premium,2026-09-24,0,NZM,MTJ,88,87,-1,133.9,7,2026-09-24T17:21:53+05:30,2026-09-24T18:48:27+05:30
12954,Premium,2026-09-24,1,MTJ,SWM,123,123,0,216.70000000000002,9,2026-09-24T18:54:03+05:30,2026-09-24T20:57:18+05:30
12954,Premium,2026-09-24,2,SWM,KOTA,70,60,-10,107.79999999999995,12,2026-09-24T21:02:05+05:30,2026-09-24T22:02:13+05:30
18237,Express,2026-09-21,0,KRBA,URGA,10,15,5,8.6,6,2026-09-21T11:39:02+05:30,2026-09-21T11:54:06+05:30
18237,Express,2026-09-21,1,URGA,SRBA,7,10,3,6.200000000000001,10,2026-09-21T11:54:06+05:30,2026-09-21T12:04:23+05:30
18237,Express,2026-09-21,2,SRBA,MWRN,8,5,-3,5.800000000000001,15,2026-09-21T12:06:50+05:30,2026-09-21T12:11:57+05:30
18237,Express,2026-09-21,3,MWRN,KTHD,6,7,1,4.399999999999999,18,2026-09-21T12:18:36+05:30,2026-09-21T12:25:11+05:30
18237,Express,2026-09-21,4,KTHD,BPRH,6,2,-4,4.100000000000001,22,2026-09-21T12:29:56+05:30,2026-09-21T12:31:35+05:30
18237,Express,2026-09-21,5,BPRH,CPH,16,15,-1,7.899999999999999,18,2026-09-21T12:32:52+05:30,2026-09-21T12:47:32+05:30
18237,Express,2026-09-21,6,CPH,NIA,9,16,7,10.700000000000003,19,2026-09-21T12:54:30+05:30,2026-09-21T13:10:30+05:30
18237,Express,2026-09-21,7,NIA,AKT,12,13,1,14.899999999999999,24,2026-09-21T13:11:07+05:30,2026-09-21T13:24:35+05:30
18237,Express,2026-09-21,8,AKT,JRMG,11,4,-7,13.100000000000001,30,2026-09-21T13:31:27+05:30,2026-09-21T13:35:12+05:30
18237,Express,2026-09-21,9,JRMG,BSP,46,34,-12,13.899999999999991,26,2026-09-21T13:40:05+05:30,2026-09-21T14:14:02+05:30
18237,Express,2026-09-21,10,BSP,BYL,18,19,1,15.800000000000011,4,2026-09-21T14:18:53+05:30,2026-09-21T14:38:15+05:30
18237,Express,2026-09-21,11,BYL,BYT,23,20,-3,30.599999999999994,9,2026-09-21T14:44:08+05:30,2026-09-21T15:04:19+05:30
18237,Express,2026-09-21,12,BYT,HN,13,15,2,15.199999999999989,9,2026-09-21T15:09:29+05:30,2026-09-21T15:24:40+05:30
18237,Express,2026-09-21,13,HN,TLD,11,9,-2,10.700000000000017,12,2026-09-21T15:26:57+05:30,2026-09-21T15:36:24+05:30
18237,Express,2026-09-21,14,TLD,R,37,52,15,38.19999999999999,12,2026-09-21T15:40:19+05:30,2026-09-21T16:32:02+05:30
18237,Express,2026-09-21,15,R,BPHB,35,33,-2,27.400000000000006,31,2026-09-21T16:46:06+05:30,2026-09-21T17:18:50+05:30
18237,Express,2026-09-21,16,BPHB,DURG,23,29,6,8.900000000000006,31,2026-09-21T17:23:12+05:30,2026-09-21T17:52:13+05:30
18237,Express,2026-09-21,17,DURG,RJN,20,36,16,30.49999999999997,45,2026-09-21T18:05:00+05:30,2026-09-21T18:41:01+05:30
18237,Express,2026-09-21,18,RJN,DGG,26,19,-7,31.400000000000034,65,2026-09-21T18:47:20+05:30,2026-09-21T19:06:49+05:30
18237,Express,2026-09-21,19,DGG,SKS,31,35,4,35.69999999999999,64,2026-09-21T19:13:47+05:30,2026-09-21T19:48:36+05:30
18237,Express,2026-09-21,20,SKS,AGN,13,13,0,14.899999999999977,70,2026-09-21T19:53:28+05:30,2026-09-21T20:06:14+05:30
18237,Express,2026-09-21,21,AGN,G,22,17,-5,22.600000000000023,70,2026-09-21T20:07:40+05:30,2026-09-21T20:25:07+05:30
18237,Express,2026-09-21,22,G,TRO,21,26,5,29.399999999999977,70,2026-09-21T20:35:21+05:30,2026-09-21T21:01:33+05:30
18237,Express,2026-09-21,23,TRO,TMR,18,16,-2,20.100000000000023,74,2026-09-21T21:01:33+05:30,2026-09-21T21:17:04+05:30
18237,Express,2026-09-21,24,TMR,BRD,15,13,-2,18.100000000000023,70,2026-09-21T21:18:20+05:30,2026-09-21T21:31:41+05:30
18237,Express,2026-09-21,25,BRD,KP,38,28,-10,47.89999999999998,73,2026-09-21T21:37:58+05:30,2026-09-21T22:05:55+05:30
18237,Express,2026-09-21,26,KP,NGP,55,16,-39,13.800000000000011,67,2026-09-21T22:12:00+05:30,2026-09-21T22:27:35+05:30
18237,Express,2026-09-21,27,NGP,KATL,47,51,4,60.900000000000034,99,2026-09-21T23:59:19+05:30,2026-09-22T00:50:26+05:30
18237,Express,2026-09-21,28,KATL,NRKR,20,14,-6,25.299999999999955,107,2026-09-22T00:55:26+05:30,2026-09-22T01:09:10+05:30
18237,Express,2026-09-21,29,NRKR,PAR,13,11,-2,18.299999999999955,107,2026-09-22T01:16:55+05:30,2026-09-22T01:28:18+05:30
18237,Express,2026-09-21,30,PAR,MTY,39,40,1,40.700000000000045,108,2026-09-22T01:32:43+05:30,2026-09-22T02:12:29+05:30
18237,Express,2026-09-21,31,MTY,AMLA,14,18,4,23.0,111,2026-09-22T02:16:17+05:30,2026-09-22T02:34:21+05:30
18237,Express,2026-09-21,32,BZU,GDYA,35,29,-6,35.89999999999998,126,2026-09-22T03:07:59+05:30,2026-09-22T03:36:40+05:30
18237,Express,2026-09-21,33,GDYA,ET,152,73,-79,70.20000000000005,123,2026-09-22T03:40:52+05:30,2026-09-22T04:53:43+05:30
18237,Express,2026-09-21,34,NDPM,ODG,43,39,-4,37.89999999999998,45,2026-09-22T05:23:35+05:30,2026-09-22T06:02:11+05:30
18237,Express,2026-09-21,35,ODG,RKMP,34,19,-15,29.600000000000023,46,2026-09-22T06:10:00+05:30,2026-09-22T06:29:26+05:30
18237,Express,2026-09-21,36,RKMP,BPL,10,11,1,6.099999999999909,39,2026-09-22T06:39:10+05:30,2026-09-22T06:49:57+05:30
18237,Express,2026-09-21,37,BHS,BAQ,23,29,6,39.5,52,2026-09-22T07:44:22+05:30,2026-09-22T08:13:21+05:30
18237,Express,2026-09-21,38,BAQ,MABA,29,14,-15,28.399999999999977,62,2026-09-22T08:19:28+05:30,2026-09-22T08:33:26+05:30
18237,Express,2026-09-21,39,MABA,BINA,87,26,-61,17.399999999999977,52,2026-09-22T08:40:22+05:30,2026-09-22T09:05:55+05:30
18237,Express,2026-09-21,40,BINA,DUA,25,41,16,34.59999999999991,10,2026-09-22T09:29:50+05:30,2026-09-22T10:10:49+05:30
18237,Express,2026-09-21,41,DUA,LAR,19,21,2,28.200000000000045,28,2026-09-22T10:15:25+05:30,2026-09-22T10:36:45+05:30
18237,Express,2026-09-21,42,LAR,TBT,24,23,-1,39.90000000000009,34,2026-09-22T10:41:33+05:30,2026-09-22T11:04:45+05:30
18237,Express,2026-09-21,43,TBT,BZY,12,13,1,12.799999999999955,37,2026-09-22T11:11:23+05:30,2026-09-22T11:23:59+05:30
18237,Express,2026-09-21,44,BZY,BAB,11,8,-3,12.299999999999955,41,2026-09-22T11:27:55+05:30,2026-09-22T11:36:14+05:30
18237,Express,2026-09-21,45,BAB,VGLJ,53,24,-29,25.200000000000045,43,2026-09-22T11:42:16+05:30,2026-09-22T12:05:51+05:30
18237,Express,2026-09-21,46,VGLJ,DAA,20,18,-2,24.90000000000009,22,2026-09-22T12:21:56+05:30,2026-09-22T12:40:20+05:30
18237,Express,2026-09-21,47,DAA,SOR,28,17,-11,11.399999999999864,24,2026-09-22T12:45:33+05:30,2026-09-22T13:02:41+05:30
18237,Express,2026-09-21,48,SOR,DBA,15,15,0,19.100000000000136,11,2026-09-22T13:02:41+05:30,2026-09-22T13:17:57+05:30
18237,Express,2026-09-21,49,DBA,GWL,36,34,-2,42.19999999999982,28,2026-09-22T13:36:38+05:30,2026-09-22T14:10:32+05:30
18237,Express,2026-09-21,50,GWL,MRA,29,32,3,38.600000000000136,36,2026-09-22T14:22:41+05:30,2026-09-22T14:54:20+05:30
18237,Express,2026-09-21,51,MRA,DHO,72,25,-47,26.799999999999955,44,2026-09-22T15:01:50+05:30,2026-09-22T15:26:32+05:30
18237,Express,2026-09-21,52,DHO,AGC,43,46,3,52.700000000000045,1,2026-09-22T15:32:58+05:30,2026-09-22T16:18:31+05:30
18237,Express,2026-09-21,53,AGC,RKM,8,7,-1,4.0,7,2026-09-22T16:26:49+05:30,2026-09-22T16:33:59+05:30
18237,Express,2026-09-21,54,RKM,MTJ,30,37,7,49.700000000000045,11,2026-09-22T16:40:30+05:30,2026-09-22T17:17:52+05:30
18237,Express,2026-09-21,55,MTJ,CHJ,21,14,-7,31.09999999999991,22,2026-09-22T17:26:44+05:30,2026-09-22T17:40:29+05:30
18237,Express,2026-09-21,56,CHJ,KSV,10,8,-2,10.200000000000045,20,2026-09-22T17:48:29+05:30,2026-09-22T17:56:33+05:30
18237,Express,2026-09-21,57,KSV,PWL,68,39,-29,42.59999999999991,23,2026-09-22T18:02:38+05:30,2026-09-22T18:41:30+05:30
18237,Express,2026-09-21,58,PWL,BVH,16,10,-6,21.100000000000136,2,2026-09-22T18:52:24+05:30,2026-09-22T19:02:53+05:30
18237,Express,2026-09-21,59,BVH,FDB,9,14,5,7.899999999999864,6,2026-09-22T19:14:10+05:30,2026-09-22T19:28:31+05:30
18237,Express,2026-09-21,60,FDB,NZM,31,24,-7,21.0,20,2026-09-22T19:38:48+05:30,2026-09-22T20:02:20+05:30
18237,Express,2026-09-21,61,NZM,SBB,26,27,1,20.299999999999955,23,2026-09-22T20:27:34+05:30,2026-09-22T20:54:27+05:30
18237,Express,2026-09-23,0,KRBA,URGA,10,7,-3,8.6,11,2026-09-23T11:44:26+05:30,2026-09-23T11:51:12+05:30
18237,Express,2026-09-23,1,URGA,SRBA,7,5,-2,6.200000000000001,8,2026-09-23T11:52:05+05:30,2026-09-23T11:57:02+05:30
18237,Express,2026-09-23,2,SRBA,MWRN,8,6,-2,5.800000000000001,13,2026-09-23T12:05:26+05:30,2026-09-23T12:10:59+05:30
18237,Express,2026-09-23,3,MWRN,KTHD,6,4,-2,4.399999999999999,18,2026-09-23T12:18:36+05:30,2026-09-23T12:22:30+05:30
18237,Express,2026-09-23,4,BPRH,CPH,16,21,5,7.899999999999999,23,2026-09-23T12:38:08+05:30,2026-09-23T12:58:41+05:30
18237,Express,2026-09-23,5,CPH,NIA,9,14,5,10.700000000000003,32,2026-09-23T13:08:03+05:30,2026-09-23T13:22:22+05:30
18237,Express,2026-09-23,6,NIA,AKT,12,18,6,14.899999999999999,36,2026-09-23T13:23:07+05:30,2026-09-23T13:41:27+05:30
18237,Express,2026-09-23,7,AKT,JRMG,11,13,2,13.100000000000001,49,2026-09-23T13:49:41+05:30,2026-09-23T14:02:14+05:30
18237,Express,2026-09-23,8,JRMG,BSP,46,25,-21,13.899999999999991,50,2026-09-23T14:03:50+05:30,2026-09-23T14:28:36+05:30
18237,Express,2026-09-23,9,BSP,BYL,18,20,2,15.800000000000011,20,2026-09-23T14:35:21+05:30,2026-09-23T14:55:47+05:30
18237,Express,2026-09-23,10,BYL,BYT,23,22,-1,30.599999999999994,25,2026-09-23T15:00:01+05:30,2026-09-23T15:21:42+05:30
18237,Express,2026-09-23,11,BYT,HN,13,13,0,15.199999999999989,28,2026-09-23T15:27:44+05:30,2026-09-23T15:40:43+05:30
18237,Express,2026-09-23,12,HN,TLD,11,11,0,10.700000000000017,31,2026-09-23T15:46:15+05:30,2026-09-23T15:57:40+05:30
18237,Express,2026-09-23,13,TLD,R,37,54,17,38.19999999999999,37,2026-09-23T16:05:24+05:30,2026-09-23T16:59:06+05:30
18237,Express,2026-09-23,14,R,BPHB,35,45,10,27.400000000000006,61,2026-09-23T17:15:55+05:30,2026-09-23T18:00:32+05:30
18237,Express,2026-09-23,15,BPHB,DURG,23,6,-17,8.900000000000006,72,2026-09-23T18:04:09+05:30,2026-09-23T18:10:32+05:30
18237,Express,2026-09-23,16,DURG,RJN,20,62,42,30.49999999999997,78,2026-09-23T18:37:50+05:30,2026-09-23T19:40:05+05:30
18237,Express,2026-09-23,17,RJN,DGG,26,38,12,31.400000000000034,124,2026-09-23T19:45:46+05:30,2026-09-23T20:24:08+05:30
18237,Express,2026-09-23,18,DGG,SKS,31,73,42,35.69999999999999,141,2026-09-23T20:31:08+05:30,2026-09-23T21:43:58+05:30
18237,Express,2026-09-23,19,SKS,AGN,13,13,0,14.899999999999977,187,2026-09-23T21:50:22+05:30,2026-09-23T22:03:39+05:30
18237,Express,2026-09-23,20,AGN,G,22,32,10,22.600000000000023,187,2026-09-23T22:04:34+05:30,2026-09-23T22:36:17+05:30
18237,Express,2026-09-23,21,G,TRO,21,19,-2,29.399999999999977,195,2026-09-23T22:40:19+05:30,2026-09-23T22:59:19+05:30
18237,Express,2026-09-23,22,TRO,TMR,18,8,-10,20.100000000000023,198,2026-09-23T23:06:24+05:30,2026-09-23T23:14:33+05:30
18237,Express,2026-09-23,23,TMR,BRD,15,13,-2,18.100000000000023,194,2026-09-23T23:21:31+05:30,2026-09-23T23:34:33+05:30
18237,Express,2026-09-23,24,BRD,KP,38,37,-1,47.89999999999998,193,2026-09-23T23:38:07+05:30,2026-09-24T00:15:31+05:30
18237,Express,2026-09-24,0,KRBA,URGA,10,9,-1,8.6,6,2026-09-24T11:39:24+05:30,2026-09-24T11:48:01+05:30
18237,Express,2026-09-24,1,URGA,SRBA,7,9,2,6.200000000000001,5,2026-09-24T11:49:02+05:30,2026-09-24T11:58:09+05:30
18237,Express,2026-09-24,2,SRBA,MWRN,8,9,1,5.800000000000001,7,2026-09-24T11:58:30+05:30,2026-09-24T12:07:03+05:30
18237,Express,2026-09-24,3,MWRN,KTHD,6,3,-3,4.399999999999999,10,2026-09-24T12:11:19+05:30,2026-09-24T12:13:55+05:30
18237,Express,2026-09-24,4,KTHD,BPRH,6,3,-3,4.100000000000001,12,2026-09-24T12:20:19+05:30,2026-09-24T12:23:23+05:30
18237,Express,2026-09-24,5,BPRH,CPH,16,25,9,7.899999999999999,10,2026-09-24T12:24:40+05:30,2026-09-24T12:49:23+05:30
18237,Express,2026-09-24,6,CPH,NIA,9,13,4,10.700000000000003,24,2026-09-24T13:00:27+05:30,2026-09-24T13:13:40+05:30
18237,Express,2026-09-24,7,NIA,AKT,12,14,2,14.899999999999999,29,2026-09-24T13:16:29+05:30,2026-09-24T13:30:39+05:30
18237,Express,2026-09-24,8,AKT,JRMG,11,12,1,13.100000000000001,35,2026-09-24T13:35:36+05:30,2026-09-24T13:47:26+05:30
18237,Express,2026-09-24,9,JRMG,BSP,46,34,-12,13.899999999999991,39,2026-09-24T13:52:30+05:30,2026-09-24T14:26:25+05:30
18237,Express,2026-09-24,10,BSP,BYL,18,20,2,15.800000000000011,18,2026-09-24T14:32:49+05:30,2026-09-24T14:53:13+05:30
18237,Express,2026-09-24,11,BYL,BYT,23,22,-1,30.599999999999994,27,2026-09-24T15:02:07+05:30,2026-09-24T15:23:48+05:30
18237,Express,2026-09-24,12,BYT,HN,13,14,0,15.199999999999989,29,2026-09-24T15:29:12+05:30,2026-09-24T15:42:42+05:30
18237,Express,2026-09-24,13,HN,TLD,11,5,-6,10.700000000000017,35,2026-09-24T15:49:39+05:30,2026-09-24T15:54:23+05:30
18237,Express,2026-09-24,14,TLD,R,37,48,11,38.19999999999999,33,2026-09-24T16:01:04+05:30,2026-09-24T16:49:05+05:30
18237,Express,2026-09-24,15,R,BPHB,35,35,0,27.400000000000006,45,2026-09-24T16:59:32+05:30,2026-09-24T17:34:53+05:30
18237,Express,2026-09-24,16,BPHB,DURG,23,16,-7,8.900000000000006,46,2026-09-24T17:38:01+05:30,2026-09-24T17:53:56+05:30
18237,Express,2026-09-24,17,DURG,RJN,20,43,23,30.49999999999997,41,2026-09-24T18:01:05+05:30,2026-09-24T18:43:43+05:30
18237,Express,2026-09-24,18,RJN,DGG,26,47,21,31.400000000000034,68,2026-09-24T18:49:47+05:30,2026-09-24T19:37:07+05:30
18237,Express,2026-09-24,19,DGG,SKS,31,37,6,35.69999999999999,100,2026-09-24T19:50:02+05:30,2026-09-24T20:27:23+05:30
18237,Express,2026-09-24,20,SKS,AGN,13,16,3,14.899999999999977,106,2026-09-24T20:28:41+05:30,2026-09-24T20:44:53+05:30
18237,Express,2026-09-24,21,AGN,G,22,24,2,22.600000000000023,109,2026-09-24T20:46:44+05:30,2026-09-24T21:10:16+05:30
18237,Express,2026-09-24,22,G,TRO,21,16,-5,29.399999999999977,114,2026-09-24T21:19:17+05:30,2026-09-24T21:35:21+05:30
18237,Express,2026-09-24,23,TRO,TMR,18,14,-4,20.100000000000023,113,2026-09-24T21:41:26+05:30,2026-09-24T21:55:37+05:30
18237,Express,2026-09-24,24,TMR,BRD,15,11,-4,18.100000000000023,109,2026-09-24T21:56:36+05:30,2026-09-24T22:07:48+05:30
18237,Express,2026-09-24,25,BRD,KP,38,28,-10,47.89999999999998,109,2026-09-24T22:14:02+05:30,2026-09-24T22:42:17+05:30
18237,Express,2026-09-24,26,KP,NGP,55,17,-38,13.800000000000011,104,2026-09-24T22:48:49+05:30,2026-09-24T23:05:47+05:30
18237,Express,2026-09-24,27,NGP,KATL,47,50,2,60.900000000000034,78,2026-09-24T23:38:07+05:30,2026-09-25T00:27:37+05:30
18237,Express,2026-09-24,28,KATL,NRKR,20,22,2,25.299999999999955,84,2026-09-25T00:30:21+05:30,2026-09-25T00:52:04+05:30
19015,Express,2026-09-21,0,DDR,BVI,17,41,24,23.8,1,2026-09-21T09:31:00+05:30,2026-09-21T10:12:00+05:30
19015,Express,2026-09-21,1,BVI,BSR,23,14,-9,17.599999999999998,24,2026-09-21T10:14:00+05:30,2026-09-21T10:28:00+05:30
19015,Express,2026-09-21,2,BSR,VR,13,8,-5,8.300000000000004,15,2026-09-21T10:30:00+05:30,2026-09-21T10:38:00+05:30
19015,Express,2026-09-21,3,VR,SAH,13,16,3,16.299999999999997,10,2026-09-21T10:40:00+05:30,2026-09-21T10:56:00+05:30
19015,Express,2026-09-21,4,SAH,PLG,13,12,-1,14.799999999999997,12,2026-09-21T10:57:00+05:30,2026-09-21T11:09:00+05:30
19015,Express,2026-09-21,5,PLG,BOR,10,10,0,11.299999999999997,10,2026-09-21T11:10:00+05:30,2026-09-21T11:20:00+05:30
19015,Express,2026-09-21,6,BOR,DRD,16,17,1,21.80000000000001,10,2026-09-21T11:22:00+05:30,2026-09-21T11:39:00+05:30
19015,Express,2026-09-21,7,DRD,GVD,18,10,-8,11.0,10,2026-09-21T11:40:00+05:30,2026-09-21T11:50:00+05:30
19015,Express,2026-09-21,8,GVD,UBR,4,9,5,9.299999999999983,1,2026-09-21T11:51:00+05:30,2026-09-21T12:00:00+05:30
19015,Express,2026-09-21,9,UBR,SJN,3,7,4,5.300000000000011,7,2026-09-21T12:02:00+05:30,2026-09-21T12:09:00+05:30
19015,Express,2026-09-21,10,SJN,BLD,10,11,1,11.599999999999994,11,2026-09-21T12:11:00+05:30,2026-09-21T12:22:00+05:30
19015,Express,2026-09-21,11,BLD,VAPI,12,9,-3,11.300000000000011,12,2026-09-21T12:24:00+05:30,2026-09-21T12:33:00+05:30
19015,Express,2026-09-21,12,VAPI,UVD,9,9,0,9.900000000000006,10,2026-09-21T12:36:00+05:30,2026-09-21T12:45:00+05:30
19015,Express,2026-09-21,13,UVD,PAD,8,8,0,5.799999999999983,10,2026-09-21T12:47:00+05:30,2026-09-21T12:55:00+05:30
19015,Express,2026-09-21,14,PAD,BL,13,9,-4,10.5,10,2026-09-21T12:57:00+05:30,2026-09-21T13:06:00+05:30
19015,Express,2026-09-21,15,BL,BIM,13,16,3,18.200000000000017,4,2026-09-21T13:09:00+05:30,2026-09-21T13:25:00+05:30
19015,Express,2026-09-21,16,BIM,AML,18,15,-3,5.199999999999989,7,2026-09-21T13:27:00+05:30,2026-09-21T13:42:00+05:30
19015,Express,2026-09-21,17,AML,NVS,13,17,4,15.800000000000011,5,2026-09-21T13:45:00+05:30,2026-09-21T14:02:00+05:30
19015,Express,2026-09-21,18,NVS,MRL,13,10,-3,8.399999999999977,9,2026-09-21T14:04:00+05:30,2026-09-21T14:14:00+05:30
19015,Express,2026-09-21,19,MRL,UDN,23,16,-7,17.200000000000017,5,2026-09-21T14:15:00+05:30,2026-09-21T14:31:00+05:30
19015,Express,2026-09-21,20,UDN,ST,20,15,-5,3.9999999999999716,4,2026-09-21T14:39:00+05:30,2026-09-21T14:54:00+05:30
19015,Express,2026-09-21,21,ST,SYN,13,13,0,13.700000000000045,0,2026-09-21T15:00:00+05:30,2026-09-21T15:13:00+05:30
19015,Express,2026-09-21,22,SYN,KIM,8,9,1,9.899999999999977,1,2026-09-21T15:16:00+05:30,2026-09-21T15:25:00+05:30
19015,Express,2026-09-21,23,KIM,KSB,8,9,1,7.800000000000011,1,2026-09-21T15:26:00+05:30,2026-09-21T15:35:00+05:30
19015,Express,2026-09-21,24,KSB,PAO,9,11,2,8.300000000000011,2,2026-09-21T15:37:00+05:30,2026-09-21T15:48:00+05:30
19015,Express,2026-09-21,25,PAO,AKV,16,11,-5,10.299999999999955,6,2026-09-21T15:52:00+05:30,2026-09-21T16:03:00+05:30
19015,Express,2026-09-21,26,AKV,BH,13,11,-2,9.100000000000023,1,2026-09-21T16:05:00+05:30,2026-09-21T16:16:00+05:30
19015,Express,2026-09-21,27,BH,NIU,16,11,-5,12.100000000000023,0,2026-09-21T16:22:00+05:30,2026-09-21T16:33:00+05:30
19015,Express,2026-09-21,28,NIU,PLJ,15,15,0,13.299999999999955,0,2026-09-21T16:40:00+05:30,2026-09-21T16:55:00+05:30
19015,Express,2026-09-21,29,PLJ,MYG,16,14,-2,15.300000000000011,1,2026-09-21T16:58:00+05:30,2026-09-21T17:12:00+05:30
19015,Express,2026-09-21,30,VS,BRC,10,9,-1,3.0,25,2026-09-21T18:08:00+05:30,2026-09-21T18:17:00+05:30
19015,Express,2026-09-21,31,BRC,VDA,21,21,0,20.299999999999955,28,2026-09-21T18:26:00+05:30,2026-09-21T18:47:00+05:30
19015,Express,2026-09-21,32,VDA,ANND,17,19,2,15.5,27,2026-09-21T18:48:00+05:30,2026-09-21T19:07:00+05:30
19015,Express,2026-09-21,33,ANND,KBRV,8,9,1,7.600000000000023,28,2026-09-21T19:08:00+05:30,2026-09-21T19:17:00+05:30
19015,Express,2026-09-21,34,KBRV,ND,10,10,0,10.800000000000011,28,2026-09-21T19:18:00+05:30,2026-09-21T19:28:00+05:30
19015,Express,2026-09-21,35,ND,MHD,14,15,1,17.69999999999999,27,2026-09-21T19:29:00+05:30,2026-09-21T19:44:00+05:30
19015,Express,2026-09-21,36,MHD,BJD,21,10,-11,11.399999999999977,27,2026-09-21T19:45:00+05:30,2026-09-21T19:55:00+05:30
19015,Express,2026-09-21,37,BJD,MAN,13,14,1,13.5,14,2026-09-21T19:55:00+05:30,2026-09-21T20:09:00+05:30
19015,Express,2026-09-21,38,MAN,ADI,14,10,-4,3.3000000000000114,14,2026-09-21T20:10:00+05:30,2026-09-21T20:20:00+05:30
19015,Express,2026-09-21,39,ADI,SBT,13,17,4,9.300000000000011,9,2026-09-21T20:29:00+05:30,2026-09-21T20:46:00+05:30
19015,Express,2026-09-21,40,SBT,CLDY,8,8,0,5.600000000000023,14,2026-09-21T20:49:00+05:30,2026-09-21T20:57:00+05:30
19015,Express,2026-09-21,41,CLDY,SAU,15,15,0,17.299999999999955,15,2026-09-21T21:00:00+05:30,2026-09-21T21:15:00+05:30
19015,Express,2026-09-21,42,SAU,VG,41,34,-7,36.700000000000045,15,2026-09-21T21:17:00+05:30,2026-09-21T21:51:00+05:30
19015,Express,2026-09-21,43,VG,SUNR,61,59,-2,65.60000000000002,8,2026-09-21T21:53:00+05:30,2026-09-21T22:52:00+05:30
19015,Express,2026-09-21,44,SUNR,THAN,33,41,8,47.799999999999955,6,2026-09-21T22:54:00+05:30,2026-09-21T23:35:00+05:30
19015,Express,2026-09-21,45,THAN,WKR,24,26,2,26.399999999999977,14,2026-09-21T23:37:00+05:30,2026-09-22T00:03:00+05:30
19015,Express,2026-09-21,46,WKR,RJT,53,59,6,40.89999999999998,16,2026-09-22T00:05:00+05:30,2026-09-22T01:04:00+05:30
19015,Express,2026-09-21,47,RJT,HAPA,82,70,-12,75.80000000000007,29,2026-09-22T01:16:00+05:30,2026-09-22T02:26:00+05:30
19015,Express,2026-09-21,48,HAPA,JAM,12,16,4,8.600000000000023,17,2026-09-22T02:28:00+05:30,2026-09-22T02:44:00+05:30
19015,Express,2026-09-21,49,JAM,LPJ,60,47,-13,40.39999999999998,22,2026-09-22T02:50:00+05:30,2026-09-22T03:37:00+05:30
19015,Express,2026-09-21,50,LPJ,BNVD,34,33,-1,36.299999999999955,9,2026-09-22T03:38:00+05:30,2026-09-22T04:11:00+05:30
19015,Express,2026-09-21,51,BNVD,WSJ,19,24,5,18.0,8,2026-09-22T04:12:00+05:30,2026-09-22T04:36:00+05:30
19015,Express,2026-09-21,52,WSJ,RWO,19,23,4,20.200000000000045,13,2026-09-22T04:37:00+05:30,2026-09-22T05:00:00+05:30
19015,Express,2026-09-21,53,RWO,PBR,51,17,-34,13.399999999999977,18,2026-09-22T05:02:00+05:30,2026-09-22T05:19:00+05:30
19015,Express,2026-09-23,0,BVI,BSR,23,13,-10,17.599999999999998,21,2026-09-23T10:10:52+05:30,2026-09-23T10:23:55+05:30
19015,Express,2026-09-23,1,BSR,VR,13,6,-7,8.300000000000004,13,2026-09-23T10:27:35+05:30,2026-09-23T10:33:38+05:30
19015,Express,2026-09-23,2,VR,SAH,13,10,-3,16.299999999999997,11,2026-09-23T10:41:28+05:30,2026-09-23T10:51:43+05:30
19015,Express,2026-09-23,3,SAH,PLG,13,10,-3,14.799999999999997,12,2026-09-23T10:56:34+05:30,2026-09-23T11:06:06+05:30
19015,Express,2026-09-23,4,PLG,BOR,10,9,-1,11.299999999999997,12,2026-09-23T11:11:50+05:30,2026-09-23T11:21:17+05:30
19015,Express,2026-09-23,5,BOR,DRD,16,12,-4,21.80000000000001,11,2026-09-23T11:23:07+05:30,2026-09-23T11:35:36+05:30
19015,Express,2026-09-23,6,DRD,GVD,18,11,-7,11.0,10,2026-09-23T11:40:13+05:30,2026-09-23T11:51:35+05:30
19015,Express,2026-09-23,7,GVD,UBR,4,10,6,9.299999999999983,2,2026-09-23T11:51:35+05:30,2026-09-23T12:01:29+05:30
19015,Express,2026-09-23,8,UBR,SJN,3,7,4,5.300000000000011,6,2026-09-23T12:01:29+05:30,2026-09-23T12:08:07+05:30
19015,Express,2026-09-23,9,SJN,BLD,10,4,-6,11.599999999999994,15,2026-09-23T12:15:28+05:30,2026-09-23T12:19:41+05:30
19015,Express,2026-09-23,10,BLD,VAPI,12,5,-7,11.300000000000011,14,2026-09-23T12:25:56+05:30,2026-09-23T12:30:35+05:30
19015,Express,2026-09-23,11,VAPI,UVD,9,7,-2,9.900000000000006,12,2026-09-23T12:38:01+05:30,2026-09-23T12:44:36+05:30
19015,Express,2026-09-23,12,UVD,PAD,8,7,-1,5.799999999999983,10,2026-09-23T12:46:58+05:30,2026-09-23T12:53:50+05:30
19015,Express,2026-09-23,13,PAD,BL,13,3,-10,10.5,13,2026-09-23T13:00:14+05:30,2026-09-23T13:02:47+05:30
19015,Express,2026-09-23,14,BL,BIM,13,15,2,18.200000000000017,9,2026-09-23T13:14:00+05:30,2026-09-23T13:28:34+05:30
19015,Express,2026-09-23,15,BIM,AML,18,6,-12,5.199999999999989,11,2026-09-23T13:30:37+05:30,2026-09-23T13:36:50+05:30
19015,Express,2026-09-23,16,AML,NVS,13,10,-3,15.800000000000011,3,2026-09-23T13:42:31+05:30,2026-09-23T13:52:09+05:30
19015,Express,2026-09-23,17,NVS,MRL,13,5,-8,8.399999999999977,1,2026-09-23T13:55:55+05:30,2026-09-23T14:00:39+05:30
19015,Express,2026-09-23,18,MRL,UDN,23,29,6,17.200000000000017,1,2026-09-23T14:10:44+05:30,2026-09-23T14:40:12+05:30
19015,Express,2026-09-23,19,UDN,ST,20,14,-6,3.9999999999999716,12,2026-09-23T14:46:48+05:30,2026-09-23T15:00:55+05:30
19015,Express,2026-09-23,20,ST,SYN,13,16,3,13.700000000000045,8,2026-09-23T15:07:56+05:30,2026-09-23T15:23:41+05:30
19015,Express,2026-09-23,21,SYN,KIM,8,4,-4,9.899999999999977,14,2026-09-23T15:28:41+05:30,2026-09-23T15:32:54+05:30
19015,Express,2026-09-23,22,KIM,KSB,8,2,-6,7.800000000000011,15,2026-09-23T15:40:26+05:30,2026-09-23T15:42:16+05:30
19015,Express,2026-09-23,23,KSB,PAO,9,10,1,8.300000000000011,13,2026-09-23T15:47:43+05:30,2026-09-23T15:57:54+05:30
19015,Express,2026-09-23,24,PAO,AKV,16,6,-10,10.299999999999955,24,2026-09-23T16:10:01+05:30,2026-09-23T16:15:52+05:30
19015,Express,2026-09-23,25,NIU,PLJ,15,8,-6,13.299999999999955,6,2026-09-23T16:46:20+05:30,2026-09-23T16:54:50+05:30
19015,Express,2026-09-23,26,PLJ,MYG,16,13,-3,15.300000000000011,10,2026-09-23T17:07:12+05:30,2026-09-23T17:20:17+05:30
19015,Express,2026-09-23,27,MYG,ITA,10,10,0,11.699999999999989,7,2026-09-23T17:22:05+05:30,2026-09-23T17:31:56+05:30
19015,Express,2026-09-23,28,ITA,VS,15,12,-3,15.200000000000045,13,2026-09-23T17:39:49+05:30,2026-09-23T17:51:45+05:30
19015,Express,2026-09-23,29,VS,BRC,10,0,-10,3.0,14,2026-09-23T17:57:14+05:30,2026-09-23T17:57:43+05:30
19015,Express,2026-09-23,30,BRC,VDA,21,17,-4,20.299999999999955,12,2026-09-23T18:10:28+05:30,2026-09-23T18:27:46+05:30
19015,Express,2026-09-23,31,VDA,ANND,17,12,-5,15.5,14,2026-09-23T18:34:35+05:30,2026-09-23T18:46:14+05:30
19015,Express,2026-09-23,32,KBRV,ND,10,7,-3,10.800000000000011,9,2026-09-23T18:58:38+05:30,2026-09-23T19:05:51+05:30
19015,Express,2026-09-23,33,ND,MHD,14,10,-4,17.69999999999999,14,2026-09-23T19:16:17+05:30,2026-09-23T19:26:13+05:30
19015,Express,2026-09-23,34,MHD,BJD,21,8,-13,11.399999999999977,10,2026-09-23T19:27:46+05:30,2026-09-23T19:36:04+05:30
19015,Express,2026-09-23,35,BJD,MAN,13,10,-3,13.5,2,2026-09-23T19:42:51+05:30,2026-09-23T19:52:37+05:30
19015,Express,2026-09-23,36,ADI,SBT,13,20,7,9.300000000000011,7,2026-09-23T20:26:57+05:30,2026-09-23T20:46:30+05:30
19015,Express,2026-09-23,37,SAU,VG,41,29,-12,36.700000000000045,22,2026-09-23T21:24:23+05:30,2026-09-23T21:53:01+05:30
19015,Express,2026-09-23,38,SUNR,THAN,33,35,2,47.799999999999955,21,2026-09-23T23:08:31+05:30,2026-09-23T23:43:28+05:30
19015,Express,2026-09-23,39,THAN,WKR,24,17,-7,26.399999999999977,28,2026-09-23T23:51:13+05:30,2026-09-24T00:07:52+05:30
19015,Express,2026-09-24,0,BVI,BSR,23,15,-8,17.599999999999998,32,2026-09-24T10:21:40+05:30,2026-09-24T10:37:05+05:30
19015,Express,2026-09-24,1,BSR,VR,13,5,-8,8.300000000000004,26,2026-09-24T10:40:54+05:30,2026-09-24T10:46:12+05:30
19015,Express,2026-09-24,2,VR,SAH,13,13,0,16.299999999999997,19,2026-09-24T10:49:12+05:30,2026-09-24T11:02:40+05:30
19015,Express,2026-09-24,3,SAH,PLG,13,6,-7,14.799999999999997,24,2026-09-24T11:09:23+05:30,2026-09-24T11:15:43+05:30
19015,Express,2026-09-24,4,PLG,BOR,10,9,-1,11.299999999999997,23,2026-09-24T11:22:47+05:30,2026-09-24T11:31:46+05:30
19015,Express,2026-09-24,5,BOR,DRD,16,15,-1,21.80000000000001,24,2026-09-24T11:36:22+05:30,2026-09-24T11:51:07+05:30
19015,Express,2026-09-24,6,DRD,GVD,18,8,-10,11.0,22,2026-09-24T11:52:21+05:30,2026-09-24T12:00:24+05:30
19015,Express,2026-09-24,7,GVD,UBR,4,3,-1,9.299999999999983,16,2026-09-24T12:06:22+05:30,2026-09-24T12:09:41+05:30
19015,Express,2026-09-24,8,UBR,SJN,3,4,2,5.300000000000011,23,2026-09-24T12:18:11+05:30,2026-09-24T12:22:41+05:30
19015,Express,2026-09-24,9,SJN,BLD,10,10,0,11.599999999999994,26,2026-09-24T12:25:37+05:30,2026-09-24T12:35:27+05:30
19015,Express,2026-09-24,10,BLD,VAPI,12,10,-2,11.300000000000011,25,2026-09-24T12:37:08+05:30,2026-09-24T12:46:58+05:30
19015,Express,2026-09-24,11,VAPI,UVD,9,10,1,9.900000000000006,24,2026-09-24T12:50:28+05:30,2026-09-24T13:00:41+05:30
19015,Express,2026-09-24,12,PAD,BL,13,12,-1,10.5,20,2026-09-24T13:06:36+05:30,2026-09-24T13:18:46+05:30
19015,Express,2026-09-24,13,BL,BIM,13,13,0,18.200000000000017,22,2026-09-24T13:26:30+05:30,2026-09-24T13:39:40+05:30
19015,Express,2026-09-24,14,BIM,AML,18,5,-13,5.199999999999989,28,2026-09-24T13:47:37+05:30,2026-09-24T13:52:52+05:30
19015,Express,2026-09-24,15,AML,NVS,13,12,-1,15.800000000000011,20,2026-09-24T14:00:22+05:30,2026-09-24T14:12:21+05:30
19015,Express,2026-09-24,16,NVS,MRL,13,2,-11,8.399999999999977,27,2026-09-24T14:21:48+05:30,2026-09-24T14:24:10+05:30
19015,Express,2026-09-24,17,MRL,UDN,23,9,-14,17.200000000000017,21,2026-09-24T14:31:08+05:30,2026-09-24T14:39:52+05:30
19015,Express,2026-09-24,18,UDN,ST,20,3,-17,3.9999999999999716,12,2026-09-24T14:46:58+05:30,2026-09-24T14:49:46+05:30
19015,Express,2026-09-24,19,ST,SYN,13,11,-2,13.700000000000045,3,2026-09-24T15:02:49+05:30,2026-09-24T15:13:21+05:30
19015,Express,2026-09-24,20,SYN,KIM,8,7,-1,9.899999999999977,3,2026-09-24T15:18:03+05:30,2026-09-24T15:25:23+05:30
19015,Express,2026-09-24,21,KIM,KSB,8,7,-1,7.800000000000011,2,2026-09-24T15:27:24+05:30,2026-09-24T15:34:08+05:30
19015,Express,2026-09-24,22,KSB,PAO,9,9,0,8.300000000000011,3,2026-09-24T15:38:13+05:30,2026-09-24T15:47:23+05:30
19015,Express,2026-09-24,23,PAO,AKV,16,7,-9,10.299999999999955,26,2026-09-24T16:12:06+05:30,2026-09-24T16:19:18+05:30
19015,Express,2026-09-24,24,NIU,PLJ,15,11,-4,13.299999999999955,7,2026-09-24T16:47:07+05:30,2026-09-24T16:58:31+05:30
19015,Express,2026-09-24,25,PLJ,MYG,16,9,-7,15.300000000000011,16,2026-09-24T17:12:46+05:30,2026-09-24T17:21:38+05:30
19015,Express,2026-09-24,26,MYG,ITA,10,9,-1,11.699999999999989,15,2026-09-24T17:29:49+05:30,2026-09-24T17:38:21+05:30
19015,Express,2026-09-24,27,ITA,VS,15,12,-3,15.200000000000045,17,2026-09-24T17:43:46+05:30,2026-09-24T17:55:38+05:30
19015,Express,2026-09-24,28,VS,BRC,10,18,8,3.0,16,2026-09-24T17:59:11+05:30,2026-09-24T18:17:00+05:30
19015,Express,2026-09-24,29,BRC,VDA,21,14,-7,20.299999999999955,31,2026-09-24T18:28:37+05:30,2026-09-24T18:43:03+05:30
19015,Express,2026-09-24,30,VDA,ANND,17,7,-10,15.5,29,2026-09-24T18:49:34+05:30,2026-09-24T18:56:56+05:30
19015,Express,2026-09-24,31,KBRV,ND,10,6,-4,10.800000000000011,25,2026-09-24T19:14:40+05:30,2026-09-24T19:20:31+05:30
19015,Express,2026-09-24,32,ND,MHD,14,7,-7,17.69999999999999,27,2026-09-24T19:29:12+05:30,2026-09-24T19:36:32+05:30
19015,Express,2026-09-24,33,MHD,BJD,21,8,-13,11.399999999999977,33,2026-09-24T19:51:12+05:30,2026-09-24T19:59:05+05:30
19015,Express,2026-09-24,34,BJD,MAN,13,13,0,13.5,22,2026-09-24T20:03:01+05:30,2026-09-24T20:16:10+05:30
19015,Express,2026-09-24,35,ADI,SBT,13,14,1,9.300000000000011,28,2026-09-24T20:48:01+05:30,2026-09-24T21:02:09+05:30
19015,Express,2026-09-24,36,SAU,VG,41,31,-10,36.700000000000045,34,2026-09-24T21:35:40+05:30,2026-09-24T22:06:43+05:30
19015,Express,2026-09-24,37,SUNR,THAN,33,34,1,47.799999999999955,32,2026-09-24T23:20:13+05:30,2026-09-24T23:54:32+05:30
19015,Express,2026-09-24,38,THAN,WKR,24,18,-6,26.399999999999977,36,2026-09-25T00:00:49+05:30,2026-09-25T00:19:06+05:30
19016,Express,2026-09-21,0,WSJ,BNVD,14,21,7,18.1,8,2026-09-21T23:19:00+05:30,2026-09-21T23:40:00+05:30
19016,Express,2026-09-21,1,BNVD,LPJ,34,32,-2,36.2,15,2026-09-21T23:41:00+05:30,2026-09-22T00:13:00+05:30
19016,Express,2026-09-21,2,LPJ,JAM,53,50,-3,40.5,13,2026-09-22T00:14:00+05:30,2026-09-22T01:04:00+05:30
19016,Express,2026-09-21,3,JAM,HAPA,14,13,-1,8.599999999999994,10,2026-09-22T01:09:00+05:30,2026-09-22T01:22:00+05:30
19016,Express,2026-09-21,4,HAPA,RJT,92,97,5,75.9,9,2026-09-22T01:24:00+05:30,2026-09-22T03:01:00+05:30
19016,Express,2026-09-21,5,RJT,WKR,38,39,1,40.900000000000006,17,2026-09-22T03:09:00+05:30,2026-09-22T03:48:00+05:30
19016,Express,2026-09-21,6,WKR,THAN,23,23,0,26.399999999999977,18,2026-09-22T03:50:00+05:30,2026-09-22T04:13:00+05:30
19016,Express,2026-09-21,7,THAN,SUNR,42,36,-6,47.69999999999999,18,2026-09-22T04:15:00+05:30,2026-09-22T04:51:00+05:30
19016,Express,2026-09-21,8,SUNR,VG,69,52,-17,65.60000000000002,13,2026-09-22T04:54:00+05:30,2026-09-22T05:46:00+05:30
19016,Express,2026-09-21,9,VG,SAU,29,33,4,36.69999999999999,0,2026-09-22T05:52:00+05:30,2026-09-22T06:25:00+05:30
19016,Express,2026-09-21,10,SAU,CLDY,15,20,5,17.30000000000001,3,2026-09-22T06:26:00+05:30,2026-09-22T06:46:00+05:30
19016,Express,2026-09-21,11,CLDY,SBT,9,9,0,5.699999999999989,8,2026-09-22T06:48:00+05:30,2026-09-22T06:57:00+05:30
19016,Express,2026-09-21,12,SBT,ADI,19,26,7,5.300000000000011,11,2026-09-22T07:02:00+05:30,2026-09-22T07:28:00+05:30
19016,Express,2026-09-21,13,ADI,MAN,9,11,2,7.199999999999989,17,2026-09-22T07:37:00+05:30,2026-09-22T07:48:00+05:30
19016,Express,2026-09-21,14,MAN,BJD,32,21,-11,13.5,19,2026-09-22T07:50:00+05:30,2026-09-22T08:11:00+05:30
19016,Express,2026-09-21,15,BJD,MHD,11,12,1,11.5,7,2026-09-22T08:12:00+05:30,2026-09-22T08:24:00+05:30
19016,Express,2026-09-21,16,MHD,ND,27,19,-8,17.600000000000023,13,2026-09-22T08:31:00+05:30,2026-09-22T08:50:00+05:30
19016,Express,2026-09-21,17,ND,KBRV,10,17,7,10.900000000000034,4,2026-09-22T08:51:00+05:30,2026-09-22T09:08:00+05:30
19016,Express,2026-09-21,18,KBRV,ANND,8,10,2,7.5,11,2026-09-22T09:09:00+05:30,2026-09-22T09:19:00+05:30
19016,Express,2026-09-21,19,ANND,VDA,15,15,0,15.599999999999909,12,2026-09-22T09:20:00+05:30,2026-09-22T09:35:00+05:30
19016,Express,2026-09-21,20,VDA,BRC,31,25,-6,20.300000000000068,17,2026-09-22T09:42:00+05:30,2026-09-22T10:07:00+05:30
19016,Express,2026-09-21,21,BRC,VS,8,6,-2,2.8999999999999773,11,2026-09-22T10:12:00+05:30,2026-09-22T10:18:00+05:30
19016,Express,2026-09-21,22,MYG,PLJ,13,14,1,15.300000000000068,14,2026-09-22T10:51:00+05:30,2026-09-22T11:05:00+05:30
19016,Express,2026-09-21,23,PLJ,NIU,11,14,3,13.299999999999955,18,2026-09-22T11:10:00+05:30,2026-09-22T11:24:00+05:30
19016,Express,2026-09-21,24,NIU,BH,15,14,-1,12.100000000000023,20,2026-09-22T11:25:00+05:30,2026-09-22T11:39:00+05:30
19016,Express,2026-09-21,25,BH,AKV,9,10,1,9.199999999999932,16,2026-09-22T11:41:00+05:30,2026-09-22T11:51:00+05:30
19016,Express,2026-09-21,26,AKV,PAO,14,12,-2,10.300000000000068,17,2026-09-22T11:53:00+05:30,2026-09-22T12:05:00+05:30
19016,Express,2026-09-21,27,PAO,KSB,16,19,3,8.199999999999932,16,2026-09-22T12:08:00+05:30,2026-09-22T12:27:00+05:30
19016,Express,2026-09-21,28,KSB,KIM,8,9,1,7.900000000000091,19,2026-09-22T12:29:00+05:30,2026-09-22T12:38:00+05:30
19016,Express,2026-09-21,29,KIM,SYN,9,12,3,9.899999999999977,20,2026-09-22T12:40:00+05:30,2026-09-22T12:52:00+05:30
19016,Express,2026-09-21,30,SYN,ST,42,19,-23,13.600000000000023,27,2026-09-22T12:57:00+05:30,2026-09-22T13:16:00+05:30
19016,Express,2026-09-21,31,ST,UDN,6,7,1,4.099999999999909,5,2026-09-22T13:22:00+05:30,2026-09-22T13:29:00+05:30
19016,Express,2026-09-21,32,UDN,MRL,23,38,15,17.200000000000045,5,2026-09-22T13:30:00+05:30,2026-09-22T14:08:00+05:30
19016,Express,2026-09-21,33,MRL,NVS,8,9,1,8.299999999999955,20,2026-09-22T14:10:00+05:30,2026-09-22T14:19:00+05:30
19016,Express,2026-09-21,34,NVS,AML,23,23,0,15.800000000000068,22,2026-09-22T14:22:00+05:30,2026-09-22T14:45:00+05:30
19016,Express,2026-09-21,35,AML,BIM,8,9,1,5.199999999999932,21,2026-09-22T14:46:00+05:30,2026-09-22T14:55:00+05:30
19016,Express,2026-09-21,36,BIM,BL,15,29,14,18.200000000000045,22,2026-09-22T14:57:00+05:30,2026-09-22T15:26:00+05:30
19016,Express,2026-09-21,37,BL,PAD,13,14,1,10.600000000000023,35,2026-09-22T15:30:00+05:30,2026-09-22T15:44:00+05:30
19016,Express,2026-09-21,38,PAD,UVD,8,8,0,5.7999999999999545,35,2026-09-22T15:45:00+05:30,2026-09-22T15:53:00+05:30
19016,Express,2026-09-21,39,UVD,VAPI,13,13,0,9.899999999999977,35,2026-09-22T15:55:00+05:30,2026-09-22T16:08:00+05:30
19016,Express,2026-09-21,40,VAPI,BLD,13,11,-2,11.300000000000068,35,2026-09-22T16:10:00+05:30,2026-09-22T16:21:00+05:30
19016,Express,2026-09-21,41,BLD,SJN,8,11,3,11.5,33,2026-09-22T16:23:00+05:30,2026-09-22T16:34:00+05:30
19016,Express,2026-09-21,42,SJN,UBR,8,7,-1,5.399999999999977,34,2026-09-22T16:34:00+05:30,2026-09-22T16:41:00+05:30
19016,Express,2026-09-21,43,UBR,GVD,8,9,1,9.200000000000045,32,2026-09-22T16:42:00+05:30,2026-09-22T16:51:00+05:30
19016,Express,2026-09-21,44,GVD,DRD,13,15,2,11.099999999999909,32,2026-09-22T16:52:00+05:30,2026-09-22T17:07:00+05:30
19016,Express,2026-09-21,45,DRD,BOR,18,17,-1,21.700000000000045,34,2026-09-22T17:09:00+05:30,2026-09-22T17:26:00+05:30
19016,Express,2026-09-21,46,BOR,PLG,13,11,-2,11.399999999999977,32,2026-09-22T17:27:00+05:30,2026-09-22T17:38:00+05:30
19016,Express,2026-09-21,47,PLG,SAH,13,14,1,14.700000000000045,29,2026-09-22T17:39:00+05:30,2026-09-22T17:53:00+05:30
19016,Express,2026-09-21,48,SAH,VR,18,14,-4,16.299999999999955,29,2026-09-22T17:54:00+05:30,2026-09-22T18:08:00+05:30
19016,Express,2026-09-21,49,VR,BVI,27,38,11,25.899999999999977,25,2026-09-22T18:10:00+05:30,2026-09-22T18:48:00+05:30
19016,Express,2026-09-21,50,BVI,DDR,65,22,-43,23.800000000000068,36,2026-09-22T18:51:00+05:30,2026-09-22T19:13:00+05:30
19016,Express,2026-09-23,0,PBR,RWO,15,9,-6,13.4,6,2026-09-23T22:45:46+05:30,2026-09-23T22:55:09+05:30
19016,Express,2026-09-23,1,RWO,WSJ,14,14,0,20.200000000000003,2,2026-09-23T22:58:09+05:30,2026-09-23T23:12:13+05:30
19016,Express,2026-09-23,2,WSJ,BNVD,14,15,1,18.1,12,2026-09-23T23:23:17+05:30,2026-09-23T23:38:11+05:30
19016,Express,2026-09-23,3,BNVD,LPJ,34,26,-8,36.2,19,2026-09-23T23:47:13+05:30,2026-09-24T00:12:53+05:30
19016,Express,2026-09-24,0,PBR,RWO,15,15,0,13.4,5,2026-09-24T22:45:27+05:30,2026-09-24T23:00:39+05:30
19016,Express,2026-09-24,1,RWO,WSJ,14,19,5,20.200000000000003,5,2026-09-24T23:00:39+05:30,2026-09-24T23:19:52+05:30
19016,Express,2026-09-24,2,BNVD,LPJ,34,35,1,36.2,20,2026-09-24T23:46:08+05:30,2026-09-25T00:21:30+05:30
19019,Express,2026-09-17,0,BSR,PLG,33,35,2,39.50000000000001,6,2026-09-17T01:13:00+05:30,2026-09-17T01:48:00+05:30
19019,Express,2026-09-17,1,PLG,DRD,23,28,5,33.099999999999994,5,2026-09-17T01:50:00+05:30,2026-09-17T02:18:00+05:30
19019,Express,2026-09-17,2,DRD,VAPI,23,30,7,48.5,10,2026-09-17T02:20:00+05:30,2026-09-17T02:50:00+05:30
19019,Express,2026-09-17,3,VAPI,BL,35,23,-12,26.19999999999999,17,2026-09-17T02:52:00+05:30,2026-09-17T03:15:00+05:30
19019,Express,2026-09-17,4,BL,BIM,13,17,4,18.200000000000017,2,2026-09-17T03:17:00+05:30,2026-09-17T03:34:00+05:30
19019,Express,2026-09-17,5,BIM,NVS,15,17,2,21.0,6,2026-09-17T03:36:00+05:30,2026-09-17T03:53:00+05:30
19019,Express,2026-09-17,6,NVS,ST,43,25,-18,29.599999999999994,8,2026-09-17T03:55:00+05:30,2026-09-17T04:20:00+05:30
19019,Express,2026-09-17,7,ST,KSB,23,27,4,31.399999999999977,0,2026-09-17T04:35:00+05:30,2026-09-17T05:02:00+05:30
19019,Express,2026-09-17,8,KSB,AKV,14,17,3,18.5,4,2026-09-17T05:04:00+05:30,2026-09-17T05:21:00+05:30
19019,Express,2026-09-17,9,AKV,BH,13,14,1,9.200000000000045,7,2026-09-17T05:23:00+05:30,2026-09-17T05:37:00+05:30
19019,Express,2026-09-17,10,BH,MYG,29,28,-1,40.69999999999999,8,2026-09-17T05:39:00+05:30,2026-09-17T06:07:00+05:30
19019,Express,2026-09-17,11,MYG,BRC,33,25,-8,29.80000000000001,7,2026-09-17T06:09:00+05:30,2026-09-17T06:34:00+05:30
19019,Express,2026-09-17,12,BRC,SMLA,24,32,8,26.69999999999999,0,2026-09-17T06:43:00+05:30,2026-09-17T07:15:00+05:30
19019,Express,2026-09-17,13,SMLA,CPN,10,12,2,11.300000000000011,8,2026-09-17T07:16:00+05:30,2026-09-17T07:28:00+05:30
19019,Express,2026-09-17,14,CPN,DRL,16,12,-4,12.5,10,2026-09-17T07:29:00+05:30,2026-09-17T07:41:00+05:30
19019,Express,2026-09-17,15,GDA,SAT,15,17,2,20.5,6,2026-09-17T08:14:00+05:30,2026-09-17T08:31:00+05:30
19019,Express,2026-09-17,16,SAT,PPD,10,12,2,11.899999999999977,7,2026-09-17T08:32:00+05:30,2026-09-17T08:44:00+05:30
19019,Express,2026-09-17,17,PPD,LMK,9,9,0,7.900000000000034,8,2026-09-17T08:45:00+05:30,2026-09-17T08:54:00+05:30
19019,Express,2026-09-17,18,LMK,MAM,10,12,2,9.800000000000011,8,2026-09-17T08:55:00+05:30,2026-09-17T09:07:00+05:30
19019,Express,2026-09-17,19,MAM,DHD,20,21,1,23.0,10,2026-09-17T09:08:00+05:30,2026-09-17T09:29:00+05:30
19019,Express,2026-09-17,20,DHD,BIO,15,11,-4,10.600000000000023,12,2026-09-17T09:32:00+05:30,2026-09-17T09:43:00+05:30
19019,Express,2026-09-17,21,BIO,ANAS,9,8,-1,7.899999999999977,8,2026-09-17T09:44:00+05:30,2026-09-17T09:52:00+05:30
19019,Express,2026-09-17,22,ANAS,MGN,12,14,2,14.600000000000023,7,2026-09-17T09:53:00+05:30,2026-09-17T10:07:00+05:30
19019,Express,2026-09-17,23,MGN,THDR,10,10,0,8.099999999999909,9,2026-09-17T10:09:00+05:30,2026-09-17T10:19:00+05:30
19019,Express,2026-09-17,24,THDR,PCN,14,13,-1,13.700000000000045,9,2026-09-17T10:20:00+05:30,2026-09-17T10:33:00+05:30
19019,Express,2026-09-17,25,PCN,BMI,14,12,-2,13.700000000000045,8,2026-09-17T10:34:00+05:30,2026-09-17T10:46:00+05:30
19019,Express,2026-09-17,26,BMI,BOG,8,8,0,6.0,5,2026-09-17T10:47:00+05:30,2026-09-17T10:55:00+05:30
19019,Express,2026-09-17,27,BOG,BILD,17,25,8,19.09999999999991,5,2026-09-17T10:56:00+05:30,2026-09-17T11:21:00+05:30
19019,Express,2026-09-17,28,BILD,MRN,10,10,0,8.900000000000091,13,2026-09-17T11:22:00+05:30,2026-09-17T11:32:00+05:30
19019,Express,2026-09-17,29,MRN,RTM,30,16,-14,10.799999999999955,13,2026-09-17T11:33:00+05:30,2026-09-17T11:49:00+05:30
19019,Express,2026-09-17,30,RTM,BOD,15,14,-1,12.200000000000045,1,2026-09-17T12:01:00+05:30,2026-09-17T12:15:00+05:30
19019,Express,2026-09-17,31,BOD,RNH,9,9,0,7.5,0,2026-09-17T12:16:00+05:30,2026-09-17T12:25:00+05:30
19019,Express,2026-09-17,32,RNH,KUH,8,9,1,10.399999999999977,0,2026-09-17T12:26:00+05:30,2026-09-17T12:35:00+05:30
19019,Express,2026-09-17,33,KUH,NAD,26,20,-6,13.799999999999955,0,2026-09-17T12:39:00+05:30,2026-09-17T12:59:00+05:30
19019,Express,2026-09-17,34,NAD,MEP,18,15,-3,17.100000000000023,0,2026-09-17T13:10:00+05:30,2026-09-17T13:25:00+05:30
19019,Express,2026-09-17,35,MEP,VMA,26,23,-3,23.0,0,2026-09-17T13:30:00+05:30,2026-09-17T13:53:00+05:30
19019,Express,2026-09-17,36,VMA,CMU,18,17,-1,22.600000000000023,0,2026-09-17T13:58:00+05:30,2026-09-17T14:15:00+05:30
19019,Express,2026-09-17,37,CMU,SVA,15,17,2,15.299999999999955,1,2026-09-17T14:19:00+05:30,2026-09-17T14:36:00+05:30
19019,Express,2026-09-17,38,SVA,SGZ,13,25,12,13.700000000000045,3,2026-09-17T14:38:00+05:30,2026-09-17T15:03:00+05:30
19019,Express,2026-09-17,39,BWM,JHW,13,13,0,16.5,0,2026-09-17T15:25:00+05:30,2026-09-17T15:38:00+05:30
19019,Express,2026-09-17,40,JHW,RMA,20,9,-11,11.600000000000023,0,2026-09-17T15:40:00+05:30,2026-09-17T15:49:00+05:30
19019,Express,2026-09-17,41,RMA,MKX,10,12,2,10.100000000000023,0,2026-09-17T16:05:00+05:30,2026-09-17T16:17:00+05:30
19019,Express,2026-09-17,42,MKX,DARA,16,14,-2,14.399999999999977,20,2026-09-17T16:37:00+05:30,2026-09-17T16:51:00+05:30
19019,Express,2026-09-17,43,DARA,NKOT,40,27,-13,38.5,18,2026-09-17T16:53:00+05:30,2026-09-17T17:20:00+05:30
19019,Express,2026-09-17,44,NKOT,KOTA,25,22,-3,9.299999999999955,5,2026-09-17T17:25:00+05:30,2026-09-17T17:47:00+05:30
19019,Express,2026-09-17,45,KOTA,KPTN,13,17,4,13.300000000000068,4,2026-09-17T17:59:00+05:30,2026-09-17T18:16:00+05:30
19019,Express,2026-09-17,46,KPTN,KPZ,18,17,-1,20.0,26,2026-09-17T18:36:00+05:30,2026-09-17T18:53:00+05:30
19019,Express,2026-09-17,47,KPZ,LKE,23,24,1,27.199999999999932,24,2026-09-17T18:54:00+05:30,2026-09-17T19:18:00+05:30
19019,Express,2026-09-17,48,LKE,IDG,13,13,0,10.800000000000068,25,2026-09-17T19:20:00+05:30,2026-09-17T19:33:00+05:30
19019,Express,2026-09-17,49,IDG,SWM,40,26,-14,36.5,25,2026-09-17T19:35:00+05:30,2026-09-17T20:01:00+05:30
19019,Express,2026-09-17,50,SWM,MLZ,21,30,9,30.199999999999932,14,2026-09-17T20:09:00+05:30,2026-09-17T20:39:00+05:30
19019,Express,2026-09-17,51,MLZ,NNW,15,14,-1,16.700000000000045,23,2026-09-17T20:41:00+05:30,2026-09-17T20:55:00+05:30
19019,Express,2026-09-17,52,NNW,GGC,20,18,-2,16.90000000000009,21,2026-09-17T20:56:00+05:30,2026-09-17T21:14:00+05:30
19019,Express,2026-09-17,53,BXN,BTE,40,28,-12,41.899999999999864,20,2026-09-17T22:45:00+05:30,2026-09-17T23:13:00+05:30
19019,Express,2026-09-17,54,BTE,MTJ,60,36,-24,33.600000000000136,7,2026-09-17T23:17:00+05:30,2026-09-17T23:53:00+05:30
19019,Express,2026-09-17,55,MTJ,KSV,30,31,1,41.399999999999864,3,2026-09-18T00:18:00+05:30,2026-09-18T00:49:00+05:30
19019,Express,2026-09-17,56,KSV,FDB,71,57,-14,71.60000000000014,6,2026-09-18T00:53:00+05:30,2026-09-18T01:50:00+05:30
19019,Express,2026-09-17,57,FDB,NZM,35,33,-2,20.899999999999864,0,2026-09-18T02:00:00+05:30,2026-09-18T02:33:00+05:30
19019,Express,2026-09-17,58,NZM,GZB,36,35,-1,27.100000000000136,5,2026-09-18T02:55:00+05:30,2026-09-18T03:30:00+05:30
19019,Express,2026-09-17,59,GZB,MTC,34,32,-2,47.200000000000045,4,2026-09-18T03:32:00+05:30,2026-09-18T04:04:00+05:30
19019,Express,2026-09-17,60,MTC,MOZ,41,81,40,55.59999999999991,1,2026-09-18T04:08:00+05:30,2026-09-18T05:29:00+05:30
19019,Express,2026-09-17,61,MOZ,TPZ,51,43,-8,51.700000000000045,41,2026-09-18T05:31:00+05:30,2026-09-18T06:14:00+05:30
19019,Express,2026-09-17,62,TPZ,RK,45,39,-6,43.0,35,2026-09-18T06:18:00+05:30,2026-09-18T06:57:00+05:30
19019,Express,2026-09-17,63,RK,JWP,51,44,-7,37.59999999999991,26,2026-09-18T06:59:00+05:30,2026-09-18T07:43:00+05:30
19019,Express,2026-09-17,64,JWP,HW,24,10,-14,3.900000000000091,19,2026-09-18T07:45:00+05:30,2026-09-18T07:55:00+05:30
19019,Express,2026-09-18,0,BSR,PLG,33,30,-3,39.50000000000001,11,2026-09-18T01:18:00+05:30,2026-09-18T01:48:00+05:30
19019,Express,2026-09-18,1,PLG,DRD,23,40,17,33.099999999999994,5,2026-09-18T01:50:00+05:30,2026-09-18T02:30:00+05:30
19019,Express,2026-09-18,2,DRD,VAPI,23,32,9,48.5,22,2026-09-18T02:32:00+05:30,2026-09-18T03:04:00+05:30
19019,Express,2026-09-18,3,VAPI,BL,35,21,-14,26.19999999999999,31,2026-09-18T03:06:00+05:30,2026-09-18T03:27:00+05:30
19019,Express,2026-09-18,4,BL,BIM,13,17,4,18.200000000000017,15,2026-09-18T03:30:00+05:30,2026-09-18T03:47:00+05:30
19019,Express,2026-09-18,5,BIM,NVS,15,16,1,21.0,18,2026-09-18T03:48:00+05:30,2026-09-18T04:04:00+05:30
19019,Express,2026-09-18,6,NVS,ST,43,30,-13,29.599999999999994,19,2026-09-18T04:06:00+05:30,2026-09-18T04:36:00+05:30
19019,Express,2026-09-18,7,ST,KSB,23,23,0,31.399999999999977,5,2026-09-18T04:40:00+05:30,2026-09-18T05:03:00+05:30
19019,Express,2026-09-18,8,KSB,AKV,14,19,5,18.5,5,2026-09-18T05:05:00+05:30,2026-09-18T05:24:00+05:30
19019,Express,2026-09-18,9,AKV,BH,13,16,3,9.200000000000045,10,2026-09-18T05:26:00+05:30,2026-09-18T05:42:00+05:30
19019,Express,2026-09-18,10,BH,MYG,29,34,5,40.69999999999999,13,2026-09-18T05:44:00+05:30,2026-09-18T06:18:00+05:30
19019,Express,2026-09-18,11,MYG,BRC,33,23,-10,29.80000000000001,18,2026-09-18T06:20:00+05:30,2026-09-18T06:43:00+05:30
19019,Express,2026-09-18,12,BRC,SMLA,24,30,6,26.69999999999999,5,2026-09-18T06:48:00+05:30,2026-09-18T07:18:00+05:30
19019,Express,2026-09-18,13,SMLA,CPN,10,13,3,11.300000000000011,11,2026-09-18T07:19:00+05:30,2026-09-18T07:32:00+05:30
19019,Express,2026-09-18,14,CPN,DRL,16,13,-3,12.5,14,2026-09-18T07:33:00+05:30,2026-09-18T07:46:00+05:30
19019,Express,2026-09-18,15,DRL,KRSA,12,12,0,12.799999999999955,11,2026-09-18T07:47:00+05:30,2026-09-18T07:59:00+05:30
19019,Express,2026-09-18,16,KRSA,GDA,14,15,1,10.600000000000023,11,2026-09-18T08:00:00+05:30,2026-09-18T08:15:00+05:30
19019,Express,2026-09-18,17,GDA,SAT,15,17,2,20.5,10,2026-09-18T08:18:00+05:30,2026-09-18T08:35:00+05:30
19019,Express,2026-09-18,18,SAT,PPD,10,11,1,11.899999999999977,11,2026-09-18T08:36:00+05:30,2026-09-18T08:47:00+05:30
19019,Express,2026-09-18,19,PPD,LMK,9,10,1,7.900000000000034,11,2026-09-18T08:48:00+05:30,2026-09-18T08:58:00+05:30
19019,Express,2026-09-18,20,LMK,MAM,10,14,4,9.800000000000011,12,2026-09-18T08:59:00+05:30,2026-09-18T09:13:00+05:30
19019,Express,2026-09-18,21,MAM,DHD,20,25,5,23.0,16,2026-09-18T09:14:00+05:30,2026-09-18T09:39:00+05:30
19019,Express,2026-09-18,22,DHD,BIO,15,9,-6,10.600000000000023,22,2026-09-18T09:42:00+05:30,2026-09-18T09:51:00+05:30
19019,Express,2026-09-18,23,BIO,ANAS,9,12,3,7.899999999999977,16,2026-09-18T09:52:00+05:30,2026-09-18T10:04:00+05:30
19019,Express,2026-09-18,24,ANAS,MGN,12,15,3,14.600000000000023,19,2026-09-18T10:05:00+05:30,2026-09-18T10:20:00+05:30
19019,Express,2026-09-18,25,MGN,THDR,10,8,-2,8.099999999999909,22,2026-09-18T10:22:00+05:30,2026-09-18T10:30:00+05:30
19019,Express,2026-09-18,26,THDR,PCN,14,13,-1,13.700000000000045,20,2026-09-18T10:31:00+05:30,2026-09-18T10:44:00+05:30
19019,Express,2026-09-18,27,PCN,BMI,14,17,3,13.700000000000045,19,2026-09-18T10:45:00+05:30,2026-09-18T11:02:00+05:30
19019,Express,2026-09-18,28,BMI,BOG,8,8,0,6.0,21,2026-09-18T11:03:00+05:30,2026-09-18T11:11:00+05:30
19019,Express,2026-09-18,29,BOG,BILD,17,23,6,19.09999999999991,21,2026-09-18T11:12:00+05:30,2026-09-18T11:35:00+05:30
19019,Express,2026-09-18,30,BILD,MRN,10,12,2,8.900000000000091,27,2026-09-18T11:36:00+05:30,2026-09-18T11:48:00+05:30
19019,Express,2026-09-18,31,MRN,RTM,30,16,-14,10.799999999999955,29,2026-09-18T11:49:00+05:30,2026-09-18T12:05:00+05:30
19019,Express,2026-09-18,32,RTM,BOD,15,15,0,12.200000000000045,16,2026-09-18T12:16:00+05:30,2026-09-18T12:31:00+05:30
19019,Express,2026-09-18,33,BOD,RNH,9,12,3,7.5,16,2026-09-18T12:32:00+05:30,2026-09-18T12:44:00+05:30
19019,Express,2026-09-18,34,RNH,KUH,8,12,4,10.399999999999977,19,2026-09-18T12:45:00+05:30,2026-09-18T12:57:00+05:30
19019,Express,2026-09-18,35,KUH,NAD,26,19,-7,13.799999999999955,20,2026-09-18T12:59:00+05:30,2026-09-18T13:18:00+05:30
19019,Express,2026-09-18,36,NAD,MEP,18,17,-1,17.100000000000023,11,2026-09-18T13:21:00+05:30,2026-09-18T13:38:00+05:30
19019,Express,2026-09-18,37,MEP,VMA,26,30,4,23.0,16,2026-09-18T13:46:00+05:30,2026-09-18T14:16:00+05:30
19019,Express,2026-09-18,38,VMA,CMU,18,18,0,22.600000000000023,19,2026-09-18T14:17:00+05:30,2026-09-18T14:35:00+05:30
19019,Express,2026-09-18,39,CMU,SVA,15,19,4,15.299999999999955,19,2026-09-18T14:37:00+05:30,2026-09-18T14:56:00+05:30
19019,Express,2026-09-18,40,SVA,SGZ,13,14,1,13.700000000000045,23,2026-09-18T14:58:00+05:30,2026-09-18T15:12:00+05:30
19019,Express,2026-09-18,41,SGZ,GOH,10,12,2,10.699999999999932,24,2026-09-18T15:14:00+05:30,2026-09-18T15:26:00+05:30
19019,Express,2026-09-18,42,GOH,BWM,18,16,-2,22.600000000000023,26,2026-09-18T15:28:00+05:30,2026-09-18T15:44:00+05:30
19019,Express,2026-09-18,43,BWM,JHW,13,14,1,16.5,21,2026-09-18T15:46:00+05:30,2026-09-18T16:00:00+05:30
19019,Express,2026-09-18,44,JHW,RMA,20,10,-10,11.600000000000023,21,2026-09-18T16:01:00+05:30,2026-09-18T16:11:00+05:30
19019,Express,2026-09-18,45,RMA,MKX,10,13,3,10.100000000000023,8,2026-09-18T16:13:00+05:30,2026-09-18T16:26:00+05:30
19019,Express,2026-09-18,46,MKX,DARA,16,15,-1,14.399999999999977,10,2026-09-18T16:27:00+05:30,2026-09-18T16:42:00+05:30
19019,Express,2026-09-18,47,DARA,NKOT,40,31,-9,38.5,9,2026-09-18T16:44:00+05:30,2026-09-18T17:15:00+05:30
19019,Express,2026-09-18,48,NKOT,KOTA,25,28,3,9.299999999999955,0,2026-09-18T17:20:00+05:30,2026-09-18T17:48:00+05:30
19019,Express,2026-09-18,49,KOTA,KPTN,13,16,3,13.300000000000068,4,2026-09-18T17:59:00+05:30,2026-09-18T18:15:00+05:30
19019,Express,2026-09-18,50,KPTN,KPZ,18,16,-2,20.0,30,2026-09-18T18:40:00+05:30,2026-09-18T18:56:00+05:30
19019,Express,2026-09-18,51,KPZ,LKE,23,24,1,27.199999999999932,28,2026-09-18T18:58:00+05:30,2026-09-18T19:22:00+05:30
19019,Express,2026-09-18,52,LKE,IDG,13,14,1,10.800000000000068,29,2026-09-18T19:24:00+05:30,2026-09-18T19:38:00+05:30
19019,Express,2026-09-18,53,IDG,SWM,40,42,2,36.5,30,2026-09-18T19:40:00+05:30,2026-09-18T20:22:00+05:30
19019,Express,2026-09-18,54,SWM,MLZ,21,22,1,30.199999999999932,33,2026-09-18T20:28:00+05:30,2026-09-18T20:50:00+05:30
19019,Express,2026-09-18,55,MLZ,NNW,15,15,0,16.700000000000045,34,2026-09-18T20:52:00+05:30,2026-09-18T21:07:00+05:30
19019,Express,2026-09-18,56,NNW,GGC,20,16,-4,16.90000000000009,34,2026-09-18T21:09:00+05:30,2026-09-18T21:25:00+05:30
19019,Express,2026-09-18,57,GGC,SMVJ,25,27,2,34.299999999999955,25,2026-09-18T21:30:00+05:30,2026-09-18T21:57:00+05:30
19019,Express,2026-09-18,58,SMVJ,HAN,13,9,-4,10.099999999999909,27,2026-09-18T21:59:00+05:30,2026-09-18T22:08:00+05:30
19019,Express,2026-09-18,59,HAN,FSP,11,16,5,13.200000000000045,20,2026-09-18T22:10:00+05:30,2026-09-18T22:26:00+05:30
19019,Express,2026-09-18,60,FSP,BXN,20,15,-5,19.700000000000045,25,2026-09-18T22:28:00+05:30,2026-09-18T22:43:00+05:30
19019,Express,2026-09-18,61,BXN,BTE,40,26,-14,41.899999999999864,22,2026-09-18T22:47:00+05:30,2026-09-18T23:13:00+05:30
19019,Express,2026-09-18,62,BTE,MTJ,60,46,-14,33.600000000000136,8,2026-09-18T23:18:00+05:30,2026-09-19T00:04:00+05:30
19019,Express,2026-09-18,63,MTJ,KSV,30,36,6,41.399999999999864,4,2026-09-19T00:19:00+05:30,2026-09-19T00:55:00+05:30
19019,Express,2026-09-18,64,KSV,FDB,71,57,-14,71.60000000000014,12,2026-09-19T00:59:00+05:30,2026-09-19T01:56:00+05:30
19019,Express,2026-09-18,65,FDB,NZM,35,47,12,20.899999999999864,0,2026-09-19T02:00:00+05:30,2026-09-19T02:47:00+05:30
19019,Express,2026-09-18,66,NZM,GZB,36,87,51,27.100000000000136,18,2026-09-19T03:08:00+05:30,2026-09-19T04:35:00+05:30
19019,Express,2026-09-18,67,MOZ,TPZ,51,42,-9,51.700000000000045,103,2026-09-19T06:33:00+05:30,2026-09-19T07:15:00+05:30
19019,Express,2026-09-18,68,TPZ,RK,45,36,-9,43.0,95,2026-09-19T07:18:00+05:30,2026-09-19T07:54:00+05:30
19019,Express,2026-09-18,69,RK,JWP,51,100,49,37.59999999999991,83,2026-09-19T07:56:00+05:30,2026-09-19T09:36:00+05:30
19019,Express,2026-09-18,70,JWP,HW,24,9,-15,3.900000000000091,132,2026-09-19T09:38:00+05:30,2026-09-19T09:47:00+05:30
19019,Express,2026-09-20,0,BDTS,BVI,25,28,3,18.4,0,2026-09-20T00:20:00+05:30,2026-09-20T00:48:00+05:30
19019,Express,2026-09-20,1,BVI,BSR,17,20,3,17.5,3,2026-09-20T00:51:00+05:30,2026-09-20T01:11:00+05:30
19019,Express,2026-09-20,2,BSR,PLG,33,35,2,39.50000000000001,6,2026-09-20T01:13:00+05:30,2026-09-20T01:48:00+05:30
19019,Express,2026-09-20,3,PLG,DRD,23,30,7,33.099999999999994,5,2026-09-20T01:50:00+05:30,2026-09-20T02:20:00+05:30
19019,Express,2026-09-20,4,DRD,VAPI,23,31,8,48.5,11,2026-09-20T02:21:00+05:30,2026-09-20T02:52:00+05:30
19019,Express,2026-09-20,5,VAPI,BL,35,23,-12,26.19999999999999,19,2026-09-20T02:54:00+05:30,2026-09-20T03:17:00+05:30
19019,Express,2026-09-20,6,BL,BIM,13,17,4,18.200000000000017,4,2026-09-20T03:19:00+05:30,2026-09-20T03:36:00+05:30
19019,Express,2026-09-20,7,BIM,NVS,15,17,2,21.0,7,2026-09-20T03:37:00+05:30,2026-09-20T03:54:00+05:30
19019,Express,2026-09-20,8,NVS,ST,43,33,-10,29.599999999999994,9,2026-09-20T03:56:00+05:30,2026-09-20T04:29:00+05:30
19019,Express,2026-09-20,9,ST,KSB,23,22,-1,31.399999999999977,0,2026-09-20T04:35:00+05:30,2026-09-20T04:57:00+05:30
19019,Express,2026-09-20,10,KSB,AKV,14,17,3,18.5,0,2026-09-20T05:00:00+05:30,2026-09-20T05:17:00+05:30
19019,Express,2026-09-20,11,AKV,BH,13,10,-3,9.200000000000045,3,2026-09-20T05:19:00+05:30,2026-09-20T05:29:00+05:30
19019,Express,2026-09-20,12,BH,MYG,29,27,-2,40.69999999999999,0,2026-09-20T05:31:00+05:30,2026-09-20T05:58:00+05:30
19019,Express,2026-09-20,13,MYG,BRC,33,29,-4,29.80000000000001,0,2026-09-20T06:02:00+05:30,2026-09-20T06:31:00+05:30
19019,Express,2026-09-20,14,BRC,SMLA,24,30,6,26.69999999999999,2,2026-09-20T06:45:00+05:30,2026-09-20T07:15:00+05:30
19019,Express,2026-09-20,15,SMLA,CPN,10,13,3,11.300000000000011,7,2026-09-20T07:15:00+05:30,2026-09-20T07:28:00+05:30
19019,Express,2026-09-20,16,CPN,DRL,16,14,-2,12.5,9,2026-09-20T07:28:00+05:30,2026-09-20T07:42:00+05:30
19019,Express,2026-09-20,17,DRL,KRSA,12,15,3,12.799999999999955,7,2026-09-20T07:43:00+05:30,2026-09-20T07:58:00+05:30
19019,Express,2026-09-20,18,KRSA,GDA,14,11,-3,10.600000000000023,10,2026-09-20T07:59:00+05:30,2026-09-20T08:10:00+05:30
19019,Express,2026-09-20,19,GDA,SAT,15,17,2,20.5,3,2026-09-20T08:11:00+05:30,2026-09-20T08:28:00+05:30
19019,Express,2026-09-20,20,SAT,PPD,10,11,1,11.899999999999977,4,2026-09-20T08:29:00+05:30,2026-09-20T08:40:00+05:30
19019,Express,2026-09-20,21,PPD,LMK,9,10,1,7.900000000000034,7,2026-09-20T08:44:00+05:30,2026-09-20T08:54:00+05:30
19019,Express,2026-09-20,22,LMK,MAM,10,14,4,9.800000000000011,8,2026-09-20T08:55:00+05:30,2026-09-20T09:09:00+05:30
19019,Express,2026-09-20,23,MAM,DHD,20,22,2,23.0,12,2026-09-20T09:10:00+05:30,2026-09-20T09:32:00+05:30
19019,Express,2026-09-20,24,DHD,BIO,15,10,-5,10.600000000000023,14,2026-09-20T09:34:00+05:30,2026-09-20T09:44:00+05:30
19019,Express,2026-09-20,25,ANAS,MGN,12,14,2,14.600000000000023,10,2026-09-20T09:56:00+05:30,2026-09-20T10:10:00+05:30
19019,Express,2026-09-20,26,MGN,THDR,10,9,-1,8.099999999999909,11,2026-09-20T10:11:00+05:30,2026-09-20T10:20:00+05:30
19019,Express,2026-09-20,27,THDR,PCN,14,17,3,13.700000000000045,11,2026-09-20T10:22:00+05:30,2026-09-20T10:39:00+05:30
19019,Express,2026-09-20,28,PCN,BMI,14,20,6,13.700000000000045,14,2026-09-20T10:40:00+05:30,2026-09-20T11:00:00+05:30
19019,Express,2026-09-20,29,BMI,BOG,8,8,0,6.0,19,2026-09-20T11:01:00+05:30,2026-09-20T11:09:00+05:30
19019,Express,2026-09-20,30,BOG,BILD,17,23,6,19.09999999999991,19,2026-09-20T11:10:00+05:30,2026-09-20T11:33:00+05:30
19019,Express,2026-09-20,31,BILD,MRN,10,13,3,8.900000000000091,25,2026-09-20T11:34:00+05:30,2026-09-20T11:47:00+05:30
19019,Express,2026-09-20,32,MRN,RTM,30,14,-16,10.799999999999955,27,2026-09-20T11:47:00+05:30,2026-09-20T12:01:00+05:30
19019,Express,2026-09-20,33,RTM,BOD,15,12,-3,12.200000000000045,14,2026-09-20T12:14:00+05:30,2026-09-20T12:26:00+05:30
19019,Express,2026-09-20,34,BOD,RNH,9,8,-1,7.5,11,2026-09-20T12:27:00+05:30,2026-09-20T12:35:00+05:30
19019,Express,2026-09-20,35,RNH,KUH,8,10,2,10.399999999999977,10,2026-09-20T12:36:00+05:30,2026-09-20T12:46:00+05:30
19019,Express,2026-09-20,36,NAD,MEP,18,19,1,17.100000000000023,3,2026-09-20T13:13:00+05:30,2026-09-20T13:32:00+05:30
19019,Express,2026-09-20,37,MEP,VMA,26,26,0,23.0,4,2026-09-20T13:34:00+05:30,2026-09-20T14:00:00+05:30
19019,Express,2026-09-20,38,VMA,CMU,18,18,0,22.600000000000023,4,2026-09-20T14:02:00+05:30,2026-09-20T14:20:00+05:30
19019,Express,2026-09-20,39,CMU,SVA,15,16,1,15.299999999999955,14,2026-09-20T14:32:00+05:30,2026-09-20T14:48:00+05:30
19019,Express,2026-09-20,40,SVA,SGZ,13,12,-1,13.700000000000045,15,2026-09-20T14:50:00+05:30,2026-09-20T15:02:00+05:30
19019,Express,2026-09-20,41,SGZ,GOH,10,10,0,10.699999999999932,14,2026-09-20T15:04:00+05:30,2026-09-20T15:14:00+05:30
19019,Express,2026-09-20,42,GOH,BWM,18,18,0,22.600000000000023,14,2026-09-20T15:16:00+05:30,2026-09-20T15:34:00+05:30
19019,Express,2026-09-20,43,BWM,JHW,13,15,2,16.5,11,2026-09-20T15:36:00+05:30,2026-09-20T15:51:00+05:30
19019,Express,2026-09-20,44,JHW,RMA,20,13,-7,11.600000000000023,12,2026-09-20T15:52:00+05:30,2026-09-20T16:05:00+05:30
19019,Express,2026-09-20,45,RMA,MKX,10,12,2,10.100000000000023,2,2026-09-20T16:07:00+05:30,2026-09-20T16:19:00+05:30
19019,Express,2026-09-20,46,MKX,DARA,16,24,8,14.399999999999977,21,2026-09-20T16:38:00+05:30,2026-09-20T17:02:00+05:30
19019,Express,2026-09-20,47,DARA,NKOT,40,32,-8,38.5,34,2026-09-20T17:09:00+05:30,2026-09-20T17:41:00+05:30
19019,Express,2026-09-20,48,NKOT,KOTA,25,11,-14,9.299999999999955,23,2026-09-20T17:43:00+05:30,2026-09-20T17:54:00+05:30
19019,Express,2026-09-20,49,KOTA,KPTN,13,61,48,13.300000000000068,13,2026-09-20T18:08:00+05:30,2026-09-20T19:09:00+05:30
19019,Express,2026-09-20,50,KPTN,KPZ,18,16,-2,20.0,61,2026-09-20T19:11:00+05:30,2026-09-20T19:27:00+05:30
19019,Express,2026-09-20,51,KPZ,LKE,23,23,0,27.199999999999932,59,2026-09-20T19:29:00+05:30,2026-09-20T19:52:00+05:30
19019,Express,2026-09-20,52,LKE,IDG,13,13,0,10.800000000000068,59,2026-09-20T19:54:00+05:30,2026-09-20T20:07:00+05:30
19019,Express,2026-09-20,53,IDG,SWM,40,25,-15,36.5,58,2026-09-20T20:08:00+05:30,2026-09-20T20:33:00+05:30
19019,Express,2026-09-20,54,SWM,MLZ,21,23,2,30.199999999999932,43,2026-09-20T20:38:00+05:30,2026-09-20T21:01:00+05:30
19019,Express,2026-09-20,55,MLZ,NNW,15,15,0,16.700000000000045,44,2026-09-20T21:02:00+05:30,2026-09-20T21:17:00+05:30
19019,Express,2026-09-20,56,NNW,GGC,20,15,-5,16.90000000000009,44,2026-09-20T21:19:00+05:30,2026-09-20T21:34:00+05:30
19019,Express,2026-09-20,57,GGC,SMVJ,25,28,3,34.299999999999955,34,2026-09-20T21:39:00+05:30,2026-09-20T22:07:00+05:30
19019,Express,2026-09-20,58,SMVJ,HAN,13,11,-2,10.099999999999909,37,2026-09-20T22:09:00+05:30,2026-09-20T22:20:00+05:30
19019,Express,2026-09-20,59,HAN,FSP,11,16,5,13.200000000000045,31,2026-09-20T22:21:00+05:30,2026-09-20T22:37:00+05:30
19019,Express,2026-09-20,60,FSP,BXN,20,15,-5,19.700000000000045,36,2026-09-20T22:39:00+05:30,2026-09-20T22:54:00+05:30
19019,Express,2026-09-20,61,BXN,BTE,40,36,-4,41.899999999999864,32,2026-09-20T22:57:00+05:30,2026-09-20T23:33:00+05:30
19019,Express,2026-09-20,62,BTE,MTJ,60,33,-27,33.600000000000136,26,2026-09-20T23:36:00+05:30,2026-09-21T00:09:00+05:30
19019,Express,2026-09-20,63,MTJ,KSV,30,32,2,41.399999999999864,2,2026-09-21T00:17:00+05:30,2026-09-21T00:49:00+05:30
19019,Express,2026-09-20,64,KSV,FDB,71,77,6,71.60000000000014,3,2026-09-21T00:50:00+05:30,2026-09-21T02:07:00+05:30
19019,Express,2026-09-20,65,FDB,NZM,35,43,8,20.899999999999864,10,2026-09-21T02:10:00+05:30,2026-09-21T02:53:00+05:30
19019,Express,2026-09-20,66,NZM,GZB,36,56,20,27.100000000000136,24,2026-09-21T03:14:00+05:30,2026-09-21T04:10:00+05:30
19019,Express,2026-09-20,67,GZB,MTC,34,50,16,47.200000000000045,45,2026-09-21T04:13:00+05:30,2026-09-21T05:03:00+05:30
19019,Express,2026-09-20,68,MTC,MOZ,41,45,4,55.59999999999991,59,2026-09-21T05:06:00+05:30,2026-09-21T05:51:00+05:30
19019,Express,2026-09-20,69,MOZ,TPZ,51,37,-14,51.700000000000045,63,2026-09-21T05:53:00+05:30,2026-09-21T06:30:00+05:30
19019,Express,2026-09-20,70,TPZ,RK,45,34,-11,43.0,48,2026-09-21T06:31:00+05:30,2026-09-21T07:05:00+05:30
19019,Express,2026-09-20,71,RK,JWP,51,60,9,37.59999999999991,34,2026-09-21T07:07:00+05:30,2026-09-21T08:07:00+05:30
19019,Express,2026-09-20,72,JWP,HW,24,6,-18,3.900000000000091,43,2026-09-21T08:09:00+05:30,2026-09-21T08:15:00+05:30
19019,Express,2026-09-21,0,BDTS,BVI,25,38,13,18.4,0,2026-09-21T00:20:00+05:30,2026-09-21T00:58:00+05:30
19019,Express,2026-09-21,1,BVI,BSR,17,15,-2,17.5,14,2026-09-21T01:02:00+05:30,2026-09-21T01:17:00+05:30
19019,Express,2026-09-21,2,BSR,PLG,33,28,-5,39.50000000000001,12,2026-09-21T01:19:00+05:30,2026-09-21T01:47:00+05:30
19019,Express,2026-09-21,3,PLG,DRD,23,32,9,33.099999999999994,4,2026-09-21T01:49:00+05:30,2026-09-21T02:21:00+05:30
19019,Express,2026-09-21,4,DRD,VAPI,23,32,9,48.5,13,2026-09-21T02:23:00+05:30,2026-09-21T02:55:00+05:30
19019,Express,2026-09-21,5,VAPI,BL,35,29,-6,26.19999999999999,22,2026-09-21T02:57:00+05:30,2026-09-21T03:26:00+05:30
19019,Express,2026-09-21,6,BL,BIM,13,15,2,18.200000000000017,16,2026-09-21T03:31:00+05:30,2026-09-21T03:46:00+05:30
19019,Express,2026-09-21,7,BIM,NVS,15,16,1,21.0,17,2026-09-21T03:47:00+05:30,2026-09-21T04:03:00+05:30
19019,Express,2026-09-21,8,NVS,ST,43,27,-16,29.599999999999994,18,2026-09-21T04:05:00+05:30,2026-09-21T04:32:00+05:30
19019,Express,2026-09-21,9,ST,KSB,23,21,-2,31.399999999999977,2,2026-09-21T04:37:00+05:30,2026-09-21T04:58:00+05:30
19019,Express,2026-09-21,10,KSB,AKV,14,16,2,18.5,1,2026-09-21T05:01:00+05:30,2026-09-21T05:17:00+05:30
19019,Express,2026-09-21,11,AKV,BH,13,10,-3,9.200000000000045,3,2026-09-21T05:19:00+05:30,2026-09-21T05:29:00+05:30
19019,Express,2026-09-21,12,BH,MYG,29,28,-1,40.69999999999999,0,2026-09-21T05:31:00+05:30,2026-09-21T05:59:00+05:30
19019,Express,2026-09-21,13,MYG,BRC,33,28,-5,29.80000000000001,0,2026-09-21T06:02:00+05:30,2026-09-21T06:30:00+05:30
19019,Express,2026-09-21,14,BRC,SMLA,24,31,7,26.69999999999999,1,2026-09-21T06:44:00+05:30,2026-09-21T07:15:00+05:30
19019,Express,2026-09-21,15,SMLA,CPN,10,11,1,11.300000000000011,7,2026-09-21T07:15:00+05:30,2026-09-21T07:26:00+05:30
19019,Express,2026-09-21,16,CPN,DRL,16,14,-2,12.5,8,2026-09-21T07:27:00+05:30,2026-09-21T07:41:00+05:30
19019,Express,2026-09-21,17,DRL,KRSA,12,16,4,12.799999999999955,6,2026-09-21T07:42:00+05:30,2026-09-21T07:58:00+05:30
19019,Express,2026-09-21,18,KRSA,GDA,14,11,-3,10.600000000000023,10,2026-09-21T07:59:00+05:30,2026-09-21T08:10:00+05:30
19019,Express,2026-09-21,19,GDA,SAT,15,16,1,20.5,5,2026-09-21T08:13:00+05:30,2026-09-21T08:29:00+05:30
19019,Express,2026-09-21,20,SAT,PPD,10,10,0,11.899999999999977,5,2026-09-21T08:30:00+05:30,2026-09-21T08:40:00+05:30
19019,Express,2026-09-21,21,PPD,LMK,9,9,0,7.900000000000034,5,2026-09-21T08:42:00+05:30,2026-09-21T08:51:00+05:30
19019,Express,2026-09-21,22,LMK,MAM,10,11,1,9.800000000000011,5,2026-09-21T08:52:00+05:30,2026-09-21T09:03:00+05:30
19019,Express,2026-09-21,23,MAM,DHD,20,21,1,23.0,6,2026-09-21T09:04:00+05:30,2026-09-21T09:25:00+05:30
19019,Express,2026-09-21,24,DHD,BIO,15,10,-5,10.600000000000023,7,2026-09-21T09:27:00+05:30,2026-09-21T09:37:00+05:30
19019,Express,2026-09-21,25,BIO,ANAS,9,10,1,7.899999999999977,2,2026-09-21T09:38:00+05:30,2026-09-21T09:48:00+05:30
19019,Express,2026-09-21,26,ANAS,MGN,12,12,0,14.600000000000023,4,2026-09-21T09:50:00+05:30,2026-09-21T10:02:00+05:30
19019,Express,2026-09-21,27,MGN,THDR,10,10,0,8.099999999999909,4,2026-09-21T10:04:00+05:30,2026-09-21T10:14:00+05:30
19019,Express,2026-09-21,28,THDR,PCN,14,13,-1,13.700000000000045,4,2026-09-21T10:15:00+05:30,2026-09-21T10:28:00+05:30
19019,Express,2026-09-21,29,PCN,BMI,14,15,1,13.700000000000045,3,2026-09-21T10:29:00+05:30,2026-09-21T10:44:00+05:30
19019,Express,2026-09-21,30,BMI,BOG,8,8,0,6.0,3,2026-09-21T10:45:00+05:30,2026-09-21T10:53:00+05:30
19019,Express,2026-09-21,31,BOG,BILD,17,20,3,19.09999999999991,4,2026-09-21T10:55:00+05:30,2026-09-21T11:15:00+05:30
19019,Express,2026-09-21,32,BILD,MRN,10,9,-1,8.900000000000091,8,2026-09-21T11:17:00+05:30,2026-09-21T11:26:00+05:30
19019,Express,2026-09-21,33,MRN,RTM,30,14,-16,10.799999999999955,8,2026-09-21T11:28:00+05:30,2026-09-21T11:42:00+05:30
19019,Express,2026-09-21,34,RTM,BOD,15,13,-2,12.200000000000045,2,2026-09-21T12:02:00+05:30,2026-09-21T12:15:00+05:30
19019,Express,2026-09-21,35,BOD,RNH,9,8,-1,7.5,0,2026-09-21T12:16:00+05:30,2026-09-21T12:24:00+05:30
19019,Express,2026-09-21,36,RNH,KUH,8,10,2,10.399999999999977,0,2026-09-21T12:26:00+05:30,2026-09-21T12:36:00+05:30
19019,Express,2026-09-21,37,KUH,NAD,26,18,-8,13.799999999999955,1,2026-09-21T12:40:00+05:30,2026-09-21T12:58:00+05:30
19019,Express,2026-09-21,38,NAD,MEP,18,19,1,17.100000000000023,0,2026-09-21T13:10:00+05:30,2026-09-21T13:29:00+05:30
19019,Express,2026-09-21,39,MEP,VMA,26,51,25,23.0,0,2026-09-21T13:30:00+05:30,2026-09-21T14:21:00+05:30
19019,Express,2026-09-21,40,VMA,CMU,18,17,-1,22.600000000000023,25,2026-09-21T14:23:00+05:30,2026-09-21T14:40:00+05:30
19019,Express,2026-09-21,41,CMU,SVA,15,16,1,15.299999999999955,25,2026-09-21T14:43:00+05:30,2026-09-21T14:59:00+05:30
19019,Express,2026-09-21,42,SVA,SGZ,13,12,-1,13.700000000000045,26,2026-09-21T15:01:00+05:30,2026-09-21T15:13:00+05:30
19019,Express,2026-09-21,43,SGZ,GOH,10,10,0,10.699999999999932,25,2026-09-21T15:15:00+05:30,2026-09-21T15:25:00+05:30
19019,Express,2026-09-21,44,GOH,BWM,18,17,-1,22.600000000000023,25,2026-09-21T15:27:00+05:30,2026-09-21T15:44:00+05:30
19019,Express,2026-09-21,45,BWM,JHW,13,14,1,16.5,23,2026-09-21T15:48:00+05:30,2026-09-21T16:02:00+05:30
19019,Express,2026-09-21,46,JHW,RMA,20,10,-10,11.600000000000023,24,2026-09-21T16:04:00+05:30,2026-09-21T16:14:00+05:30
19019,Express,2026-09-21,47,RMA,MKX,10,9,-1,10.100000000000023,12,2026-09-21T16:17:00+05:30,2026-09-21T16:26:00+05:30
19019,Express,2026-09-21,48,MKX,DARA,16,14,-2,14.399999999999977,11,2026-09-21T16:28:00+05:30,2026-09-21T16:42:00+05:30
19019,Express,2026-09-21,49,DARA,NKOT,40,32,-8,38.5,8,2026-09-21T16:43:00+05:30,2026-09-21T17:15:00+05:30
19019,Express,2026-09-21,50,NKOT,KOTA,25,31,6,9.299999999999955,0,2026-09-21T17:20:00+05:30,2026-09-21T17:51:00+05:30
19019,Express,2026-09-21,51,KOTA,KPTN,13,15,2,13.300000000000068,6,2026-09-21T18:01:00+05:30,2026-09-21T18:16:00+05:30
19019,Express,2026-09-21,52,KPTN,KPZ,18,16,-2,20.0,22,2026-09-21T18:32:00+05:30,2026-09-21T18:48:00+05:30
19019,Express,2026-09-21,53,KPZ,LKE,23,23,0,27.199999999999932,20,2026-09-21T18:50:00+05:30,2026-09-21T19:13:00+05:30
19019,Express,2026-09-21,54,LKE,IDG,13,12,-1,10.800000000000068,21,2026-09-21T19:16:00+05:30,2026-09-21T19:28:00+05:30
19019,Express,2026-09-21,55,IDG,SWM,40,27,-13,36.5,20,2026-09-21T19:30:00+05:30,2026-09-21T19:57:00+05:30
19019,Express,2026-09-21,56,SWM,MLZ,21,22,1,30.199999999999932,7,2026-09-21T20:02:00+05:30,2026-09-21T20:24:00+05:30
19019,Express,2026-09-21,57,MLZ,NNW,15,18,3,16.700000000000045,8,2026-09-21T20:26:00+05:30,2026-09-21T20:44:00+05:30
19019,Express,2026-09-21,58,NNW,GGC,20,16,-4,16.90000000000009,12,2026-09-21T20:47:00+05:30,2026-09-21T21:03:00+05:30
19019,Express,2026-09-21,59,GGC,SMVJ,25,26,1,34.299999999999955,5,2026-09-21T21:10:00+05:30,2026-09-21T21:36:00+05:30
19019,Express,2026-09-21,60,SMVJ,HAN,13,11,-2,10.099999999999909,5,2026-09-21T21:37:00+05:30,2026-09-21T21:48:00+05:30
19019,Express,2026-09-21,61,HAN,FSP,11,17,6,13.200000000000045,1,2026-09-21T21:51:00+05:30,2026-09-21T22:08:00+05:30
19019,Express,2026-09-21,62,FSP,BXN,20,17,-3,19.700000000000045,7,2026-09-21T22:10:00+05:30,2026-09-21T22:27:00+05:30
19019,Express,2026-09-21,63,BXN,BTE,40,39,-1,41.899999999999864,5,2026-09-21T22:30:00+05:30,2026-09-21T23:09:00+05:30
19019,Express,2026-09-21,64,BTE,MTJ,60,42,-18,33.600000000000136,3,2026-09-21T23:13:00+05:30,2026-09-21T23:55:00+05:30
19019,Express,2026-09-21,65,MTJ,KSV,30,37,7,41.399999999999864,1,2026-09-22T00:16:00+05:30,2026-09-22T00:53:00+05:30
19019,Express,2026-09-21,66,KSV,FDB,71,63,-8,71.60000000000014,8,2026-09-22T00:55:00+05:30,2026-09-22T01:58:00+05:30
19019,Express,2026-09-21,67,FDB,NZM,35,41,6,20.899999999999864,2,2026-09-22T02:02:00+05:30,2026-09-22T02:43:00+05:30
19019,Express,2026-09-21,68,NZM,GZB,36,38,2,27.100000000000136,10,2026-09-22T03:00:00+05:30,2026-09-22T03:38:00+05:30
19019,Express,2026-09-21,69,GZB,MTC,34,50,16,47.200000000000045,12,2026-09-22T03:40:00+05:30,2026-09-22T04:30:00+05:30
19019,Express,2026-09-21,70,MTC,MOZ,41,53,12,55.59999999999991,26,2026-09-22T04:33:00+05:30,2026-09-22T05:26:00+05:30
19019,Express,2026-09-21,71,MOZ,TPZ,51,36,-15,51.700000000000045,38,2026-09-22T05:28:00+05:30,2026-09-22T06:04:00+05:30
19019,Express,2026-09-21,72,TPZ,RK,45,33,-12,43.0,23,2026-09-22T06:06:00+05:30,2026-09-22T06:39:00+05:30
19019,Express,2026-09-21,73,RK,JWP,51,44,-7,37.59999999999991,10,2026-09-22T06:43:00+05:30,2026-09-22T07:27:00+05:30
19019,Express,2026-09-21,74,JWP,HW,24,18,-6,3.900000000000091,3,2026-09-22T07:29:00+05:30,2026-09-22T07:47:00+05:30
19019,Express,2026-09-23,0,BDTS,BVI,25,28,3,18.4,7,2026-09-23T00:27:22+05:30,2026-09-23T00:55:15+05:30
19019,Express,2026-09-23,1,BVI,BSR,17,7,-10,17.5,14,2026-09-23T01:01:35+05:30,2026-09-23T01:08:58+05:30
19019,Express,2026-09-23,2,BSR,PLG,33,33,0,39.50000000000001,7,2026-09-23T01:13:43+05:30,2026-09-23T01:46:49+05:30
19019,Express,2026-09-23,3,PLG,DRD,23,22,-1,33.099999999999994,4,2026-09-23T01:49:26+05:30,2026-09-23T02:11:15+05:30
19019,Express,2026-09-23,4,DRD,VAPI,23,31,8,48.5,4,2026-09-23T02:14:16+05:30,2026-09-23T02:44:56+05:30
19019,Express,2026-09-23,5,VAPI,BL,35,19,-16,26.19999999999999,16,2026-09-23T02:51:10+05:30,2026-09-23T03:10:05+05:30
19019,Express,2026-09-23,6,BL,BIM,13,12,-1,18.200000000000017,7,2026-09-23T03:21:34+05:30,2026-09-23T03:34:00+05:30
19019,Express,2026-09-23,7,BIM,NVS,15,14,-1,21.0,4,2026-09-23T03:34:00+05:30,2026-09-23T03:47:44+05:30
19019,Express,2026-09-23,8,NVS,ST,43,39,-4,29.599999999999994,4,2026-09-23T03:50:40+05:30,2026-09-23T04:29:31+05:30
19019,Express,2026-09-23,9,ST,KSB,23,22,-1,31.399999999999977,0,2026-09-23T04:35:00+05:30,2026-09-23T04:56:46+05:30
19019,Express,2026-09-23,10,KSB,AKV,14,13,-1,18.5,1,2026-09-23T05:01:01+05:30,2026-09-23T05:13:58+05:30
19019,Express,2026-09-23,11,MYG,BRC,33,29,-4,29.80000000000001,14,2026-09-23T06:15:35+05:30,2026-09-23T06:44:20+05:30
19019,Express,2026-09-23,12,BRC,SMLA,24,18,-6,26.69999999999999,17,2026-09-23T07:00:24+05:30,2026-09-23T07:18:54+05:30
19019,Express,2026-09-23,13,SMLA,CPN,10,7,-3,11.300000000000011,17,2026-09-23T07:25:12+05:30,2026-09-23T07:31:44+05:30
19019,Express,2026-09-23,14,CPN,DRL,16,9,-7,12.5,17,2026-09-23T07:35:58+05:30,2026-09-23T07:44:37+05:30
19019,Express,2026-09-23,15,DRL,KRSA,12,8,-4,12.799999999999955,15,2026-09-23T07:51:06+05:30,2026-09-23T07:58:46+05:30
19019,Express,2026-09-23,16,KRSA,GDA,14,10,-4,10.600000000000023,10,2026-09-23T07:59:21+05:30,2026-09-23T08:09:25+05:30
19019,Express,2026-09-23,17,GDA,SAT,15,10,-5,20.5,9,2026-09-23T08:16:33+05:30,2026-09-23T08:26:18+05:30
19019,Express,2026-09-23,18,SAT,PPD,10,17,7,11.899999999999977,5,2026-09-23T08:29:30+05:30,2026-09-23T08:46:41+05:30
19019,Express,2026-09-23,19,PPD,LMK,9,7,-2,7.900000000000034,10,2026-09-23T08:46:41+05:30,2026-09-23T08:53:42+05:30
19019,Express,2026-09-23,20,LMK,MAM,10,5,-5,9.800000000000011,11,2026-09-23T08:57:42+05:30,2026-09-23T09:02:46+05:30
19019,Express,2026-09-23,21,MAM,DHD,20,16,-4,23.0,13,2026-09-23T09:11:11+05:30,2026-09-23T09:27:09+05:30
19019,Express,2026-09-23,22,DHD,BIO,15,10,-5,10.600000000000023,12,2026-09-23T09:31:46+05:30,2026-09-23T09:41:56+05:30
19019,Express,2026-09-23,23,BIO,ANAS,9,9,0,7.899999999999977,9,2026-09-23T09:44:55+05:30,2026-09-23T09:54:14+05:30
19019,Express,2026-09-23,24,ANAS,MGN,12,9,-3,14.600000000000023,13,2026-09-23T09:58:32+05:30,2026-09-23T10:07:04+05:30
19019,Express,2026-09-23,25,MGN,THDR,10,7,-3,8.099999999999909,16,2026-09-23T10:16:00+05:30,2026-09-23T10:22:42+05:30
19019,Express,2026-09-23,26,THDR,PCN,14,5,-9,13.700000000000045,16,2026-09-23T10:26:43+05:30,2026-09-23T10:32:08+05:30
19019,Express,2026-09-23,27,PCN,BMI,14,11,-3,13.700000000000045,11,2026-09-23T10:36:47+05:30,2026-09-23T10:47:44+05:30
19019,Express,2026-09-23,28,BMI,BOG,8,7,-1,6.0,12,2026-09-23T10:54:06+05:30,2026-09-23T11:01:21+05:30
19019,Express,2026-09-23,29,BOG,BILD,17,21,4,19.09999999999991,13,2026-09-23T11:04:03+05:30,2026-09-23T11:25:22+05:30
19019,Express,2026-09-23,30,BILD,MRN,10,15,5,8.900000000000091,16,2026-09-23T11:25:22+05:30,2026-09-23T11:40:07+05:30
19019,Express,2026-09-23,31,MRN,RTM,30,18,-12,10.799999999999955,24,2026-09-23T11:43:35+05:30,2026-09-23T12:01:53+05:30
19019,Express,2026-09-23,32,RTM,BOD,15,5,-10,12.200000000000045,11,2026-09-23T12:10:49+05:30,2026-09-23T12:15:35+05:30
19019,Express,2026-09-23,33,BOD,RNH,9,10,1,7.5,6,2026-09-23T12:21:46+05:30,2026-09-23T12:31:18+05:30
19019,Express,2026-09-23,34,RNH,KUH,8,4,-4,10.399999999999977,5,2026-09-23T12:31:18+05:30,2026-09-23T12:35:17+05:30
19019,Express,2026-09-23,35,KUH,NAD,26,22,-4,13.799999999999955,5,2026-09-23T12:43:49+05:30,2026-09-23T13:05:21+05:30
19019,Express,2026-09-23,36,NAD,MEP,18,11,-7,17.100000000000023,8,2026-09-23T13:17:56+05:30,2026-09-23T13:28:50+05:30
19019,Express,2026-09-23,37,MEP,VMA,26,26,0,23.0,17,2026-09-23T13:46:46+05:30,2026-09-23T14:12:44+05:30
19019,Express,2026-09-23,38,VMA,CMU,18,13,-5,22.600000000000023,21,2026-09-23T14:19:16+05:30,2026-09-23T14:32:10+05:30
19019,Express,2026-09-23,39,CMU,SVA,15,12,-3,15.299999999999955,17,2026-09-23T14:34:57+05:30,2026-09-23T14:46:40+05:30
19019,Express,2026-09-23,40,SVA,SGZ,13,13,0,13.700000000000045,17,2026-09-23T14:52:16+05:30,2026-09-23T15:04:50+05:30
19019,Express,2026-09-23,41,SGZ,GOH,10,9,-1,10.699999999999932,16,2026-09-23T15:06:25+05:30,2026-09-23T15:15:25+05:30
19019,Express,2026-09-23,42,GOH,BWM,18,16,-2,22.600000000000023,15,2026-09-23T15:16:38+05:30,2026-09-23T15:32:33+05:30
19019,Express,2026-09-23,43,BWM,JHW,13,10,-3,16.5,11,2026-09-23T15:35:56+05:30,2026-09-23T15:45:36+05:30
19019,Express,2026-09-23,44,JHW,RMA,20,7,-13,11.600000000000023,12,2026-09-23T15:52:21+05:30,2026-09-23T15:59:32+05:30
19019,Express,2026-09-23,45,RMA,MKX,10,5,-5,10.100000000000023,4,2026-09-23T16:08:52+05:30,2026-09-23T16:13:34+05:30
19019,Express,2026-09-23,46,MKX,DARA,16,9,-7,14.399999999999977,2,2026-09-23T16:18:46+05:30,2026-09-23T16:27:49+05:30
19019,Express,2026-09-23,47,DARA,NKOT,40,21,-19,38.5,15,2026-09-23T16:49:51+05:30,2026-09-23T17:10:49+05:30
19019,Express,2026-09-23,48,NKOT,KOTA,25,11,-14,9.299999999999955,0,2026-09-23T17:20:04+05:30,2026-09-23T17:30:49+05:30
19019,Express,2026-09-23,49,KOTA,KPTN,13,18,5,13.300000000000068,7,2026-09-23T18:02:28+05:30,2026-09-23T18:19:59+05:30
19019,Express,2026-09-23,50,KPTN,KPZ,18,10,-8,20.0,24,2026-09-23T18:33:36+05:30,2026-09-23T18:44:02+05:30
19019,Express,2026-09-23,51,KPZ,LKE,23,21,-2,27.199999999999932,19,2026-09-23T18:48:38+05:30,2026-09-23T19:09:53+05:30
19019,Express,2026-09-23,52,LKE,IDG,13,14,1,10.800000000000068,26,2026-09-23T19:20:42+05:30,2026-09-23T19:34:25+05:30
19019,Express,2026-09-23,53,IDG,SWM,40,31,-9,36.5,24,2026-09-23T19:34:25+05:30,2026-09-23T20:05:18+05:30
19019,Express,2026-09-23,54,SWM,MLZ,21,15,-6,30.199999999999932,17,2026-09-23T20:11:52+05:30,2026-09-23T20:26:45+05:30
19019,Express,2026-09-23,55,MLZ,NNW,15,14,-1,16.700000000000045,11,2026-09-23T20:29:23+05:30,2026-09-23T20:43:40+05:30
19019,Express,2026-09-23,56,NNW,GGC,20,9,-11,16.90000000000009,14,2026-09-23T20:48:41+05:30,2026-09-23T20:57:41+05:30
19019,Express,2026-09-23,57,GGC,SMVJ,25,21,-4,34.299999999999955,3,2026-09-23T21:08:03+05:30,2026-09-23T21:29:06+05:30
19019,Express,2026-09-23,58,SMVJ,HAN,13,7,-6,10.099999999999909,6,2026-09-23T21:38:21+05:30,2026-09-23T21:45:46+05:30
19019,Express,2026-09-23,59,HAN,FSP,11,15,4,13.200000000000045,1,2026-09-23T21:51:26+05:30,2026-09-23T22:06:48+05:30
19019,Express,2026-09-23,60,FSP,BXN,20,20,0,19.700000000000045,14,2026-09-23T22:17:22+05:30,2026-09-23T22:37:20+05:30
19019,Express,2026-09-23,61,BXN,BTE,40,36,-4,41.899999999999864,16,2026-09-23T22:40:34+05:30,2026-09-23T23:16:40+05:30
19019,Express,2026-09-23,62,BTE,MTJ,60,35,-25,33.600000000000136,13,2026-09-23T23:23:10+05:30,2026-09-23T23:57:43+05:30
19020,Express,2026-09-17,0,HW,JWP,7,9,2,3.9,2,2026-09-17T13:32:00+05:30,2026-09-17T13:41:00+05:30
19020,Express,2026-09-17,1,JWP,RK,64,49,-15,37.6,3,2026-09-17T13:42:00+05:30,2026-09-17T14:31:00+05:30
19020,Express,2026-09-17,2,RK,TPZ,46,35,-11,43.0,0,2026-09-17T14:48:00+05:30,2026-09-17T15:23:00+05:30
19020,Express,2026-09-17,3,TPZ,MOZ,35,39,4,51.69999999999999,2,2026-09-17T15:38:00+05:30,2026-09-17T16:17:00+05:30
19020,Express,2026-09-17,4,MOZ,MTC,44,51,7,55.60000000000002,6,2026-09-17T16:19:00+05:30,2026-09-17T17:10:00+05:30
19020,Express,2026-09-17,5,MTC,GZB,58,61,3,47.19999999999999,12,2026-09-17T17:14:00+05:30,2026-09-17T18:15:00+05:30
19020,Express,2026-09-17,6,GZB,NZM,38,27,-11,27.100000000000023,15,2026-09-17T18:17:00+05:30,2026-09-17T18:44:00+05:30
19020,Express,2026-09-17,7,NZM,KSV,88,70,-18,92.5,24,2026-09-17T19:19:00+05:30,2026-09-17T20:29:00+05:30
19020,Express,2026-09-17,8,KSV,MTJ,45,34,-11,41.39999999999998,8,2026-09-17T20:33:00+05:30,2026-09-17T21:07:00+05:30
19020,Express,2026-09-17,9,MTJ,BTE,30,26,-4,33.60000000000002,9,2026-09-17T21:24:00+05:30,2026-09-17T21:50:00+05:30
19020,Express,2026-09-17,10,BTE,BXN,28,33,5,41.89999999999998,4,2026-09-17T21:54:00+05:30,2026-09-17T22:27:00+05:30
19020,Express,2026-09-17,11,BXN,FSP,15,18,3,19.69999999999999,10,2026-09-17T22:30:00+05:30,2026-09-17T22:48:00+05:30
19020,Express,2026-09-17,12,FSP,HAN,14,10,-4,13.199999999999989,14,2026-09-17T22:50:00+05:30,2026-09-17T23:00:00+05:30
19020,Express,2026-09-17,13,GGC,NNW,15,17,2,16.90000000000009,10,2026-09-17T23:50:00+05:30,2026-09-18T00:07:00+05:30
19020,Express,2026-09-17,14,NNW,MLZ,16,13,-3,16.699999999999932,11,2026-09-18T00:08:00+05:30,2026-09-18T00:21:00+05:30
19020,Express,2026-09-17,15,MLZ,SWM,35,31,-4,30.200000000000045,8,2026-09-18T00:23:00+05:30,2026-09-18T00:54:00+05:30
19020,Express,2026-09-17,16,SWM,IDG,28,36,8,36.39999999999998,5,2026-09-18T01:00:00+05:30,2026-09-18T01:36:00+05:30
19020,Express,2026-09-17,17,IDG,LKE,13,9,-4,11.0,13,2026-09-18T01:38:00+05:30,2026-09-18T01:47:00+05:30
19020,Express,2026-09-17,18,LKE,KPZ,20,26,6,27.200000000000045,9,2026-09-18T01:49:00+05:30,2026-09-18T02:15:00+05:30
19020,Express,2026-09-17,19,KPZ,KPTN,16,18,2,20.0,15,2026-09-18T02:17:00+05:30,2026-09-18T02:35:00+05:30
19020,Express,2026-09-17,20,KPTN,KOTA,40,29,-11,13.299999999999955,31,2026-09-18T02:51:00+05:30,2026-09-18T03:20:00+05:30
19020,Express,2026-09-17,21,KOTA,NKOT,13,57,44,9.299999999999955,20,2026-09-18T03:30:00+05:30,2026-09-18T04:27:00+05:30
19020,Express,2026-09-17,22,NKOT,DARA,33,29,-4,38.5,64,2026-09-18T04:29:00+05:30,2026-09-18T04:58:00+05:30
19020,Express,2026-09-17,23,DARA,MKX,28,16,-12,14.400000000000091,59,2026-09-18T04:59:00+05:30,2026-09-18T05:15:00+05:30
19020,Express,2026-09-17,24,MKX,RMA,18,13,-5,10.099999999999909,47,2026-09-18T05:17:00+05:30,2026-09-18T05:30:00+05:30
19020,Express,2026-09-17,25,RMA,JHW,10,13,3,11.600000000000023,41,2026-09-18T05:31:00+05:30,2026-09-18T05:44:00+05:30
19020,Express,2026-09-17,26,JHW,BWM,14,14,0,16.5,43,2026-09-18T05:45:00+05:30,2026-09-18T05:59:00+05:30
19020,Express,2026-09-17,27,BWM,GOH,17,19,2,22.600000000000023,43,2026-09-18T06:01:00+05:30,2026-09-18T06:20:00+05:30
19020,Express,2026-09-17,28,GOH,SGZ,11,12,1,10.600000000000023,44,2026-09-18T06:21:00+05:30,2026-09-18T06:33:00+05:30
19020,Express,2026-09-17,29,SGZ,SVA,13,11,-2,13.799999999999955,45,2026-09-18T06:35:00+05:30,2026-09-18T06:46:00+05:30
19020,Express,2026-09-17,30,SVA,CMU,18,12,-6,15.200000000000045,43,2026-09-18T06:48:00+05:30,2026-09-18T07:00:00+05:30
19020,Express,2026-09-17,31,CMU,VMA,23,14,-9,22.699999999999932,37,2026-09-18T07:02:00+05:30,2026-09-18T07:16:00+05:30
19020,Express,2026-09-17,32,VMA,MEP,28,19,-9,23.0,28,2026-09-18T07:18:00+05:30,2026-09-18T07:37:00+05:30
19020,Express,2026-09-17,33,MEP,NAD,35,13,-22,17.100000000000023,19,2026-09-18T07:39:00+05:30,2026-09-18T07:52:00+05:30
19020,Express,2026-09-17,34,NAD,KUH,8,13,5,13.800000000000068,0,2026-09-18T08:00:00+05:30,2026-09-18T08:13:00+05:30
19020,Express,2026-09-17,35,KUH,RNH,20,10,-10,10.399999999999977,2,2026-09-18T08:15:00+05:30,2026-09-18T08:25:00+05:30
19020,Express,2026-09-17,36,RNH,BOD,8,11,3,7.5,0,2026-09-18T08:34:00+05:30,2026-09-18T08:45:00+05:30
19020,Express,2026-09-17,37,BOD,RTM,22,18,-4,9.699999999999932,3,2026-09-18T08:46:00+05:30,2026-09-18T09:04:00+05:30
19020,Express,2026-09-17,38,RTM,BOG,35,35,0,41.200000000000045,0,2026-09-18T09:15:00+05:30,2026-09-18T09:50:00+05:30
19020,Express,2026-09-17,39,BOG,BMI,7,9,2,6.099999999999909,0,2026-09-18T09:51:00+05:30,2026-09-18T10:00:00+05:30
19020,Express,2026-09-17,40,BMI,PCN,14,21,7,13.600000000000136,1,2026-09-18T10:01:00+05:30,2026-09-18T10:22:00+05:30
19020,Express,2026-09-17,41,PCN,THDR,14,15,1,13.799999999999955,8,2026-09-18T10:23:00+05:30,2026-09-18T10:38:00+05:30
19020,Express,2026-09-17,42,THDR,MGN,12,9,-3,8.099999999999909,9,2026-09-18T10:39:00+05:30,2026-09-18T10:48:00+05:30
19020,Express,2026-09-17,43,MGN,ANAS,13,13,0,14.600000000000136,6,2026-09-18T10:50:00+05:30,2026-09-18T11:03:00+05:30
19020,Express,2026-09-17,44,ANAS,BIO,9,9,0,7.899999999999864,6,2026-09-18T11:04:00+05:30,2026-09-18T11:13:00+05:30
19020,Express,2026-09-17,45,BIO,DHD,10,10,0,10.600000000000136,6,2026-09-18T11:14:00+05:30,2026-09-18T11:24:00+05:30
19020,Express,2026-09-17,46,DHD,LMK,34,35,1,32.799999999999955,8,2026-09-18T11:28:00+05:30,2026-09-18T12:03:00+05:30
19020,Express,2026-09-17,47,LMK,PPD,10,8,-2,7.900000000000091,9,2026-09-18T12:04:00+05:30,2026-09-18T12:12:00+05:30
19020,Express,2026-09-17,48,PPD,SAT,10,17,7,11.899999999999864,6,2026-09-18T12:13:00+05:30,2026-09-18T12:30:00+05:30
19020,Express,2026-09-17,49,SAT,GDA,30,26,-4,20.40000000000009,12,2026-09-18T12:31:00+05:30,2026-09-18T12:57:00+05:30
19020,Express,2026-09-17,50,GDA,KRSA,10,13,3,10.700000000000045,9,2026-09-18T13:00:00+05:30,2026-09-18T13:13:00+05:30
19020,Express,2026-09-17,51,KRSA,DRL,9,11,2,12.799999999999955,12,2026-09-18T13:14:00+05:30,2026-09-18T13:25:00+05:30
19020,Express,2026-09-17,52,DRL,CPN,8,12,4,12.5,14,2026-09-18T13:26:00+05:30,2026-09-18T13:38:00+05:30
19020,Express,2026-09-17,53,CPN,SMLA,14,10,-4,11.200000000000045,18,2026-09-18T13:39:00+05:30,2026-09-18T13:49:00+05:30
19020,Express,2026-09-17,54,SMLA,BRC,49,39,-10,26.699999999999818,14,2026-09-18T13:50:00+05:30,2026-09-18T14:29:00+05:30
19020,Express,2026-09-17,55,BRC,MYG,37,28,-9,29.800000000000182,16,2026-09-18T14:51:00+05:30,2026-09-18T15:19:00+05:30
19020,Express,2026-09-17,56,MYG,BH,36,31,-5,40.799999999999955,7,2026-09-18T15:21:00+05:30,2026-09-18T15:52:00+05:30
19020,Express,2026-09-17,57,BH,AKV,9,11,2,9.099999999999909,1,2026-09-18T15:53:00+05:30,2026-09-18T16:04:00+05:30
19020,Express,2026-09-17,58,AKV,KSB,15,14,-1,18.600000000000136,3,2026-09-18T16:06:00+05:30,2026-09-18T16:20:00+05:30
19020,Express,2026-09-17,59,KSB,ST,57,36,-21,31.399999999999864,2,2026-09-18T16:22:00+05:30,2026-09-18T16:58:00+05:30
19020,Express,2026-09-17,60,ST,NVS,26,24,-2,29.5,6,2026-09-18T17:28:00+05:30,2026-09-18T17:52:00+05:30
19020,Express,2026-09-17,61,NVS,BIM,18,33,15,21.100000000000136,4,2026-09-18T17:54:00+05:30,2026-09-18T18:27:00+05:30
19020,Express,2026-09-17,62,BIM,BL,20,15,-5,18.199999999999818,18,2026-09-18T18:28:00+05:30,2026-09-18T18:43:00+05:30
19020,Express,2026-09-17,63,BL,VAPI,28,21,-7,26.200000000000045,13,2026-09-18T18:48:00+05:30,2026-09-18T19:09:00+05:30
19020,Express,2026-09-17,64,VAPI,PLG,72,85,13,81.60000000000014,6,2026-09-18T19:11:00+05:30,2026-09-18T20:36:00+05:30
19020,Express,2026-09-17,65,PLG,VR,33,35,2,31.0,18,2026-09-18T20:38:00+05:30,2026-09-18T21:13:00+05:30
19020,Express,2026-09-18,0,HW,JWP,7,11,4,3.9,1,2026-09-18T13:31:00+05:30,2026-09-18T13:42:00+05:30
19020,Express,2026-09-18,1,JWP,RK,64,94,30,37.6,5,2026-09-18T13:44:00+05:30,2026-09-18T15:18:00+05:30
19020,Express,2026-09-18,2,RK,TPZ,46,33,-13,43.0,33,2026-09-18T15:21:00+05:30,2026-09-18T15:54:00+05:30
19020,Express,2026-09-18,3,TPZ,MOZ,35,37,2,51.69999999999999,22,2026-09-18T15:58:00+05:30,2026-09-18T16:35:00+05:30
19020,Express,2026-09-18,4,MOZ,MTC,44,43,-1,55.60000000000002,24,2026-09-18T16:37:00+05:30,2026-09-18T17:20:00+05:30
19020,Express,2026-09-18,5,MTC,GZB,58,82,24,47.19999999999999,22,2026-09-18T17:24:00+05:30,2026-09-18T18:46:00+05:30
19020,Express,2026-09-18,6,GZB,NZM,38,45,7,27.100000000000023,48,2026-09-18T18:50:00+05:30,2026-09-18T19:35:00+05:30
19020,Express,2026-09-18,7,NZM,KSV,88,150,62,92.5,63,2026-09-18T19:58:00+05:30,2026-09-18T22:28:00+05:30
19020,Express,2026-09-18,8,KSV,MTJ,45,30,-15,41.39999999999998,127,2026-09-18T22:32:00+05:30,2026-09-18T23:02:00+05:30
19020,Express,2026-09-18,9,MTJ,BTE,30,27,-3,33.60000000000002,118,2026-09-18T23:13:00+05:30,2026-09-18T23:40:00+05:30
19020,Express,2026-09-18,10,BTE,BXN,28,33,5,41.89999999999998,131,2026-09-19T00:01:00+05:30,2026-09-19T00:34:00+05:30
19020,Express,2026-09-18,11,BXN,FSP,15,15,0,19.69999999999999,136,2026-09-19T00:36:00+05:30,2026-09-19T00:51:00+05:30
19020,Express,2026-09-18,12,FSP,HAN,14,14,0,13.199999999999989,136,2026-09-19T00:52:00+05:30,2026-09-19T01:06:00+05:30
19020,Express,2026-09-18,13,HAN,SMVJ,10,13,3,10.100000000000023,155,2026-09-19T01:30:00+05:30,2026-09-19T01:43:00+05:30
19020,Express,2026-09-18,14,SMVJ,GGC,28,31,3,34.299999999999955,158,2026-09-19T01:45:00+05:30,2026-09-19T02:16:00+05:30
19020,Express,2026-09-18,15,GGC,NNW,15,16,1,16.90000000000009,161,2026-09-19T02:21:00+05:30,2026-09-19T02:37:00+05:30
19020,Express,2026-09-18,16,NNW,MLZ,16,13,-3,16.699999999999932,161,2026-09-19T02:38:00+05:30,2026-09-19T02:51:00+05:30
19020,Express,2026-09-18,17,MLZ,SWM,35,25,-10,30.200000000000045,158,2026-09-19T02:53:00+05:30,2026-09-19T03:18:00+05:30
19020,Express,2026-09-18,18,SWM,IDG,28,26,-2,36.39999999999998,147,2026-09-19T03:22:00+05:30,2026-09-19T03:48:00+05:30
19020,Express,2026-09-18,19,IDG,LKE,13,10,-3,11.0,145,2026-09-19T03:50:00+05:30,2026-09-19T04:00:00+05:30
19020,Express,2026-09-18,20,LKE,KPZ,20,21,1,27.200000000000045,142,2026-09-19T04:02:00+05:30,2026-09-19T04:23:00+05:30
19020,Express,2026-09-18,21,KPZ,KPTN,16,16,0,20.0,143,2026-09-19T04:25:00+05:30,2026-09-19T04:41:00+05:30
19020,Express,2026-09-18,22,KPTN,KOTA,40,14,-26,13.299999999999955,143,2026-09-19T04:43:00+05:30,2026-09-19T04:57:00+05:30
19020,Express,2026-09-18,23,KOTA,NKOT,13,14,1,9.299999999999955,119,2026-09-19T05:09:00+05:30,2026-09-19T05:23:00+05:30
19020,Express,2026-09-18,24,NKOT,DARA,33,26,-7,38.5,120,2026-09-19T05:25:00+05:30,2026-09-19T05:51:00+05:30
19020,Express,2026-09-18,25,DARA,MKX,28,16,-12,14.400000000000091,112,2026-09-19T05:52:00+05:30,2026-09-19T06:08:00+05:30
19020,Express,2026-09-18,26,MKX,RMA,18,11,-7,10.099999999999909,99,2026-09-19T06:09:00+05:30,2026-09-19T06:20:00+05:30
19020,Express,2026-09-18,27,RMA,JHW,10,12,2,11.600000000000023,92,2026-09-19T06:22:00+05:30,2026-09-19T06:34:00+05:30
19020,Express,2026-09-18,28,JHW,BWM,14,14,0,16.5,93,2026-09-19T06:35:00+05:30,2026-09-19T06:49:00+05:30
19020,Express,2026-09-18,29,BWM,GOH,17,18,1,22.600000000000023,93,2026-09-19T06:51:00+05:30,2026-09-19T07:09:00+05:30
19020,Express,2026-09-18,30,GOH,SGZ,11,12,1,10.600000000000023,107,2026-09-19T07:24:00+05:30,2026-09-19T07:36:00+05:30
19020,Express,2026-09-18,31,SGZ,SVA,13,13,0,13.799999999999955,108,2026-09-19T07:38:00+05:30,2026-09-19T07:51:00+05:30
19020,Express,2026-09-18,32,SVA,CMU,18,13,-5,15.200000000000045,108,2026-09-19T07:53:00+05:30,2026-09-19T08:06:00+05:30
19020,Express,2026-09-18,33,CMU,VMA,23,18,-5,22.699999999999932,103,2026-09-19T08:08:00+05:30,2026-09-19T08:26:00+05:30
19020,Express,2026-09-18,34,NAD,KUH,8,14,6,13.800000000000068,82,2026-09-19T09:22:00+05:30,2026-09-19T09:36:00+05:30
19020,Express,2026-09-18,35,KUH,RNH,20,9,-11,10.399999999999977,85,2026-09-19T09:38:00+05:30,2026-09-19T09:47:00+05:30
19020,Express,2026-09-18,36,RNH,BOD,8,6,-2,7.5,74,2026-09-19T09:48:00+05:30,2026-09-19T09:54:00+05:30
19020,Express,2026-09-18,37,BOD,RTM,22,13,-9,9.699999999999932,72,2026-09-19T09:55:00+05:30,2026-09-19T10:08:00+05:30
19020,Express,2026-09-18,38,RTM,BOG,35,37,2,41.200000000000045,63,2026-09-19T10:18:00+05:30,2026-09-19T10:55:00+05:30
19020,Express,2026-09-18,39,BOG,BMI,7,7,0,6.099999999999909,65,2026-09-19T10:56:00+05:30,2026-09-19T11:03:00+05:30
19020,Express,2026-09-18,40,BMI,PCN,14,20,6,13.600000000000136,72,2026-09-19T11:12:00+05:30,2026-09-19T11:32:00+05:30
19020,Express,2026-09-18,41,PCN,THDR,14,14,0,13.799999999999955,78,2026-09-19T11:33:00+05:30,2026-09-19T11:47:00+05:30
19020,Express,2026-09-18,42,THDR,MGN,12,9,-3,8.099999999999909,78,2026-09-19T11:48:00+05:30,2026-09-19T11:57:00+05:30
19020,Express,2026-09-18,43,MGN,ANAS,13,12,-1,14.600000000000136,75,2026-09-19T11:59:00+05:30,2026-09-19T12:11:00+05:30
19020,Express,2026-09-18,44,ANAS,BIO,9,8,-1,7.899999999999864,74,2026-09-19T12:12:00+05:30,2026-09-19T12:20:00+05:30
19020,Express,2026-09-18,45,BIO,DHD,10,12,2,10.600000000000136,73,2026-09-19T12:21:00+05:30,2026-09-19T12:33:00+05:30
19020,Express,2026-09-18,46,DHD,LMK,34,23,-11,32.799999999999955,76,2026-09-19T12:36:00+05:30,2026-09-19T12:59:00+05:30
19020,Express,2026-09-18,47,LMK,PPD,10,9,-1,7.900000000000091,65,2026-09-19T13:00:00+05:30,2026-09-19T13:09:00+05:30
19020,Express,2026-09-18,48,PPD,SAT,10,9,-1,11.899999999999864,63,2026-09-19T13:10:00+05:30,2026-09-19T13:19:00+05:30
19020,Express,2026-09-18,49,SAT,GDA,30,16,-14,20.40000000000009,62,2026-09-19T13:21:00+05:30,2026-09-19T13:37:00+05:30
19020,Express,2026-09-18,50,GDA,KRSA,10,12,2,10.700000000000045,49,2026-09-19T13:40:00+05:30,2026-09-19T13:52:00+05:30
19020,Express,2026-09-18,51,KRSA,DRL,9,10,1,12.799999999999955,51,2026-09-19T13:53:00+05:30,2026-09-19T14:03:00+05:30
19020,Express,2026-09-18,52,DRL,CPN,8,12,4,12.5,52,2026-09-19T14:04:00+05:30,2026-09-19T14:16:00+05:30
19020,Express,2026-09-18,53,CPN,SMLA,14,7,-7,11.200000000000045,56,2026-09-19T14:17:00+05:30,2026-09-19T14:24:00+05:30
19020,Express,2026-09-18,54,SMLA,BRC,49,31,-18,26.699999999999818,49,2026-09-19T14:25:00+05:30,2026-09-19T14:56:00+05:30
19020,Express,2026-09-18,55,BRC,MYG,37,30,-7,29.800000000000182,29,2026-09-19T15:04:00+05:30,2026-09-19T15:34:00+05:30
19020,Express,2026-09-18,56,MYG,BH,36,29,-7,40.799999999999955,22,2026-09-19T15:36:00+05:30,2026-09-19T16:05:00+05:30
19020,Express,2026-09-18,57,BH,AKV,9,11,2,9.099999999999909,15,2026-09-19T16:07:00+05:30,2026-09-19T16:18:00+05:30
19020,Express,2026-09-18,58,AKV,KSB,15,15,0,18.600000000000136,17,2026-09-19T16:20:00+05:30,2026-09-19T16:35:00+05:30
19020,Express,2026-09-18,59,KSB,ST,57,30,-27,31.399999999999864,17,2026-09-19T16:37:00+05:30,2026-09-19T17:07:00+05:30
19020,Express,2026-09-18,60,ST,NVS,26,24,-2,29.5,1,2026-09-19T17:23:00+05:30,2026-09-19T17:47:00+05:30
19020,Express,2026-09-18,61,NVS,BIM,18,30,12,21.100000000000136,0,2026-09-19T17:50:00+05:30,2026-09-19T18:20:00+05:30
19020,Express,2026-09-18,62,BIM,BL,20,17,-3,18.199999999999818,12,2026-09-19T18:22:00+05:30,2026-09-19T18:39:00+05:30
19020,Express,2026-09-18,63,BL,VAPI,28,26,-2,26.200000000000045,33,2026-09-19T19:08:00+05:30,2026-09-19T19:34:00+05:30
19020,Express,2026-09-18,64,VAPI,PLG,72,74,2,81.60000000000014,31,2026-09-19T19:36:00+05:30,2026-09-19T20:50:00+05:30
19020,Express,2026-09-18,65,PLG,VR,33,33,0,31.0,32,2026-09-19T20:52:00+05:30,2026-09-19T21:25:00+05:30
19020,Express,2026-09-18,66,VR,BVI,32,18,-14,25.899999999999864,32,2026-09-19T21:27:00+05:30,2026-09-19T21:45:00+05:30
19020,Express,2026-09-18,67,BVI,BDTS,60,42,-18,18.40000000000009,18,2026-09-19T21:48:00+05:30,2026-09-19T22:30:00+05:30
19020,Express,2026-09-19,0,HW,JWP,7,6,-1,3.9,6,2026-09-19T13:35:40+05:30,2026-09-19T13:41:24+05:30
19020,Express,2026-09-19,1,JWP,RK,64,49,-15,37.6,10,2026-09-19T13:49:21+05:30,2026-09-19T14:38:47+05:30
19020,Express,2026-09-19,2,RK,TPZ,46,48,2,43.0,2,2026-09-19T14:50:25+05:30,2026-09-19T15:38:37+05:30
19020,Express,2026-09-19,3,TPZ,MOZ,35,35,0,51.69999999999999,9,2026-09-19T15:45:07+05:30,2026-09-19T16:19:54+05:30
19020,Express,2026-09-19,4,MOZ,MTC,44,47,3,55.60000000000002,10,2026-09-19T16:22:40+05:30,2026-09-19T17:09:48+05:30
19020,Express,2026-09-19,5,MTC,GZB,58,46,-12,47.19999999999999,18,2026-09-19T17:19:36+05:30,2026-09-19T18:05:48+05:30
19020,Express,2026-09-19,6,GZB,NZM,38,29,-9,27.100000000000023,24,2026-09-19T18:25:38+05:30,2026-09-19T18:54:45+05:30
19020,Express,2026-09-19,7,KSV,MTJ,45,28,-17,41.39999999999998,44,2026-09-19T21:08:54+05:30,2026-09-19T21:36:38+05:30
19020,Express,2026-09-19,8,MTJ,BTE,30,24,-6,33.60000000000002,31,2026-09-19T21:46:28+05:30,2026-09-19T22:10:40+05:30
19020,Express,2026-09-19,9,BTE,BXN,28,26,-2,41.89999999999998,26,2026-09-19T22:15:53+05:30,2026-09-19T22:41:24+05:30
19020,Express,2026-09-19,10,BXN,FSP,15,14,-1,19.69999999999999,24,2026-09-19T22:44:24+05:30,2026-09-19T22:58:40+05:30
19020,Express,2026-09-19,11,FSP,HAN,14,7,-7,13.199999999999989,27,2026-09-19T23:03:13+05:30,2026-09-19T23:10:01+05:30
19020,Express,2026-09-19,12,HAN,SMVJ,10,6,-4,10.100000000000023,26,2026-09-19T23:21:24+05:30,2026-09-19T23:27:11+05:30
19020,Express,2026-09-19,13,SMVJ,GGC,28,29,1,34.299999999999955,23,2026-09-19T23:29:44+05:30,2026-09-19T23:59:04+05:30
19020,Express,2026-09-19,14,GGC,NNW,15,8,-7,16.90000000000009,27,2026-09-20T00:06:56+05:30,2026-09-20T00:14:36+05:30
19020,Express,2026-09-19,15,NNW,MLZ,16,7,-9,16.699999999999932,26,2026-09-20T00:23:29+05:30,2026-09-20T00:30:11+05:30
19020,Express,2026-09-19,16,MLZ,SWM,35,18,-17,30.200000000000045,23,2026-09-20T00:37:36+05:30,2026-09-20T00:55:09+05:30
19020,Express,2026-09-19,17,SWM,IDG,28,31,3,36.39999999999998,10,2026-09-20T01:04:33+05:30,2026-09-20T01:35:18+05:30
19020,Express,2026-09-19,18,IDG,LKE,13,6,-7,11.0,11,2026-09-20T01:36:12+05:30,2026-09-20T01:42:18+05:30
19020,Express,2026-09-19,19,LKE,KPZ,20,22,2,27.200000000000045,17,2026-09-20T01:57:12+05:30,2026-09-20T02:19:26+05:30
19020,Express,2026-09-19,20,KPZ,KPTN,16,12,-4,20.0,22,2026-09-20T02:24:26+05:30,2026-09-20T02:36:25+05:30
19020,Express,2026-09-19,21,KPTN,KOTA,40,16,-24,13.299999999999955,32,2026-09-20T02:52:28+05:30,2026-09-20T03:08:34+05:30
19020,Express,2026-09-19,22,KOTA,NKOT,13,19,6,9.299999999999955,10,2026-09-20T03:19:36+05:30,2026-09-20T03:38:14+05:30
19020,Express,2026-09-19,23,NKOT,DARA,33,30,-3,38.5,15,2026-09-20T03:40:02+05:30,2026-09-20T04:10:03+05:30
19020,Express,2026-09-19,24,DARA,MKX,28,14,-14,14.400000000000091,16,2026-09-20T04:16:29+05:30,2026-09-20T04:30:27+05:30
19020,Express,2026-09-19,25,MKX,RMA,18,8,-10,10.099999999999909,12,2026-09-20T04:41:32+05:30,2026-09-20T04:49:15+05:30
19020,Express,2026-09-19,26,JHW,BWM,14,15,1,16.5,15,2026-09-20T05:17:05+05:30,2026-09-20T05:31:41+05:30
19020,Express,2026-09-19,27,BWM,GOH,17,14,-3,22.600000000000023,20,2026-09-20T05:37:31+05:30,2026-09-20T05:51:30+05:30
19020,Express,2026-09-19,28,GOH,SGZ,11,5,-6,10.600000000000023,20,2026-09-20T05:56:38+05:30,2026-09-20T06:02:05+05:30
19020,Express,2026-09-19,29,SGZ,SVA,13,8,-5,13.799999999999955,21,2026-09-20T06:10:32+05:30,2026-09-20T06:18:12+05:30
19020,Express,2026-09-19,30,SVA,CMU,18,9,-9,15.200000000000045,20,2026-09-20T06:24:36+05:30,2026-09-20T06:33:39+05:30
19020,Express,2026-09-19,31,CMU,VMA,23,22,-1,22.699999999999932,12,2026-09-20T06:37:20+05:30,2026-09-20T06:59:03+05:30
19020,Express,2026-09-19,32,VMA,MEP,28,11,-17,23.0,16,2026-09-20T07:05:59+05:30,2026-09-20T07:17:24+05:30
19020,Express,2026-09-19,33,MEP,NAD,35,16,-19,17.100000000000023,5,2026-09-20T07:25:08+05:30,2026-09-20T07:41:14+05:30
19020,Express,2026-09-19,34,NAD,KUH,8,6,-2,13.800000000000068,5,2026-09-20T08:05:18+05:30,2026-09-20T08:10:58+05:30
19020,Express,2026-09-19,35,KUH,RNH,20,4,-16,10.399999999999977,6,2026-09-20T08:19:24+05:30,2026-09-20T08:23:46+05:30
19020,Express,2026-09-19,36,RNH,BOD,8,5,-3,7.5,2,2026-09-20T08:36:00+05:30,2026-09-20T08:40:32+05:30
19020,Express,2026-09-19,37,BOD,RTM,22,13,-9,9.699999999999932,1,2026-09-20T08:43:55+05:30,2026-09-20T08:56:53+05:30
19020,Express,2026-09-19,38,BOG,BMI,7,12,5,6.099999999999909,0,2026-09-20T09:51:00+05:30,2026-09-20T10:02:44+05:30
19020,Express,2026-09-19,39,BMI,PCN,14,11,-3,13.600000000000136,4,2026-09-20T10:04:17+05:30,2026-09-20T10:15:21+05:30
19020,Express,2026-09-19,40,PCN,THDR,14,11,-3,13.799999999999955,5,2026-09-20T10:20:13+05:30,2026-09-20T10:31:40+05:30
19020,Express,2026-09-19,41,THDR,MGN,12,13,1,8.099999999999909,4,2026-09-20T10:34:26+05:30,2026-09-20T10:47:10+05:30
19020,Express,2026-09-19,42,MGN,ANAS,13,11,-2,14.600000000000136,7,2026-09-20T10:51:16+05:30,2026-09-20T11:02:42+05:30
19020,Express,2026-09-19,43,ANAS,BIO,9,12,3,7.899999999999864,5,2026-09-20T11:02:59+05:30,2026-09-20T11:14:30+05:30
19020,Express,2026-09-19,44,BIO,DHD,10,6,-4,10.600000000000136,10,2026-09-20T11:18:20+05:30,2026-09-20T11:24:42+05:30
19020,Express,2026-09-19,45,DHD,LMK,34,31,-3,32.799999999999955,17,2026-09-20T11:37:16+05:30,2026-09-20T12:08:27+05:30
19020,Express,2026-09-19,46,LMK,PPD,10,7,-3,7.900000000000091,19,2026-09-20T12:13:43+05:30,2026-09-20T12:20:34+05:30
19020,Express,2026-09-19,47,PPD,SAT,10,11,1,11.899999999999864,17,2026-09-20T12:23:56+05:30,2026-09-20T12:35:13+05:30
19020,Express,2026-09-19,48,SAT,GDA,30,13,-17,20.40000000000009,18,2026-09-20T12:37:24+05:30,2026-09-20T12:50:43+05:30
19020,Express,2026-09-19,49,GDA,KRSA,10,3,-7,10.700000000000045,10,2026-09-20T13:01:05+05:30,2026-09-20T13:03:53+05:30
19020,Express,2026-09-19,50,KRSA,DRL,9,9,0,12.799999999999955,8,2026-09-20T13:10:21+05:30,2026-09-20T13:19:00+05:30
19020,Express,2026-09-19,51,DRL,CPN,8,4,-4,12.5,14,2026-09-20T13:25:38+05:30,2026-09-20T13:29:14+05:30
19020,Express,2026-09-19,52,CPN,SMLA,14,14,0,11.200000000000045,10,2026-09-20T13:31:21+05:30,2026-09-20T13:45:15+05:30
19020,Express,2026-09-19,53,SMLA,BRC,49,31,-18,26.699999999999818,11,2026-09-20T13:46:54+05:30,2026-09-20T14:17:26+05:30
19020,Express,2026-09-19,54,BRC,MYG,37,25,-12,29.800000000000182,0,2026-09-20T14:35:00+05:30,2026-09-20T15:00:10+05:30
19020,Express,2026-09-19,55,MYG,BH,36,26,-10,40.799999999999955,3,2026-09-20T15:17:11+05:30,2026-09-20T15:43:35+05:30
19020,Express,2026-09-19,56,BH,AKV,9,3,-6,9.099999999999909,4,2026-09-20T15:56:29+05:30,2026-09-20T15:59:29+05:30
19020,Express,2026-09-19,57,AKV,KSB,15,8,-7,18.600000000000136,3,2026-09-20T16:06:02+05:30,2026-09-20T16:13:51+05:30
19020,Express,2026-09-19,58,KSB,ST,57,60,3,31.399999999999864,2,2026-09-20T16:21:59+05:30,2026-09-20T17:22:13+05:30
19020,Express,2026-09-19,59,ST,NVS,26,18,-8,29.5,6,2026-09-20T17:27:51+05:30,2026-09-20T17:46:12+05:30
19020,Express,2026-09-20,0,HW,JWP,7,4,-3,3.9,7,2026-09-20T13:37:23+05:30,2026-09-20T13:41:24+05:30
19020,Express,2026-09-20,1,JWP,RK,64,37,-27,37.6,9,2026-09-20T13:47:45+05:30,2026-09-20T14:24:27+05:30
19020,Express,2026-09-20,2,RK,TPZ,46,26,-20,43.0,6,2026-09-20T14:53:56+05:30,2026-09-20T15:19:53+05:30
19020,Express,2026-09-20,3,TPZ,MOZ,35,33,-2,51.69999999999999,2,2026-09-20T15:37:43+05:30,2026-09-20T16:10:52+05:30
19020,Express,2026-09-20,4,MOZ,MTC,44,42,-2,55.60000000000002,3,2026-09-20T16:16:28+05:30,2026-09-20T16:58:48+05:30
19020,Express,2026-09-20,5,MTC,GZB,58,87,29,47.19999999999999,5,2026-09-20T17:07:23+05:30,2026-09-20T18:34:31+05:30
19020,Express,2026-09-20,6,GZB,NZM,38,40,2,27.100000000000023,54,2026-09-20T18:56:20+05:30,2026-09-20T19:36:39+05:30
19020,Express,2026-09-20,7,NZM,KSV,88,82,-6,92.5,86,2026-09-20T20:21:23+05:30,2026-09-20T21:43:50+05:30
19020,Express,2026-09-20,8,KSV,MTJ,45,49,4,41.39999999999998,81,2026-09-20T21:45:49+05:30,2026-09-20T22:35:10+05:30
19020,Express,2026-09-20,9,MTJ,BTE,30,21,-9,33.60000000000002,88,2026-09-20T22:43:21+05:30,2026-09-20T23:04:40+05:30
19020,Express,2026-09-20,10,BTE,BXN,28,26,-2,41.89999999999998,86,2026-09-20T23:15:48+05:30,2026-09-20T23:42:17+05:30
19020,Express,2026-09-20,11,BXN,FSP,15,10,-5,19.69999999999999,90,2026-09-20T23:50:20+05:30,2026-09-21T00:00:37+05:30
19020,Express,2026-09-20,12,FSP,HAN,14,7,-7,13.199999999999989,89,2026-09-21T00:04:52+05:30,2026-09-21T00:12:08+05:30
19020,Express,2026-09-20,13,HAN,SMVJ,10,11,1,10.100000000000023,85,2026-09-21T00:19:49+05:30,2026-09-21T00:30:37+05:30
19020,Express,2026-09-20,14,SMVJ,GGC,28,30,2,34.299999999999955,88,2026-09-21T00:34:46+05:30,2026-09-21T01:05:01+05:30
19020,Express,2026-09-20,15,GGC,NNW,15,8,-7,16.90000000000009,95,2026-09-21T01:15:08+05:30,2026-09-21T01:23:06+05:30
19020,Express,2026-09-20,16,NNW,MLZ,16,9,-7,16.699999999999932,94,2026-09-21T01:30:45+05:30,2026-09-21T01:39:42+05:30
19020,Express,2026-09-20,17,MLZ,SWM,35,19,-16,30.200000000000045,88,2026-09-21T01:43:08+05:30,2026-09-21T02:01:46+05:30
19020,Express,2026-09-20,18,SWM,IDG,28,22,-6,36.39999999999998,77,2026-09-21T02:12:16+05:30,2026-09-21T02:34:26+05:30
19020,Express,2026-09-20,19,IDG,LKE,13,7,-6,11.0,77,2026-09-21T02:42:29+05:30,2026-09-21T02:49:49+05:30
19020,Express,2026-09-20,20,LKE,KPZ,20,28,8,27.200000000000045,83,2026-09-21T03:02:31+05:30,2026-09-21T03:30:49+05:30
19020,Express,2026-09-20,21,KPZ,KPTN,16,12,-4,20.0,92,2026-09-21T03:34:12+05:30,2026-09-21T03:46:25+05:30
19020,Express,2026-09-20,22,KPTN,KOTA,40,25,-15,13.299999999999955,101,2026-09-21T04:00:48+05:30,2026-09-21T04:25:29+05:30
19020,Express,2026-09-20,23,KOTA,NKOT,13,13,0,9.299999999999955,85,2026-09-21T04:35:09+05:30,2026-09-21T04:48:21+05:30
19020,Express,2026-09-20,24,NKOT,DARA,33,31,-2,38.5,88,2026-09-21T04:53:14+05:30,2026-09-21T05:24:40+05:30
19020,Express,2026-09-20,25,DARA,MKX,28,11,-17,14.400000000000091,85,2026-09-21T05:24:40+05:30,2026-09-21T05:35:49+05:30
19020,Express,2026-09-20,26,MKX,RMA,18,9,-9,10.099999999999909,72,2026-09-21T05:41:55+05:30,2026-09-21T05:51:08+05:30
19020,Express,2026-09-20,27,JHW,BWM,14,11,-3,16.5,67,2026-09-21T06:08:58+05:30,2026-09-21T06:19:36+05:30
19020,Express,2026-09-20,28,BWM,GOH,17,16,-1,22.600000000000023,67,2026-09-21T06:25:08+05:30,2026-09-21T06:41:32+05:30
19020,Express,2026-09-20,29,GOH,SGZ,11,10,-2,10.600000000000023,66,2026-09-21T06:42:49+05:30,2026-09-21T06:52:19+05:30
19020,Express,2026-09-20,30,SGZ,SVA,13,10,-3,13.799999999999955,71,2026-09-21T07:01:21+05:30,2026-09-21T07:11:44+05:30
19020,Express,2026-09-20,31,SVA,CMU,18,13,-5,15.200000000000045,69,2026-09-21T07:14:06+05:30,2026-09-21T07:27:17+05:30
19020,Express,2026-09-20,32,CMU,VMA,23,13,-10,22.699999999999932,67,2026-09-21T07:31:35+05:30,2026-09-21T07:44:14+05:30
19020,Express,2026-09-20,33,VMA,MEP,28,17,-11,23.0,61,2026-09-21T07:50:36+05:30,2026-09-21T08:07:54+05:30
19020,Express,2026-09-20,34,MEP,NAD,35,32,-3,17.100000000000023,52,2026-09-21T08:11:40+05:30,2026-09-21T08:43:18+05:30
19020,Express,2026-09-20,35,NAD,KUH,8,12,4,13.800000000000068,61,2026-09-21T09:00:47+05:30,2026-09-21T09:12:17+05:30
19020,Express,2026-09-20,36,KUH,RNH,20,10,-10,10.399999999999977,59,2026-09-21T09:12:27+05:30,2026-09-21T09:22:55+05:30
19020,Express,2026-09-20,37,RNH,BOD,8,9,1,7.5,49,2026-09-21T09:22:55+05:30,2026-09-21T09:31:54+05:30
19020,Express,2026-09-20,38,BOD,RTM,22,10,-12,9.699999999999932,52,2026-09-21T09:35:14+05:30,2026-09-21T09:44:56+05:30
19020,Express,2026-09-20,39,BOG,BMI,7,7,0,6.099999999999909,39,2026-09-21T10:30:08+05:30,2026-09-21T10:37:37+05:30
19020,Express,2026-09-20,40,BMI,PCN,14,13,-1,13.600000000000136,41,2026-09-21T10:40:35+05:30,2026-09-21T10:54:02+05:30
19020,Express,2026-09-20,41,PCN,THDR,14,7,-7,13.799999999999955,44,2026-09-21T10:58:56+05:30,2026-09-21T11:05:49+05:30
19020,Express,2026-09-20,42,THDR,MGN,12,4,-8,8.099999999999909,43,2026-09-21T11:12:31+05:30,2026-09-21T11:16:53+05:30
19020,Express,2026-09-20,43,MGN,ANAS,13,9,-4,14.600000000000136,40,2026-09-21T11:24:00+05:30,2026-09-21T11:33:21+05:30
19020,Express,2026-09-20,44,ANAS,BIO,9,14,5,7.899999999999864,38,2026-09-21T11:36:04+05:30,2026-09-21T11:50:10+05:30
19020,Express,2026-09-20,45,BIO,DHD,10,21,11,10.600000000000136,42,2026-09-21T11:50:10+05:30,2026-09-21T12:10:56+05:30
19020,Express,2026-09-20,46,DHD,LMK,34,23,-11,32.799999999999955,54,2026-09-21T12:13:31+05:30,2026-09-21T12:36:35+05:30
19020,Express,2026-09-20,47,LMK,PPD,10,8,-2,7.900000000000091,42,2026-09-21T12:37:26+05:30,2026-09-21T12:45:30+05:30
19020,Express,2026-09-20,48,PPD,SAT,10,13,3,11.899999999999864,45,2026-09-21T12:52:19+05:30,2026-09-21T13:04:57+05:30
19020,Express,2026-09-20,49,SAT,GDA,30,22,-8,20.40000000000009,49,2026-09-21T13:08:08+05:30,2026-09-21T13:29:47+05:30
19020,Express,2026-09-20,50,GDA,KRSA,10,7,-3,10.700000000000045,54,2026-09-21T13:45:21+05:30,2026-09-21T13:51:59+05:30
19020,Express,2026-09-20,51,KRSA,DRL,9,6,-3,12.799999999999955,52,2026-09-21T13:54:26+05:30,2026-09-21T14:00:30+05:30
19020,Express,2026-09-20,52,DRL,CPN,8,6,-2,12.5,57,2026-09-21T14:08:47+05:30,2026-09-21T14:14:44+05:30
19020,Express,2026-09-20,53,CPN,SMLA,14,12,-2,11.200000000000045,55,2026-09-21T14:16:14+05:30,2026-09-21T14:27:51+05:30
19020,Express,2026-09-20,54,SMLA,BRC,49,26,-23,26.699999999999818,52,2026-09-21T14:27:51+05:30,2026-09-21T14:54:13+05:30
19020,Express,2026-09-20,55,BRC,MYG,37,57,20,29.800000000000182,35,2026-09-21T15:10:12+05:30,2026-09-21T16:07:39+05:30
19020,Express,2026-09-20,56,MYG,BH,36,37,1,40.799999999999955,58,2026-09-21T16:11:52+05:30,2026-09-21T16:49:12+05:30
19020,Express,2026-09-20,57,BH,AKV,9,4,-5,9.099999999999909,68,2026-09-21T17:00:21+05:30,2026-09-21T17:04:41+05:30
19020,Express,2026-09-20,58,AKV,KSB,15,14,-1,18.600000000000136,67,2026-09-21T17:09:53+05:30,2026-09-21T17:23:29+05:30
19020,Express,2026-09-20,59,KSB,ST,57,37,-20,31.399999999999864,67,2026-09-21T17:27:25+05:30,2026-09-21T18:04:22+05:30
19020,Express,2026-09-20,60,ST,NVS,26,25,-1,29.5,54,2026-09-21T18:15:49+05:30,2026-09-21T18:40:48+05:30
19020,Express,2026-09-20,61,NVS,BIM,18,25,7,21.100000000000136,61,2026-09-21T18:51:17+05:30,2026-09-21T19:15:48+05:30
19020,Express,2026-09-20,62,BIM,BL,20,14,-6,18.199999999999818,77,2026-09-21T19:27:11+05:30,2026-09-21T19:41:22+05:30
19020,Express,2026-09-20,63,BL,VAPI,28,18,-10,26.200000000000045,72,2026-09-21T19:46:55+05:30,2026-09-21T20:05:01+05:30
19020,Express,2026-09-20,64,VAPI,PLG,72,64,-8,81.60000000000014,67,2026-09-21T20:12:07+05:30,2026-09-21T21:15:39+05:30
19020,Express,2026-09-20,65,PLG,VR,33,19,-14,31.0,66,2026-09-21T21:26:15+05:30,2026-09-21T21:44:48+05:30
19020,Express,2026-09-20,66,VR,BVI,32,27,-5,25.899999999999864,56,2026-09-21T21:51:02+05:30,2026-09-21T22:18:14+05:30
19020,Express,2026-09-21,0,HW,JWP,7,5,-2,3.9,8,2026-09-21T13:38:15+05:30,2026-09-21T13:43:03+05:30
19020,Express,2026-09-21,1,JWP,RK,64,61,-3,37.6,10,2026-09-21T13:48:46+05:30,2026-09-21T14:49:26+05:30
19020,Express,2026-09-21,2,RK,TPZ,46,34,-12,43.0,6,2026-09-21T14:54:13+05:30,2026-09-21T15:28:26+05:30
19020,Express,2026-09-21,3,TPZ,MOZ,35,31,-4,51.69999999999999,5,2026-09-21T15:41:25+05:30,2026-09-21T16:11:59+05:30
19020,Express,2026-09-21,4,MOZ,MTC,44,41,-3,55.60000000000002,5,2026-09-21T16:18:18+05:30,2026-09-21T16:59:35+05:30
19020,Express,2026-09-21,5,MTC,GZB,58,50,-8,47.19999999999999,11,2026-09-21T17:13:14+05:30,2026-09-21T18:03:42+05:30
19020,Express,2026-09-21,6,GZB,NZM,38,29,-9,27.100000000000023,23,2026-09-21T18:24:58+05:30,2026-09-21T18:54:11+05:30
19020,Express,2026-09-21,7,KSV,MTJ,45,43,-2,41.39999999999998,15,2026-09-21T20:40:01+05:30,2026-09-21T21:22:39+05:30
19020,Express,2026-09-21,8,MTJ,BTE,30,24,-6,33.60000000000002,12,2026-09-21T21:27:12+05:30,2026-09-21T21:51:22+05:30
19020,Express,2026-09-21,9,BTE,BXN,28,35,7,41.89999999999998,6,2026-09-21T21:55:59+05:30,2026-09-21T22:31:06+05:30
19020,Express,2026-09-21,10,BXN,FSP,15,17,2,19.69999999999999,16,2026-09-21T22:36:10+05:30,2026-09-21T22:52:42+05:30
19020,Express,2026-09-21,11,FSP,HAN,14,5,-9,13.199999999999989,21,2026-09-21T22:57:06+05:30,2026-09-21T23:02:35+05:30
19020,Express,2026-09-21,12,HAN,SMVJ,10,7,-3,10.100000000000023,17,2026-09-21T23:11:52+05:30,2026-09-21T23:19:14+05:30
19020,Express,2026-09-21,13,SMVJ,GGC,28,25,-3,34.299999999999955,16,2026-09-21T23:22:33+05:30,2026-09-21T23:47:46+05:30
19020,Express,2026-09-21,14,GGC,NNW,15,10,-5,16.90000000000009,20,2026-09-22T00:00:12+05:30,2026-09-22T00:09:51+05:30
19020,Express,2026-09-21,15,NNW,MLZ,16,9,-7,16.699999999999932,20,2026-09-22T00:17:09+05:30,2026-09-22T00:25:43+05:30
19020,Express,2026-09-21,16,MLZ,SWM,35,18,-17,30.200000000000045,16,2026-09-22T00:31:17+05:30,2026-09-22T00:49:13+05:30
19020,Express,2026-09-21,17,SWM,IDG,28,22,-6,36.39999999999998,4,2026-09-22T00:59:24+05:30,2026-09-22T01:21:44+05:30
19020,Express,2026-09-21,18,IDG,LKE,13,4,-9,11.0,4,2026-09-22T01:28:55+05:30,2026-09-22T01:32:32+05:30
19020,Express,2026-09-21,19,LKE,KPZ,20,22,2,27.200000000000045,1,2026-09-22T01:40:53+05:30,2026-09-22T02:03:23+05:30
19020,Express,2026-09-21,20,KPZ,KPTN,16,15,-1,20.0,1,2026-09-22T02:03:23+05:30,2026-09-22T02:18:24+05:30
19020,Express,2026-09-21,21,KPTN,KOTA,40,17,-23,13.299999999999955,5,2026-09-22T02:24:56+05:30,2026-09-22T02:41:54+05:30
19020,Express,2026-09-21,22,NKOT,DARA,33,32,-1,38.5,6,2026-09-22T03:30:31+05:30,2026-09-22T04:02:44+05:30
19020,Express,2026-09-21,23,DARA,MKX,28,10,-18,14.400000000000091,11,2026-09-22T04:10:49+05:30,2026-09-22T04:20:52+05:30
19020,Express,2026-09-21,24,MKX,RMA,18,11,-7,10.099999999999909,22,2026-09-22T04:51:47+05:30,2026-09-22T05:02:40+05:30
19020,Express,2026-09-21,25,JHW,BWM,14,15,1,16.5,21,2026-09-22T05:22:36+05:30,2026-09-22T05:38:01+05:30
19020,Express,2026-09-21,26,BWM,GOH,17,12,-5,22.600000000000023,28,2026-09-22T05:45:52+05:30,2026-09-22T05:57:46+05:30
19020,Express,2026-09-21,27,GOH,SGZ,11,12,1,10.600000000000023,24,2026-09-22T06:00:44+05:30,2026-09-22T06:12:57+05:30
19020,Express,2026-09-21,28,SGZ,SVA,13,11,-2,13.799999999999955,37,2026-09-22T06:26:45+05:30,2026-09-22T06:37:18+05:30
19020,Express,2026-09-21,29,SVA,CMU,18,17,-1,15.200000000000045,39,2026-09-22T06:43:32+05:30,2026-09-22T07:00:08+05:30
19020,Express,2026-09-21,30,CMU,VMA,23,15,-8,22.699999999999932,36,2026-09-22T07:01:20+05:30,2026-09-22T07:16:37+05:30
19020,Express,2026-09-21,31,VMA,MEP,28,16,-12,23.0,29,2026-09-22T07:19:17+05:30,2026-09-22T07:35:32+05:30
19020,Express,2026-09-21,32,MEP,NAD,35,27,-8,17.100000000000023,17,2026-09-22T07:37:28+05:30,2026-09-22T08:04:47+05:30
19020,Express,2026-09-21,33,NAD,KUH,8,19,11,13.800000000000068,12,2026-09-22T08:12:10+05:30,2026-09-22T08:31:26+05:30
19020,Express,2026-09-21,34,RNH,BOD,8,10,2,7.5,11,2026-09-22T08:44:52+05:30,2026-09-22T08:54:49+05:30
19020,Express,2026-09-21,35,BOD,RTM,22,7,-15,9.699999999999932,16,2026-09-22T08:58:57+05:30,2026-09-22T09:05:36+05:30
19020,Express,2026-09-21,36,BOG,BMI,7,12,5,6.099999999999909,2,2026-09-22T09:53:01+05:30,2026-09-22T10:04:49+05:30
19020,Express,2026-09-21,37,BMI,PCN,14,17,3,13.600000000000136,5,2026-09-22T10:04:49+05:30,2026-09-22T10:21:33+05:30
19020,Express,2026-09-21,38,PCN,THDR,14,9,-5,13.799999999999955,10,2026-09-22T10:25:08+05:30,2026-09-22T10:33:40+05:30
19020,Express,2026-09-21,39,THDR,MGN,12,2,-10,8.099999999999909,10,2026-09-22T10:39:34+05:30,2026-09-22T10:41:49+05:30
19020,Express,2026-09-21,40,MGN,ANAS,13,12,0,14.600000000000136,3,2026-09-22T10:46:56+05:30,2026-09-22T10:59:26+05:30
19020,Express,2026-09-21,41,ANAS,BIO,9,5,-4,7.899999999999864,5,2026-09-22T11:02:52+05:30,2026-09-22T11:07:32+05:30
19020,Express,2026-09-21,42,BIO,DHD,10,16,6,10.600000000000136,3,2026-09-22T11:11:26+05:30,2026-09-22T11:27:31+05:30
19020,Express,2026-09-21,43,DHD,LMK,34,27,-7,32.799999999999955,9,2026-09-22T11:28:37+05:30,2026-09-22T11:55:17+05:30
19020,Express,2026-09-21,44,LMK,PPD,10,6,-4,7.900000000000091,7,2026-09-22T12:01:36+05:30,2026-09-22T12:07:07+05:30
19020,Express,2026-09-21,45,PPD,SAT,10,9,-1,11.899999999999864,8,2026-09-22T12:14:57+05:30,2026-09-22T12:23:45+05:30
19020,Express,2026-09-21,46,SAT,GDA,30,16,-14,20.40000000000009,6,2026-09-22T12:24:55+05:30,2026-09-22T12:41:24+05:30
19020,Express,2026-09-21,47,GDA,KRSA,10,11,1,10.700000000000045,3,2026-09-22T12:54:20+05:30,2026-09-22T13:05:08+05:30
19020,Express,2026-09-21,48,KRSA,DRL,9,5,-4,12.799999999999955,5,2026-09-22T13:07:18+05:30,2026-09-22T13:12:36+05:30
19020,Express,2026-09-21,49,DRL,CPN,8,4,-4,12.5,6,2026-09-22T13:18:23+05:30,2026-09-22T13:22:37+05:30
19020,Express,2026-09-21,50,CPN,SMLA,14,9,-5,11.200000000000045,4,2026-09-22T13:25:01+05:30,2026-09-22T13:33:35+05:30
19020,Express,2026-09-21,51,SMLA,BRC,49,43,-6,26.699999999999818,1,2026-09-22T13:36:45+05:30,2026-09-22T14:19:55+05:30
19020,Express,2026-09-21,52,BRC,MYG,37,27,-10,29.800000000000182,13,2026-09-22T14:48:22+05:30,2026-09-22T15:15:26+05:30
19020,Express,2026-09-21,53,MYG,BH,36,55,19,40.799999999999955,3,2026-09-22T15:17:19+05:30,2026-09-22T16:12:46+05:30
19020,Express,2026-09-21,54,BH,AKV,9,7,-2,9.099999999999909,27,2026-09-22T16:19:18+05:30,2026-09-22T16:26:39+05:30
19020,Express,2026-09-21,55,AKV,KSB,15,15,0,18.600000000000136,25,2026-09-22T16:28:22+05:30,2026-09-22T16:43:50+05:30
19020,Express,2026-09-21,56,KSB,ST,57,31,-26,31.399999999999864,24,2026-09-22T16:43:55+05:30,2026-09-22T17:15:18+05:30
19020,Express,2026-09-21,57,ST,NVS,26,14,-12,29.5,16,2026-09-22T17:37:41+05:30,2026-09-22T17:51:14+05:30
19020,Express,2026-09-21,58,NVS,BIM,18,20,2,21.100000000000136,9,2026-09-22T17:59:02+05:30,2026-09-22T18:19:22+05:30
19020,Express,2026-09-21,59,BIM,BL,20,20,0,18.199999999999818,15,2026-09-22T18:24:50+05:30,2026-09-22T18:45:09+05:30
19020,Express,2026-09-21,60,BL,VAPI,28,18,-10,26.200000000000045,13,2026-09-22T18:48:28+05:30,2026-09-22T19:06:16+05:30
19020,Express,2026-09-21,61,VAPI,PLG,72,82,10,81.60000000000014,7,2026-09-22T19:11:56+05:30,2026-09-22T20:34:19+05:30
19020,Express,2026-09-23,0,HW,JWP,7,7,0,3.9,5,2026-09-23T13:35:02+05:30,2026-09-23T13:42:27+05:30
19020,Express,2026-09-23,1,JWP,RK,64,43,-21,37.6,11,2026-09-23T13:50:00+05:30,2026-09-23T14:32:49+05:30
19020,Express,2026-09-23,2,RK,TPZ,46,35,-11,43.0,1,2026-09-23T14:49:24+05:30,2026-09-23T15:24:04+05:30
19020,Express,2026-09-23,3,TPZ,MOZ,35,39,4,51.69999999999999,1,2026-09-23T15:37:17+05:30,2026-09-23T16:16:01+05:30
19020,Express,2026-09-23,4,MOZ,MTC,44,45,1,55.60000000000002,7,2026-09-23T16:19:39+05:30,2026-09-23T17:04:18+05:30
19020,Express,2026-09-23,5,MTC,GZB,58,55,-3,47.19999999999999,14,2026-09-23T17:16:27+05:30,2026-09-23T18:11:27+05:30
19020,Express,2026-09-23,6,GZB,NZM,38,32,-6,27.100000000000023,26,2026-09-23T18:28:15+05:30,2026-09-23T19:00:40+05:30
19020,Express,2026-09-23,7,NZM,KSV,88,64,-24,92.5,35,2026-09-23T19:29:41+05:30,2026-09-23T20:33:14+05:30
19020,Express,2026-09-23,8,KSV,MTJ,45,34,-11,41.39999999999998,17,2026-09-23T20:41:30+05:30,2026-09-23T21:15:41+05:30
19020,Express,2026-09-23,9,MTJ,BTE,30,31,1,33.60000000000002,5,2026-09-23T21:19:56+05:30,2026-09-23T21:51:21+05:30
19020,Express,2026-09-23,10,BTE,BXN,28,27,-1,41.89999999999998,12,2026-09-23T22:02:17+05:30,2026-09-23T22:29:04+05:30
19020,Express,2026-09-23,11,BXN,FSP,15,10,-5,19.69999999999999,17,2026-09-23T22:37:18+05:30,2026-09-23T22:47:17+05:30
19020,Express,2026-09-23,12,FSP,HAN,14,6,-8,13.199999999999989,18,2026-09-23T22:52:53+05:30,2026-09-23T22:58:38+05:30
19020,Express,2026-09-23,13,HAN,SMVJ,10,10,0,10.100000000000023,15,2026-09-23T23:12:08+05:30,2026-09-23T23:22:03+05:30
19020,Express,2026-09-24,0,HW,JWP,7,7,0,3.9,5,2026-09-24T13:35:25+05:30,2026-09-24T13:42:00+05:30
19020,Express,2026-09-24,1,JWP,RK,64,43,-21,37.6,6,2026-09-24T13:44:59+05:30,2026-09-24T14:27:52+05:30
19020,Express,2026-09-24,2,RK,TPZ,46,37,-9,43.0,0,2026-09-24T14:48:00+05:30,2026-09-24T15:25:07+05:30
19020,Express,2026-09-24,3,TPZ,MOZ,35,35,0,51.69999999999999,3,2026-09-24T15:38:38+05:30,2026-09-24T16:13:44+05:30
19020,Express,2026-09-24,4,MOZ,MTC,44,46,2,55.60000000000002,3,2026-09-24T16:16:18+05:30,2026-09-24T17:01:50+05:30
19020,Express,2026-09-24,5,MTC,GZB,58,46,-12,47.19999999999999,8,2026-09-24T17:09:50+05:30,2026-09-24T17:55:36+05:30
19020,Express,2026-09-24,6,GZB,NZM,38,29,-9,27.100000000000023,8,2026-09-24T18:09:49+05:30,2026-09-24T18:38:49+05:30
19020,Express,2026-09-24,7,NZM,KSV,88,74,-14,92.5,13,2026-09-24T19:07:33+05:30,2026-09-24T20:21:18+05:30
19020,Express,2026-09-24,8,KSV,MTJ,45,44,-1,41.39999999999998,1,2026-09-24T20:26:08+05:30,2026-09-24T21:10:20+05:30
19020,Express,2026-09-24,9,MTJ,BTE,30,24,-6,33.60000000000002,6,2026-09-24T21:21:10+05:30,2026-09-24T21:45:00+05:30
19020,Express,2026-09-24,10,BTE,BXN,28,30,2,41.89999999999998,0,2026-09-24T21:50:23+05:30,2026-09-24T22:20:16+05:30
19020,Express,2026-09-24,11,BXN,FSP,15,15,0,19.69999999999999,6,2026-09-24T22:25:47+05:30,2026-09-24T22:40:33+05:30
19020,Express,2026-09-24,12,FSP,HAN,14,13,-1,13.199999999999989,8,2026-09-24T22:42:35+05:30,2026-09-24T22:55:47+05:30
19020,Express,2026-09-24,13,HAN,SMVJ,10,12,2,10.100000000000023,3,2026-09-24T22:57:06+05:30,2026-09-24T23:08:43+05:30
19020,Express,2026-09-24,14,SMVJ,GGC,28,31,3,34.299999999999955,3,2026-09-24T23:11:16+05:30,2026-09-24T23:42:10+05:30
19020,Express,2026-09-24,15,GGC,NNW,15,9,-6,16.90000000000009,19,2026-09-25T00:00:59+05:30,2026-09-25T00:10:28+05:30
19020,Express,2026-09-24,16,NNW,MLZ,16,6,-10,16.699999999999932,18,2026-09-25T00:16:08+05:30,2026-09-25T00:22:03+05:30
19020,Express,2026-09-24,17,MLZ,SWM,35,21,-14,30.200000000000045,15,2026-09-25T00:28:24+05:30,2026-09-25T00:49:22+05:30
19037,Express,2026-09-21,0,BDTS,ADH,8,13,5,6.1,11,2026-09-21T22:10:36+05:30,2026-09-21T22:24:02+05:30
19037,Express,2026-09-21,1,ADH,BVI,18,16,-2,12.299999999999999,20,2026-09-21T22:29:36+05:30,2026-09-21T22:45:54+05:30
19037,Express,2026-09-21,2,BVI,BOR,55,66,11,68.30000000000001,25,2026-09-21T22:57:44+05:30,2026-09-22T00:03:39+05:30
19037,Express,2026-09-21,3,BOR,VAPI,40,32,-8,70.3,40,2026-09-22T00:10:05+05:30,2026-09-22T00:41:50+05:30
19037,Express,2026-09-21,4,VAPI,BL,26,22,-4,26.19999999999999,35,2026-09-22T00:46:49+05:30,2026-09-22T01:09:16+05:30
19037,Express,2026-09-21,5,BL,ST,89,60,-29,68.80000000000001,32,2026-09-22T01:12:00+05:30,2026-09-22T02:11:36+05:30
19037,Express,2026-09-21,6,ST,AKV,30,31,1,49.89999999999998,5,2026-09-22T02:19:03+05:30,2026-09-22T02:50:13+05:30
19037,Express,2026-09-21,7,BRC,DRL,40,34,-6,50.5,7,2026-09-22T04:04:24+05:30,2026-09-22T04:38:03+05:30
19037,Express,2026-09-21,8,DRL,GDA,27,20,-7,23.399999999999977,8,2026-09-22T04:47:02+05:30,2026-09-22T05:06:36+05:30
19037,Express,2026-09-21,9,GDA,DHD,48,44,-4,73.10000000000002,9,2026-09-22T05:16:47+05:30,2026-09-22T06:00:22+05:30
19037,Express,2026-09-21,10,DHD,MGN,24,27,3,33.10000000000002,8,2026-09-22T06:05:50+05:30,2026-09-22T06:33:02+05:30
19037,Express,2026-09-21,11,MGN,BMI,30,26,-4,35.5,13,2026-09-22T06:37:24+05:30,2026-09-22T07:03:25+05:30
19037,Express,2026-09-21,12,BMI,RTM,49,32,-17,44.799999999999955,21,2026-09-22T07:16:44+05:30,2026-09-22T07:48:27+05:30
19037,Express,2026-09-21,13,RTM,KUH,24,21,-3,30.100000000000023,8,2026-09-22T08:03:19+05:30,2026-09-22T08:24:13+05:30
19037,Express,2026-09-21,14,KUH,NAD,44,18,-26,13.799999999999955,10,2026-09-22T08:31:12+05:30,2026-09-22T08:49:30+05:30
19037,Express,2026-09-21,15,NAD,MEP,13,15,2,17.100000000000023,8,2026-09-22T09:18:25+05:30,2026-09-22T09:33:41+05:30
19037,Express,2026-09-21,16,MEP,VMA,18,28,10,23.0,14,2026-09-22T09:39:04+05:30,2026-09-22T10:06:36+05:30
19037,Express,2026-09-21,17,VMA,CMU,18,15,-3,22.600000000000023,22,2026-09-22T10:07:06+05:30,2026-09-22T10:22:10+05:30
19037,Express,2026-09-21,18,CMU,SVA,13,12,-1,15.299999999999955,21,2026-09-22T10:25:52+05:30,2026-09-22T10:38:11+05:30
19037,Express,2026-09-21,19,SVA,SGZ,10,10,0,13.700000000000045,24,2026-09-22T10:43:36+05:30,2026-09-22T10:54:05+05:30
19037,Express,2026-09-21,20,SGZ,GOH,10,10,0,10.699999999999932,25,2026-09-22T10:57:06+05:30,2026-09-22T11:06:56+05:30
19037,Express,2026-09-21,21,GOH,BWM,14,13,-1,22.600000000000023,26,2026-09-22T11:09:51+05:30,2026-09-22T11:22:46+05:30
19037,Express,2026-09-21,22,BWM,JHW,12,7,-5,16.5,28,2026-09-22T11:28:11+05:30,2026-09-22T11:35:01+05:30
19037,Express,2026-09-21,23,JHW,RMA,10,13,3,11.600000000000023,23,2026-09-22T11:35:58+05:30,2026-09-22T11:49:07+05:30
19037,Express,2026-09-21,24,RMA,MKX,9,3,-6,10.100000000000023,28,2026-09-22T11:53:25+05:30,2026-09-22T11:56:12+05:30
19037,Express,2026-09-21,25,MKX,NKOT,37,26,-11,52.89999999999998,28,2026-09-22T12:03:32+05:30,2026-09-22T12:29:36+05:30
19037,Express,2026-09-21,26,NKOT,KOTA,15,10,-5,9.299999999999955,25,2026-09-22T12:40:04+05:30,2026-09-22T12:49:42+05:30
19037,Express,2026-09-21,27,KOTA,LKE,43,37,-6,60.5,29,2026-09-22T13:09:15+05:30,2026-09-22T13:46:44+05:30
19037,Express,2026-09-21,28,LKE,SWM,50,38,-12,47.30000000000007,26,2026-09-22T13:51:00+05:30,2026-09-22T14:28:37+05:30
19037,Express,2026-09-21,29,SWM,GGC,40,47,7,63.80000000000007,13,2026-09-22T14:33:05+05:30,2026-09-22T15:19:53+05:30
19037,Express,2026-09-21,30,GGC,SMVJ,23,18,-5,34.299999999999955,28,2026-09-22T15:32:55+05:30,2026-09-22T15:51:03+05:30
19037,Express,2026-09-21,31,SMVJ,HAN,13,7,-6,10.099999999999909,27,2026-09-22T15:57:06+05:30,2026-09-22T16:04:03+05:30
19037,Express,2026-09-21,32,HAN,BXN,45,31,-14,32.90000000000009,27,2026-09-22T16:12:10+05:30,2026-09-22T16:43:08+05:30
19037,Express,2026-09-21,33,BXN,RBS,45,38,-7,34.200000000000045,14,2026-09-22T16:49:25+05:30,2026-09-22T17:26:58+05:30
19037,Express,2026-09-21,34,RBS,FTS,14,11,-3,14.299999999999955,11,2026-09-22T17:33:03+05:30,2026-09-22T17:43:56+05:30
19037,Express,2026-09-21,35,FTS,KLB,13,12,-1,12.299999999999955,14,2026-09-22T17:51:38+05:30,2026-09-22T18:03:43+05:30
19037,Express,2026-09-21,36,KLB,IDH,55,89,34,21.799999999999955,15,2026-09-22T18:07:31+05:30,2026-09-22T19:36:18+05:30
19037,Express,2026-09-21,37,IDH,AF,20,-2,-22,2.1000000000001364,67,2026-09-22T19:56:17+05:30,2026-09-22T19:54:25+05:30
19037,Express,2026-09-21,38,AF,TDL,85,35,-50,22.699999999999818,56,2026-09-22T20:14:10+05:30,2026-09-22T20:48:58+05:30
19037,Express,2026-09-23,0,ADH,BVI,18,14,-4,12.299999999999999,20,2026-09-23T22:29:36+05:30,2026-09-23T22:43:35+05:30
19037,Express,2026-09-23,1,BVI,BOR,55,56,1,68.30000000000001,17,2026-09-23T22:49:45+05:30,2026-09-23T23:45:23+05:30
19037,Express,2026-09-23,2,BOR,VAPI,40,38,-2,70.3,20,2026-09-23T23:47:51+05:30,2026-09-24T00:25:41+05:30
19037,Express,2026-09-24,0,BDTS,ADH,8,13,5,6.1,8,2026-09-24T22:07:35+05:30,2026-09-24T22:20:44+05:30
19037,Express,2026-09-24,1,ADH,BVI,18,23,5,12.299999999999999,16,2026-09-24T22:26:00+05:30,2026-09-24T22:48:35+05:30
19037,Express,2026-09-24,2,BVI,BOR,55,54,-1,68.30000000000001,24,2026-09-24T22:57:20+05:30,2026-09-24T23:51:10+05:30
19037,Express,2026-09-24,3,BOR,VAPI,40,33,-7,70.3,28,2026-09-24T23:58:27+05:30,2026-09-25T00:31:11+05:30
19037,Express,2026-09-24,4,VAPI,BL,26,18,-8,26.19999999999999,27,2026-09-25T00:41:26+05:30,2026-09-25T00:59:42+05:30
19038,Express,2026-09-21,0,BJU,SPJ,60,62,2,50.8,6,2026-09-21T07:26:08+05:30,2026-09-21T08:28:25+05:30
19038,Express,2026-09-21,1,SPJ,MFP,65,44,-21,52.0,16,2026-09-21T08:40:53+05:30,2026-09-21T09:24:46+05:30
19038,Express,2026-09-21,2,MFP,MTR,33,22,-11,26.200000000000003,6,2026-09-21T09:41:18+05:30,2026-09-21T10:02:59+05:30
19038,Express,2026-09-21,3,MTR,MAI,12,9,-3,13.300000000000011,4,2026-09-21T10:13:40+05:30,2026-09-21T10:22:43+05:30
19038,Express,2026-09-21,4,MAI,CAA,9,5,-4,8.599999999999994,8,2026-09-21T10:31:59+05:30,2026-09-21T10:36:59+05:30
19038,Express,2026-09-21,5,CAA,PPA,10,15,5,10.099999999999994,2,2026-09-21T10:37:06+05:30,2026-09-21T10:51:50+05:30
19038,Express,2026-09-21,6,PPA,BMKI,22,17,-5,22.0,9,2026-09-21T10:56:11+05:30,2026-09-21T11:13:01+05:30
19038,Express,2026-09-21,7,BMKI,SGL,18,19,1,20.69999999999999,12,2026-09-21T11:22:48+05:30,2026-09-21T11:42:09+05:30
19038,Express,2026-09-21,8,SGL,BTH,22,20,-2,22.700000000000017,13,2026-09-21T11:44:02+05:30,2026-09-21T12:04:05+05:30
19038,Express,2026-09-21,9,BTH,CAI,13,18,5,17.0,13,2026-09-21T12:08:08+05:30,2026-09-21T12:25:52+05:30
19038,Express,2026-09-21,10,CAI,NKE,45,18,-27,19.799999999999983,21,2026-09-21T12:30:52+05:30,2026-09-21T12:49:11+05:30
19038,Express,2026-09-21,11,NKE,HIR,14,18,4,15.5,3,2026-09-21T13:02:33+05:30,2026-09-21T13:20:03+05:30
19038,Express,2026-09-21,12,HIR,BUG,40,32,-8,25.69999999999999,12,2026-09-21T13:27:57+05:30,2026-09-21T14:00:04+05:30
19038,Express,2026-09-21,13,BUG,PNYA,55,37,-18,22.200000000000045,11,2026-09-21T14:09:14+05:30,2026-09-21T14:46:23+05:30
19038,Express,2026-09-21,14,PNYA,KZA,10,-1,-11,6.7999999999999545,11,2026-09-21T15:05:37+05:30,2026-09-21T15:04:24+05:30
19038,Express,2026-09-21,15,KZA,SBZ,15,15,0,14.200000000000045,3,2026-09-21T15:10:13+05:30,2026-09-21T15:24:53+05:30
19038,Express,2026-09-21,16,SBZ,CPJ,26,22,-4,26.599999999999966,9,2026-09-21T15:32:54+05:30,2026-09-21T15:54:46+05:30
19038,Express,2026-09-21,17,CPJ,PPC,18,14,-4,19.69999999999999,9,2026-09-21T16:04:21+05:30,2026-09-21T16:17:55+05:30
19038,Express,2026-09-21,18,PPC,GKP,53,48,-5,19.0,15,2026-09-21T16:30:01+05:30,2026-09-21T17:17:54+05:30
19038,Express,2026-09-21,19,GKP,SWA,27,23,-4,17.100000000000023,13,2026-09-21T17:30:30+05:30,2026-09-21T17:53:35+05:30
19038,Express,2026-09-21,20,SWA,MHH,10,4,-6,8.300000000000011,96,2026-09-21T19:23:27+05:30,2026-09-21T19:27:33+05:30
19038,Express,2026-09-21,21,MHH,KLD,21,9,-12,8.599999999999966,94,2026-09-21T19:32:47+05:30,2026-09-21T19:41:55+05:30
19038,Express,2026-09-21,22,KLD,BST,23,52,29,29.400000000000034,84,2026-09-21T19:46:15+05:30,2026-09-21T20:38:08+05:30
19038,Express,2026-09-21,23,BST,GAUR,20,19,-1,23.0,117,2026-09-21T20:44:42+05:30,2026-09-21T21:04:04+05:30
19038,Express,2026-09-21,24,GAUR,BV,10,11,1,7.699999999999989,115,2026-09-21T21:04:39+05:30,2026-09-21T21:15:56+05:30
19038,Express,2026-09-21,25,BV,SNC,12,10,-2,11.600000000000023,118,2026-09-21T21:20:22+05:30,2026-09-21T21:30:26+05:30
19038,Express,2026-09-21,26,SNC,MSW,8,11,3,4.199999999999932,121,2026-09-21T21:36:51+05:30,2026-09-21T21:48:13+05:30
19038,Express,2026-09-21,27,MSW,MUR,16,11,-5,14.200000000000045,144,2026-09-21T22:09:52+05:30,2026-09-21T22:20:47+05:30
19038,Express,2026-09-21,28,MUR,GD,46,33,-13,27.899999999999977,146,2026-09-21T22:30:04+05:30,2026-09-21T23:02:48+05:30
19038,Express,2026-09-21,29,GD,CLJ,26,17,-9,28.800000000000068,157,2026-09-21T23:31:35+05:30,2026-09-21T23:48:32+05:30
19038,Express,2026-09-21,30,CLJ,JLD,16,10,-6,17.199999999999932,155,2026-09-21T23:58:28+05:30,2026-09-22T00:08:47+05:30
19038,Express,2026-09-21,31,JLD,BUW,18,16,-2,16.100000000000023,151,2026-09-22T00:12:28+05:30,2026-09-22T00:28:34+05:30
19038,Express,2026-09-21,32,BUW,BBK,45,18,-27,27.100000000000023,153,2026-09-22T00:34:26+05:30,2026-09-22T00:52:36+05:30
19038,Express,2026-09-21,33,BBK,GTNR,28,26,-2,25.799999999999955,129,2026-09-22T00:57:08+05:30,2026-09-22T01:23:30+05:30
19038,Express,2026-09-21,34,GTNR,BNZ,10,3,-7,4.300000000000068,128,2026-09-22T01:25:46+05:30,2026-09-22T01:29:07+05:30
19038,Express,2026-09-21,35,BNZ,LC,12,7,-5,6.199999999999932,127,2026-09-22T01:38:26+05:30,2026-09-22T01:45:28+05:30
19038,Express,2026-09-21,36,LC,ASH,17,5,-12,2.7000000000000455,130,2026-09-22T01:55:18+05:30,2026-09-22T01:59:57+05:30
19038,Express,2026-09-21,37,HRN,ON,24,21,-3,31.399999999999977,145,2026-09-22T03:10:13+05:30,2026-09-22T03:31:40+05:30
19038,Express,2026-09-21,38,ON,CNB,34,30,-4,17.600000000000023,146,2026-09-22T03:37:02+05:30,2026-09-22T04:06:46+05:30
19038,Express,2026-09-21,39,PHD,BNT,24,17,-7,36.39999999999998,185,2026-09-22T05:51:16+05:30,2026-09-22T06:07:50+05:30
19038,Express,2026-09-21,40,BNT,ETW,42,21,-21,20.0,182,2026-09-22T06:12:33+05:30,2026-09-22T06:33:04+05:30
19038,Express,2026-09-21,41,ETW,SKB,33,35,2,55.299999999999955,164,2026-09-22T06:38:51+05:30,2026-09-22T07:13:39+05:30
19038,Express,2026-09-21,42,SKB,FZD,28,13,-15,19.899999999999977,184,2026-09-22T07:34:17+05:30,2026-09-22T07:46:48+05:30
19038,Express,2026-09-21,43,FZD,TDL,35,25,-10,16.600000000000023,173,2026-09-22T07:52:49+05:30,2026-09-22T08:17:25+05:30
19038,Express,2026-09-21,44,TDL,AF,30,37,7,22.700000000000045,162,2026-09-22T08:21:32+05:30,2026-09-22T08:58:51+05:30
19038,Express,2026-09-21,45,IDH,KLB,26,21,-5,21.799999999999955,179,2026-09-22T09:28:58+05:30,2026-09-22T09:49:58+05:30
19038,Express,2026-09-21,46,KLB,FTS,13,7,-6,12.400000000000091,173,2026-09-22T09:50:36+05:30,2026-09-22T09:57:28+05:30
19038,Express,2026-09-21,47,FTS,RBS,13,6,-7,14.199999999999818,174,2026-09-22T10:06:30+05:30,2026-09-22T10:12:44+05:30
19038,Express,2026-09-21,48,RBS,BXN,85,26,-59,34.200000000000045,170,2026-09-22T10:18:15+05:30,2026-09-22T10:43:47+05:30
19038,Express,2026-09-21,49,BXN,HAN,21,16,-5,32.90000000000009,120,2026-09-22T10:55:25+05:30,2026-09-22T11:11:46+05:30
19038,Express,2026-09-21,50,HAN,SMVJ,10,9,-1,10.099999999999909,121,2026-09-22T11:19:23+05:30,2026-09-22T11:28:08+05:30
19038,Express,2026-09-21,51,SMVJ,GGC,20,25,5,34.299999999999955,123,2026-09-22T11:32:35+05:30,2026-09-22T11:57:14+05:30
19038,Express,2026-09-21,52,GGC,SWM,45,36,-9,63.80000000000018,134,2026-09-22T12:08:42+05:30,2026-09-22T12:44:51+05:30
19038,Express,2026-09-21,53,SWM,LKE,33,26,-7,47.399999999999864,129,2026-09-22T12:54:11+05:30,2026-09-22T13:20:34+05:30
19038,Express,2026-09-21,54,LKE,KOTA,50,44,-6,60.5,127,2026-09-22T13:26:36+05:30,2026-09-22T14:10:20+05:30
19038,Express,2026-09-21,55,KOTA,NKOT,10,9,-1,9.299999999999955,130,2026-09-22T14:30:13+05:30,2026-09-22T14:39:38+05:30
19038,Express,2026-09-21,56,NKOT,MKX,33,35,2,52.90000000000009,137,2026-09-22T14:48:37+05:30,2026-09-22T15:23:11+05:30
19038,Express,2026-09-21,57,MKX,RMA,11,12,1,10.099999999999909,140,2026-09-22T15:27:01+05:30,2026-09-22T15:39:19+05:30
19038,Express,2026-09-21,58,JHW,BWM,12,8,-4,16.5,145,2026-09-22T15:56:17+05:30,2026-09-22T16:03:55+05:30
19038,Express,2026-09-21,59,BWM,GOH,18,21,3,22.59999999999991,141,2026-09-22T16:05:48+05:30,2026-09-22T16:26:35+05:30
19038,Express,2026-09-21,60,GOH,SGZ,13,9,-4,10.600000000000136,142,2026-09-22T16:26:35+05:30,2026-09-22T16:35:15+05:30
19038,Express,2026-09-21,61,SGZ,SVA,13,14,1,13.799999999999955,142,2026-09-22T16:41:48+05:30,2026-09-22T16:55:19+05:30
19038,Express,2026-09-21,62,SVA,CMU,18,12,-6,15.200000000000045,143,2026-09-22T16:58:26+05:30,2026-09-22T17:10:47+05:30
19038,Express,2026-09-21,63,CMU,VMA,18,10,-8,22.699999999999818,137,2026-09-22T17:12:07+05:30,2026-09-22T17:21:53+05:30
19038,Express,2026-09-21,64,VMA,MEP,23,14,-9,23.0,132,2026-09-22T17:27:18+05:30,2026-09-22T17:41:15+05:30
19038,Express,2026-09-21,65,MEP,NAD,35,14,-21,17.100000000000136,124,2026-09-22T17:44:00+05:30,2026-09-22T17:57:55+05:30
19038,Express,2026-09-21,66,NAD,KUH,10,16,6,13.799999999999955,107,2026-09-22T18:06:38+05:30,2026-09-22T18:22:33+05:30
19038,Express,2026-09-21,67,KUH,RTM,33,17,-16,27.59999999999991,116,2026-09-22T18:27:52+05:30,2026-09-22T18:44:31+05:30
19038,Express,2026-09-21,68,BMI,MGN,27,28,1,35.5,106,2026-09-22T19:39:31+05:30,2026-09-22T20:07:15+05:30
19038,Express,2026-09-21,69,MGN,DHD,24,22,-2,33.09999999999991,110,2026-09-22T20:13:27+05:30,2026-09-22T20:35:41+05:30
19038,Express,2026-09-23,0,SPJ,MFP,65,61,-4,52.0,6,2026-09-23T08:30:30+05:30,2026-09-23T09:31:38+05:30
19038,Express,2026-09-23,1,MFP,MTR,33,36,3,26.200000000000003,9,2026-09-23T09:44:23+05:30,2026-09-23T10:20:50+05:30
19038,Express,2026-09-23,2,MTR,MAI,12,16,4,13.300000000000011,15,2026-09-23T10:25:26+05:30,2026-09-23T10:41:08+05:30
19038,Express,2026-09-23,3,MAI,CAA,9,8,-1,8.599999999999994,19,2026-09-23T10:42:51+05:30,2026-09-23T10:51:00+05:30
19038,Express,2026-09-23,4,CAA,PPA,10,9,-1,10.099999999999994,21,2026-09-23T10:56:08+05:30,2026-09-23T11:05:22+05:30
19038,Express,2026-09-23,5,PPA,BMKI,22,14,-8,22.0,49,2026-09-23T11:35:56+05:30,2026-09-23T11:50:19+05:30
19038,Express,2026-09-23,6,BMKI,SGL,18,15,-3,20.69999999999999,49,2026-09-23T11:59:52+05:30,2026-09-23T12:15:08+05:30
19038,Express,2026-09-23,7,SGL,BTH,22,17,-5,22.700000000000017,51,2026-09-23T12:21:50+05:30,2026-09-23T12:38:38+05:30
19038,Express,2026-09-23,8,BTH,CAI,13,11,-2,17.0,50,2026-09-23T12:45:04+05:30,2026-09-23T12:56:18+05:30
19038,Express,2026-09-23,9,CAI,NKE,45,14,-31,19.799999999999983,53,2026-09-23T13:03:02+05:30,2026-09-23T13:16:50+05:30
19038,Express,2026-09-23,10,NKE,HIR,14,13,-1,15.5,33,2026-09-23T13:32:55+05:30,2026-09-23T13:45:34+05:30
19038,Express,2026-09-23,11,HIR,BUG,40,32,-8,25.69999999999999,32,2026-09-23T13:47:55+05:30,2026-09-23T14:19:53+05:30
19038,Express,2026-09-23,12,BUG,PNYA,55,22,-33,22.200000000000045,32,2026-09-23T14:30:27+05:30,2026-09-23T14:52:11+05:30
19038,Express,2026-09-23,13,PNYA,KZA,10,3,-7,6.7999999999999545,9,2026-09-23T15:03:44+05:30,2026-09-23T15:06:25+05:30
19038,Express,2026-09-23,14,KZA,SBZ,15,15,0,14.200000000000045,4,2026-09-23T15:11:23+05:30,2026-09-23T15:26:21+05:30
19038,Express,2026-09-23,15,SBZ,CPJ,26,25,-1,26.599999999999966,8,2026-09-23T15:32:09+05:30,2026-09-23T15:57:28+05:30
19038,Express,2026-09-23,16,CPJ,PPC,18,18,0,19.69999999999999,10,2026-09-23T16:05:01+05:30,2026-09-23T16:22:50+05:30
19038,Express,2026-09-23,17,PPC,GKP,53,61,8,19.0,18,2026-09-23T16:32:42+05:30,2026-09-23T17:33:14+05:30
19038,Express,2026-09-23,18,GKP,SWA,27,26,-1,17.100000000000023,24,2026-09-23T17:41:53+05:30,2026-09-23T18:07:33+05:30
19038,Express,2026-09-23,19,SWA,MHH,10,8,-2,8.300000000000011,27,2026-09-23T18:14:10+05:30,2026-09-23T18:21:45+05:30
19038,Express,2026-09-23,20,MHH,KLD,21,9,-12,8.599999999999966,34,2026-09-23T18:32:38+05:30,2026-09-23T18:41:49+05:30
19038,Express,2026-09-23,21,KLD,BST,23,30,7,29.400000000000034,24,2026-09-23T18:46:07+05:30,2026-09-23T19:16:17+05:30
19038,Express,2026-09-23,22,BST,GAUR,20,22,2,23.0,38,2026-09-23T19:26:21+05:30,2026-09-23T19:48:42+05:30
19038,Express,2026-09-23,23,GAUR,BV,10,8,-2,7.699999999999989,38,2026-09-23T19:47:49+05:30,2026-09-23T19:55:31+05:30
19038,Express,2026-09-23,24,BV,SNC,12,12,0,11.600000000000023,36,2026-09-23T19:57:50+05:30,2026-09-23T20:09:21+05:30
19038,Express,2026-09-23,25,SNC,MSW,8,6,-2,4.199999999999932,40,2026-09-23T20:16:13+05:30,2026-09-23T20:22:03+05:30
19038,Express,2026-09-23,26,MSW,MUR,16,11,-5,14.200000000000045,55,2026-09-23T20:40:43+05:30,2026-09-23T20:52:07+05:30
19038,Express,2026-09-23,27,MUR,GD,46,20,-26,27.899999999999977,54,2026-09-23T20:57:41+05:30,2026-09-23T21:17:28+05:30
19038,Express,2026-09-23,28,GD,CLJ,26,20,-6,28.800000000000068,38,2026-09-23T21:32:54+05:30,2026-09-23T21:53:05+05:30
19038,Express,2026-09-23,29,CLJ,JLD,16,10,-6,17.199999999999932,37,2026-09-23T22:00:29+05:30,2026-09-23T22:10:38+05:30
19038,Express,2026-09-23,30,JLD,BUW,18,12,-6,16.100000000000023,38,2026-09-23T22:20:29+05:30,2026-09-23T22:32:04+05:30
19038,Express,2026-09-23,31,BUW,BBK,45,26,-19,27.100000000000023,36,2026-09-23T22:35:29+05:30,2026-09-23T23:01:27+05:30
19038,Express,2026-09-23,32,BBK,GTNR,28,41,13,25.799999999999955,18,2026-09-23T23:04:50+05:30,2026-09-23T23:46:17+05:30
19038,Express,2026-09-23,33,GTNR,BNZ,10,5,-5,4.300000000000068,36,2026-09-23T23:51:54+05:30,2026-09-23T23:56:59+05:30
19038,Express,2026-09-24,0,BJU,SPJ,60,48,-12,50.8,7,2026-09-24T07:26:42+05:30,2026-09-24T08:14:56+05:30
19038,Express,2026-09-24,1,SPJ,MFP,65,46,-19,52.0,19,2026-09-24T08:43:53+05:30,2026-09-24T09:29:37+05:30
19038,Express,2026-09-24,2,MFP,MTR,33,25,-8,26.200000000000003,13,2026-09-24T09:47:47+05:30,2026-09-24T10:12:20+05:30
19038,Express,2026-09-24,3,MTR,MAI,12,10,-2,13.300000000000011,8,2026-09-24T10:17:39+05:30,2026-09-24T10:28:08+05:30
19038,Express,2026-09-24,4,MAI,CAA,9,2,-7,8.599999999999994,12,2026-09-24T10:35:33+05:30,2026-09-24T10:37:06+05:30
19038,Express,2026-09-24,5,CAA,PPA,10,12,2,10.099999999999994,11,2026-09-24T10:45:30+05:30,2026-09-24T10:57:31+05:30
19038,Express,2026-09-24,6,PPA,BMKI,22,15,-7,22.0,18,2026-09-24T11:05:01+05:30,2026-09-24T11:20:27+05:30
19038,Express,2026-09-24,7,BMKI,SGL,18,13,-5,20.69999999999999,18,2026-09-24T11:28:38+05:30,2026-09-24T11:41:58+05:30
19038,Express,2026-09-24,8,SGL,BTH,22,45,23,22.700000000000017,16,2026-09-24T11:47:10+05:30,2026-09-24T12:32:22+05:30
19038,Express,2026-09-24,9,BTH,CAI,13,12,-1,17.0,46,2026-09-24T12:40:56+05:30,2026-09-24T12:52:54+05:30
19038,Express,2026-09-24,10,CAI,NKE,45,16,-29,19.799999999999983,51,2026-09-24T13:01:07+05:30,2026-09-24T13:16:53+05:30
19038,Express,2026-09-24,11,NKE,HIR,14,18,4,15.5,32,2026-09-24T13:32:04+05:30,2026-09-24T13:50:26+05:30
19038,Express,2026-09-24,12,HIR,BUG,40,28,-12,25.69999999999999,40,2026-09-24T13:55:59+05:30,2026-09-24T14:24:29+05:30
19038,Express,2026-09-24,13,BUG,PNYA,55,31,-24,22.200000000000045,34,2026-09-24T14:32:20+05:30,2026-09-24T15:03:43+05:30
19038,Express,2026-09-24,14,PNYA,KZA,10,5,-5,6.7999999999999545,14,2026-09-24T15:09:17+05:30,2026-09-24T15:14:03+05:30
19038,Express,2026-09-24,15,KZA,SBZ,15,13,-2,14.200000000000045,16,2026-09-24T15:23:20+05:30,2026-09-24T15:36:24+05:30
19038,Express,2026-09-24,16,SBZ,CPJ,26,21,-5,26.599999999999966,18,2026-09-24T15:42:05+05:30,2026-09-24T16:03:22+05:30
19038,Express,2026-09-24,17,CPJ,PPC,18,18,0,19.69999999999999,17,2026-09-24T16:11:31+05:30,2026-09-24T16:29:58+05:30
19038,Express,2026-09-24,18,PPC,GKP,53,72,19,19.0,27,2026-09-24T16:41:35+05:30,2026-09-24T17:53:14+05:30
19038,Express,2026-09-24,19,GKP,SWA,27,23,-4,17.100000000000023,59,2026-09-24T18:17:29+05:30,2026-09-24T18:40:52+05:30
19038,Express,2026-09-24,20,SWA,MHH,10,8,-2,8.300000000000011,58,2026-09-24T18:44:38+05:30,2026-09-24T18:52:47+05:30
19038,Express,2026-09-24,21,MHH,KLD,21,9,-12,8.599999999999966,63,2026-09-24T19:01:52+05:30,2026-09-24T19:11:01+05:30
19038,Express,2026-09-24,22,KLD,BST,23,27,4,29.400000000000034,52,2026-09-24T19:13:58+05:30,2026-09-24T19:41:06+05:30
19038,Express,2026-09-24,23,BST,GAUR,20,16,-4,23.0,61,2026-09-24T19:49:20+05:30,2026-09-24T20:05:01+05:30
19038,Express,2026-09-24,24,GAUR,BV,10,6,-4,7.699999999999989,62,2026-09-24T20:11:35+05:30,2026-09-24T20:18:01+05:30
19038,Express,2026-09-24,25,BV,SNC,12,11,-1,11.600000000000023,63,2026-09-24T20:24:45+05:30,2026-09-24T20:36:07+05:30
19038,Express,2026-09-24,26,SNC,MSW,8,5,-3,4.199999999999932,85,2026-09-24T21:00:45+05:30,2026-09-24T21:05:39+05:30
19038,Express,2026-09-24,27,MSW,MUR,16,18,2,14.200000000000045,84,2026-09-24T21:10:00+05:30,2026-09-24T21:27:42+05:30
19038,Express,2026-09-24,28,MUR,GD,46,28,-18,27.899999999999977,91,2026-09-24T21:35:14+05:30,2026-09-24T22:03:01+05:30
19038,Express,2026-09-24,29,GD,CLJ,26,23,-3,28.800000000000068,77,2026-09-24T22:12:19+05:30,2026-09-24T22:35:06+05:30
19038,Express,2026-09-24,30,CLJ,JLD,16,13,-3,17.199999999999932,78,2026-09-24T22:40:53+05:30,2026-09-24T22:54:16+05:30
19038,Express,2026-09-24,31,JLD,BUW,18,11,-7,16.100000000000023,79,2026-09-24T23:00:04+05:30,2026-09-24T23:11:13+05:30
19038,Express,2026-09-24,32,BUW,BBK,45,16,-29,27.100000000000023,79,2026-09-24T23:20:23+05:30,2026-09-24T23:36:49+05:30
19038,Express,2026-09-24,33,BBK,GTNR,28,27,-1,25.799999999999955,53,2026-09-24T23:41:23+05:30,2026-09-25T00:08:06+05:30
19038,Express,2026-09-24,34,GTNR,BNZ,10,0,-10,4.300000000000068,57,2026-09-25T00:17:07+05:30,2026-09-25T00:16:45+05:30
19259,Express,2026-09-24,0,TVCN,QLN,57,64,7,57.5,45,2026-09-24T16:30:26+05:30,2026-09-24T17:34:45+05:30
19259,Express,2026-09-24,1,QLN,KYJ,35,36,1,40.7,57,2026-09-24T17:41:54+05:30,2026-09-24T18:18:08+05:30
19259,Express,2026-09-24,2,KYJ,CNGR,21,16,-5,20.099999999999994,60,2026-09-24T18:22:22+05:30,2026-09-24T18:38:25+05:30
19259,Express,2026-09-24,3,CNGR,TRVL,9,12,3,9.299999999999997,56,2026-09-24T18:40:34+05:30,2026-09-24T18:52:20+05:30
19259,Express,2026-09-24,4,TRVL,KTYM,37,18,-19,25.599999999999994,60,2026-09-24T18:54:39+05:30,2026-09-24T19:12:24+05:30
19259,Express,2026-09-24,5,KTYM,ERN,100,55,-45,61.30000000000001,51,2026-09-24T19:25:34+05:30,2026-09-24T20:20:13+05:30
19259,Express,2026-09-24,6,ERN,AWY,25,10,-15,16.900000000000006,15,2026-09-24T20:34:40+05:30,2026-09-24T20:44:22+05:30
19259,Express,2026-09-24,7,AWY,TCR,58,62,4,54.900000000000006,1,2026-09-24T20:47:34+05:30,2026-09-24T21:49:52+05:30
19259,Express,2026-09-24,8,TCR,SRR,47,32,-15,32.80000000000001,9,2026-09-24T21:56:56+05:30,2026-09-24T22:29:03+05:30
19259,Express,2026-09-24,9,SRR,TIR,44,44,0,47.39999999999998,12,2026-09-24T22:51:55+05:30,2026-09-24T23:35:34+05:30
19259,Express,2026-09-24,10,TIR,CLT,42,37,-5,41.0,14,2026-09-24T23:39:26+05:30,2026-09-25T00:16:22+05:30
19259,Express,2026-09-24,11,CLT,BDJ,39,29,-10,46.5,17,2026-09-25T00:29:13+05:30,2026-09-25T00:57:58+05:30
19577,Express,2026-09-21,0,VLY,NJT,32,32,0,36.099999999999994,9,2026-09-21T05:49:11+05:30,2026-09-21T06:21:19+05:30
19577,Express,2026-09-21,1,NJT,PASA,34,36,2,36.60000000000001,14,2026-09-21T06:29:13+05:30,2026-09-21T07:05:22+05:30
19577,Express,2026-09-21,2,PASA,TVC,55,44,-11,29.599999999999994,21,2026-09-21T07:10:42+05:30,2026-09-21T07:54:19+05:30
19577,Express,2026-09-21,3,TVC,QLN,65,48,-17,64.6,22,2026-09-21T08:11:37+05:30,2026-09-21T08:59:24+05:30
19577,Express,2026-09-21,4,QLN,KYJ,37,31,-6,40.80000000000001,8,2026-09-21T09:05:43+05:30,2026-09-21T09:36:24+05:30
19577,Express,2026-09-21,5,KYJ,ALLP,40,26,-14,43.49999999999997,9,2026-09-21T09:45:32+05:30,2026-09-21T10:11:34+05:30
19577,Express,2026-09-21,6,ALLP,ERS,90,134,44,57.0,1,2026-09-21T10:21:29+05:30,2026-09-21T12:35:55+05:30
19577,Express,2026-09-21,7,AWY,TCR,70,55,-15,54.89999999999998,45,2026-09-21T13:07:25+05:30,2026-09-21T14:02:51+05:30
19577,Express,2026-09-21,8,TCR,SRR,90,50,-40,32.69999999999999,37,2026-09-21T14:12:20+05:30,2026-09-21T15:02:30+05:30
19577,Express,2026-09-21,9,SRR,TIR,39,43,4,47.5,11,2026-09-21T15:21:26+05:30,2026-09-21T16:04:02+05:30
19577,Express,2026-09-21,10,TIR,CLT,37,27,-10,41.0,18,2026-09-21T16:07:37+05:30,2026-09-21T16:35:04+05:30
19577,Express,2026-09-21,11,CLT,CAN,82,64,-18,89.39999999999998,19,2026-09-21T16:48:57+05:30,2026-09-21T17:53:07+05:30
19577,Express,2026-09-21,12,CAN,KGQ,69,82,13,86.10000000000002,7,2026-09-21T18:02:11+05:30,2026-09-21T19:23:50+05:30
19577,Express,2026-09-21,13,KGQ,MAJN,50,30,-20,47.200000000000045,26,2026-09-21T19:31:10+05:30,2026-09-21T20:00:47+05:30
19577,Express,2026-09-21,14,UD,KAWR,188,197,9,190.80000000000007,6,2026-09-21T21:58:08+05:30,2026-09-22T01:14:49+05:30
19577,Express,2026-09-21,15,KAWR,MAO,73,71,-2,60.299999999999955,18,2026-09-22T01:19:39+05:30,2026-09-22T02:30:46+05:30
19577,Express,2026-09-21,16,MAO,RN,330,321,-9,236.20000000000005,22,2026-09-22T02:47:17+05:30,2026-09-22T08:08:09+05:30
19577,Express,2026-09-21,17,RN,SGR,48,43,-5,32.799999999999955,27,2026-09-22T08:27:27+05:30,2026-09-22T09:10:01+05:30
19577,Express,2026-09-21,18,SGR,PNVL,262,272,10,245.4000000000001,27,2026-09-22T09:16:47+05:30,2026-09-22T13:48:36+05:30
19577,Express,2026-09-21,19,PNVL,BSR,115,98,-17,72.19999999999982,48,2026-09-22T14:02:36+05:30,2026-09-22T15:40:40+05:30
19577,Express,2026-09-21,20,BSR,BOR,45,29,-16,50.700000000000045,33,2026-09-22T15:48:17+05:30,2026-09-22T16:17:04+05:30
19577,Express,2026-09-21,21,BOR,VAPI,52,38,-14,70.29999999999995,22,2026-09-22T16:23:31+05:30,2026-09-22T17:01:16+05:30
19577,Express,2026-09-21,22,VAPI,ST,92,82,-10,95.0,13,2026-09-22T17:09:25+05:30,2026-09-22T18:31:39+05:30
19577,Express,2026-09-21,23,ST,AKV,48,52,4,50.0,11,2026-09-22T18:44:29+05:30,2026-09-22T19:36:31+05:30
22209,Premium,2026-09-18,0,MMCT,BRC,256,267,11,393.2,2,2026-09-18T23:12:00+05:30,2026-09-19T03:39:00+05:30
22209,Premium,2026-09-18,1,BRC,RTM,204,191,-13,260.40000000000003,9,2026-09-19T03:45:00+05:30,2026-09-19T06:56:00+05:30
22209,Premium,2026-09-18,2,RTM,KOTA,175,167,-8,269.19999999999993,2,2026-09-19T07:07:00+05:30,2026-09-19T09:54:00+05:30
22209,Premium,2026-09-18,3,KOTA,NZM,345,358,13,458.4000000000001,2,2026-09-19T10:07:00+05:30,2026-09-19T16:05:00+05:30
22209,Premium,2026-09-21,0,MMCT,BRC,256,260,4,393.2,4,2026-09-21T23:14:00+05:30,2026-09-22T03:34:00+05:30
22209,Premium,2026-09-21,1,BRC,RTM,204,207,3,260.40000000000003,6,2026-09-22T03:42:00+05:30,2026-09-22T07:09:00+05:30
22209,Premium,2026-09-21,2,RTM,KOTA,175,173,-2,269.19999999999993,16,2026-09-22T07:21:00+05:30,2026-09-22T10:14:00+05:30
22209,Premium,2026-09-21,3,KOTA,NZM,345,347,2,458.4000000000001,18,2026-09-22T10:23:00+05:30,2026-09-22T16:10:00+05:30
22210,Premium,2026-09-19,0,NZM,KOTA,325,312,-13,458.4,0,2026-09-19T22:15:00+05:30,2026-09-20T03:27:00+05:30
22210,Premium,2026-09-19,1,KOTA,RTM,190,180,-10,266.80000000000007,1,2026-09-20T03:51:00+05:30,2026-09-20T06:51:00+05:30
22210,Premium,2026-09-19,2,RTM,BRC,208,219,11,262.79999999999995,0,2026-09-20T07:05:00+05:30,2026-09-20T10:44:00+05:30
22210,Premium,2026-09-19,3,BRC,MMCT,307,294,-13,393.20000000000005,7,2026-09-20T10:50:00+05:30,2026-09-20T15:44:00+05:30
22413,Premium,2026-09-20,0,MAO,THVM,46,62,16,46.0,1,2026-09-20T08:01:00+05:30,2026-09-20T09:03:00+05:30
22413,Premium,2026-09-20,1,THVM,KUDL,62,67,5,50.5,17,2026-09-20T09:05:00+05:30,2026-09-20T10:12:00+05:30
22413,Premium,2026-09-20,2,KUDL,RN,168,191,23,139.7,22,2026-09-20T10:14:00+05:30,2026-09-20T13:25:00+05:30
22413,Premium,2026-09-20,3,RN,PNVL,307,279,-28,278.3,45,2026-09-20T13:30:00+05:30,2026-09-20T18:09:00+05:30
22413,Premium,2026-09-20,4,PNVL,BSR,95,71,-24,72.10000000000002,23,2026-09-20T18:18:00+05:30,2026-09-20T19:29:00+05:30
22413,Premium,2026-09-20,5,ST,BRC,93,103,10,129.69999999999993,1,2026-09-20T22:19:00+05:30,2026-09-21T00:02:00+05:30
22413,Premium,2026-09-20,6,BRC,RTM,228,220,-8,260.4000000000001,12,2026-09-21T00:11:00+05:30,2026-09-21T03:51:00+05:30
22413,Premium,2026-09-20,7,RTM,KOTA,175,181,6,269.20000000000005,5,2026-09-21T03:55:00+05:30,2026-09-21T06:56:00+05:30
22413,Premium,2026-09-21,0,MAO,THVM,46,65,19,46.0,1,2026-09-21T08:01:00+05:30,2026-09-21T09:06:00+05:30
22413,Premium,2026-09-21,1,THVM,KUDL,62,50,-12,50.5,21,2026-09-21T09:09:00+05:30,2026-09-21T09:59:00+05:30
22413,Premium,2026-09-21,2,KUDL,RN,168,214,46,139.7,12,2026-09-21T10:04:00+05:30,2026-09-21T13:38:00+05:30
22413,Premium,2026-09-21,3,RN,PNVL,307,292,-15,278.3,59,2026-09-21T13:44:00+05:30,2026-09-21T18:36:00+05:30
22413,Premium,2026-09-21,4,PNVL,BSR,95,71,-24,72.10000000000002,49,2026-09-21T18:44:00+05:30,2026-09-21T19:55:00+05:30
22413,Premium,2026-09-21,5,BSR,ST,160,161,1,216.0,26,2026-09-21T20:01:00+05:30,2026-09-21T22:42:00+05:30
22413,Premium,2026-09-21,6,ST,BRC,93,87,-6,129.69999999999993,27,2026-09-21T22:45:00+05:30,2026-09-22T00:12:00+05:30
22413,Premium,2026-09-21,7,BRC,RTM,228,221,-7,260.4000000000001,22,2026-09-22T00:21:00+05:30,2026-09-22T04:02:00+05:30
22413,Premium,2026-09-21,8,RTM,KOTA,175,178,3,269.20000000000005,17,2026-09-22T04:07:00+05:30,2026-09-22T07:05:00+05:30
22413,Premium,2026-09-21,9,KOTA,NZM,335,309,-26,458.39999999999986,20,2026-09-22T07:15:00+05:30,2026-09-22T12:24:00+05:30
22414,Premium,2026-09-18,0,NZM,KOTA,269,275,6,458.4,14,2026-09-18T06:30:00+05:30,2026-09-18T11:05:00+05:30
22414,Premium,2026-09-18,1,KOTA,RTM,187,168,-19,266.80000000000007,21,2026-09-18T11:16:00+05:30,2026-09-18T14:04:00+05:30
22414,Premium,2026-09-18,2,RTM,BRC,202,210,8,262.79999999999995,3,2026-09-18T14:08:00+05:30,2026-09-18T17:38:00+05:30
22414,Premium,2026-09-18,3,BRC,ST,97,96,-1,129.70000000000005,8,2026-09-18T17:45:00+05:30,2026-09-18T19:21:00+05:30
22414,Premium,2026-09-18,4,ST,BSR,143,141,-2,216.0,11,2026-09-18T19:28:00+05:30,2026-09-18T21:49:00+05:30
22414,Premium,2026-09-18,5,BSR,PNVL,72,73,1,72.20000000000005,11,2026-09-18T21:56:00+05:30,2026-09-18T23:09:00+05:30
22414,Premium,2026-09-18,6,PNVL,RN,290,309,19,278.1999999999998,19,2026-09-18T23:19:00+05:30,2026-09-19T04:28:00+05:30
22414,Premium,2026-09-18,7,RN,KUDL,127,137,10,139.80000000000018,38,2026-09-19T04:33:00+05:30,2026-09-19T06:50:00+05:30
22414,Premium,2026-09-18,8,KUDL,THVM,52,47,-5,50.399999999999864,48,2026-09-19T06:52:00+05:30,2026-09-19T07:39:00+05:30
22414,Premium,2026-09-18,9,THVM,MAO,97,58,-39,46.0,46,2026-09-19T07:44:00+05:30,2026-09-19T08:42:00+05:30
22414,Premium,2026-09-19,0,NZM,KOTA,269,293,24,458.4,1,2026-09-19T06:17:00+05:30,2026-09-19T11:10:00+05:30
22414,Premium,2026-09-19,1,KOTA,RTM,187,163,-24,266.80000000000007,26,2026-09-19T11:21:00+05:30,2026-09-19T14:04:00+05:30
22414,Premium,2026-09-19,2,RTM,BRC,202,201,-1,262.79999999999995,3,2026-09-19T14:08:00+05:30,2026-09-19T17:29:00+05:30
22414,Premium,2026-09-19,3,BRC,ST,97,98,1,129.70000000000005,0,2026-09-19T17:37:00+05:30,2026-09-19T19:15:00+05:30
22414,Premium,2026-09-19,4,ST,BSR,143,157,14,216.0,2,2026-09-19T19:19:00+05:30,2026-09-19T21:56:00+05:30
22414,Premium,2026-09-19,5,BSR,PNVL,72,75,3,72.20000000000005,16,2026-09-19T22:01:00+05:30,2026-09-19T23:16:00+05:30
22414,Premium,2026-09-19,6,PNVL,RN,290,369,79,278.1999999999998,22,2026-09-19T23:22:00+05:30,2026-09-20T05:31:00+05:30
22414,Premium,2026-09-19,7,RN,KUDL,127,141,14,139.80000000000018,107,2026-09-20T05:42:00+05:30,2026-09-20T08:03:00+05:30
22414,Premium,2026-09-19,8,KUDL,THVM,52,45,-7,50.399999999999864,121,2026-09-20T08:05:00+05:30,2026-09-20T08:50:00+05:30
22414,Premium,2026-09-19,9,THVM,MAO,97,52,-45,46.0,127,2026-09-20T09:05:00+05:30,2026-09-20T09:57:00+05:30
22633,Express,2026-09-23,0,TVC,QLN,53,50,-3,64.7,8,2026-09-23T14:47:34+05:30,2026-09-23T15:37:35+05:30
22633,Express,2026-09-23,1,QLN,KYJ,32,31,-1,40.7,10,2026-09-23T15:45:31+05:30,2026-09-23T16:16:24+05:30
22633,Express,2026-09-23,2,KYJ,ALLP,42,30,-12,43.5,16,2026-09-23T16:25:30+05:30,2026-09-23T16:55:16+05:30
22633,Express,2026-09-23,3,ALLP,ERS,90,64,-26,57.0,4,2026-09-23T16:59:24+05:30,2026-09-23T18:03:09+05:30
22633,Express,2026-09-23,4,AWY,TCR,48,50,2,54.89999999999998,4,2026-09-23T19:19:30+05:30,2026-09-23T20:09:32+05:30
22633,Express,2026-09-23,5,TCR,SRR,48,31,-17,32.80000000000001,13,2026-09-23T20:20:18+05:30,2026-09-23T20:51:07+05:30
22633,Express,2026-09-23,6,SRR,CLT,77,73,-4,88.39999999999998,14,2026-09-23T21:14:24+05:30,2026-09-23T22:27:45+05:30
22633,Express,2026-09-23,7,CLT,CAN,77,59,-18,89.40000000000003,18,2026-09-23T22:38:22+05:30,2026-09-23T23:37:13+05:30
22634,Express,2026-09-18,0,NZM,MTJ,100,101,1,133.9,11,2026-09-18T22:26:26+05:30,2026-09-19T00:07:46+05:30
22634,Express,2026-09-18,1,MTJ,BTE,23,17,-6,33.599999999999994,21,2026-09-19T00:17:47+05:30,2026-09-19T00:35:14+05:30
22634,Express,2026-09-18,2,BTE,SWM,121,116,-5,183.10000000000002,23,2026-09-19T00:45:00+05:30,2026-09-19T02:41:23+05:30
22634,Express,2026-09-18,3,SWM,KOTA,75,67,-8,107.79999999999995,27,2026-09-19T02:51:32+05:30,2026-09-19T03:58:20+05:30
22634,Express,2026-09-18,4,KOTA,RTM,190,176,-14,266.80000000000007,29,2026-09-19T04:19:28+05:30,2026-09-19T07:15:31+05:30
22634,Express,2026-09-18,5,BRC,ST,100,92,-8,129.70000000000005,13,2026-09-19T11:10:26+05:30,2026-09-19T12:42:09+05:30
22634,Express,2026-09-18,6,ST,BSR,163,152,-11,216.0,13,2026-09-19T12:54:48+05:30,2026-09-19T15:27:10+05:30
22634,Express,2026-09-18,7,BSR,PNVL,77,73,-4,72.20000000000005,12,2026-09-19T15:41:45+05:30,2026-09-19T16:54:58+05:30
22634,Express,2026-09-18,8,PNVL,CHI,212,273,61,202.5,18,2026-09-19T17:07:32+05:30,2026-09-19T21:40:29+05:30
22634,Express,2026-09-18,9,CHI,RN,101,126,25,75.69999999999982,87,2026-09-19T21:50:33+05:30,2026-09-19T23:56:05+05:30
22634,Express,2026-09-18,10,RN,SNDD,158,113,-45,129.20000000000005,154,2026-09-20T00:44:19+05:30,2026-09-20T02:37:10+05:30
22634,Express,2026-09-18,11,SNDD,PERN,55,48,-7,50.0,111,2026-09-20T02:40:41+05:30,2026-09-20T03:28:38+05:30
22634,Express,2026-09-18,12,PERN,MAO,83,88,6,57.0,112,2026-09-20T03:38:36+05:30,2026-09-20T05:07:06+05:30
22634,Express,2026-09-18,13,MAO,KAWR,58,83,25,60.299999999999955,119,2026-09-20T05:18:43+05:30,2026-09-20T06:42:06+05:30
22634,Express,2026-09-18,14,KAWR,UD,220,168,-52,190.80000000000018,149,2026-09-20T06:49:13+05:30,2026-09-20T09:36:54+05:30
22634,Express,2026-09-18,15,UD,MAJN,103,71,-32,62.79999999999973,104,2026-09-20T09:45:43+05:30,2026-09-20T10:56:45+05:30
22634,Express,2026-09-18,16,MAJN,KGQ,39,35,-4,47.20000000000027,76,2026-09-20T11:06:12+05:30,2026-09-20T11:41:07+05:30
22634,Express,2026-09-18,17,KGQ,CAN,77,49,-28,85.90000000000009,73,2026-09-20T11:43:16+05:30,2026-09-20T12:32:00+05:30
22634,Express,2026-09-18,18,CAN,CLT,82,60,-22,89.5,49,2026-09-20T12:39:29+05:30,2026-09-20T13:39:29+05:30
22634,Express,2026-09-18,19,CLT,SRR,105,57,-48,86.09999999999991,51,2026-09-20T14:06:21+05:30,2026-09-20T15:03:39+05:30
22634,Express,2026-09-18,20,TCR,AWY,58,44,-14,54.80000000000018,18,2026-09-20T16:18:15+05:30,2026-09-20T17:02:38+05:30
22653,Express,2026-09-18,0,TVC,QLN,50,43,-7,64.7,11,2026-09-18T22:10:39+05:30,2026-09-18T22:53:29+05:30
22653,Express,2026-09-18,1,QLN,KYJ,32,27,-5,40.7,15,2026-09-18T23:07:35+05:30,2026-09-18T23:34:43+05:30
22653,Express,2026-09-18,2,KYJ,CNGR,16,18,2,20.0,19,2026-09-18T23:46:22+05:30,2026-09-19T00:03:57+05:30
22653,Express,2026-09-18,3,CNGR,CGY,16,13,-3,17.0,24,2026-09-19T00:09:10+05:30,2026-09-19T00:21:54+05:30
22653,Express,2026-09-18,4,CGY,KTYM,13,13,0,18.0,27,2026-09-19T00:28:51+05:30,2026-09-19T00:41:22+05:30
22653,Express,2026-09-18,5,KTYM,ERN,67,66,-1,61.29999999999998,35,2026-09-19T00:53:03+05:30,2026-09-19T01:59:06+05:30
22653,Express,2026-09-18,6,ERN,TCR,77,83,6,71.80000000000001,38,2026-09-19T02:08:22+05:30,2026-09-19T03:31:08+05:30
22653,Express,2026-09-18,7,TCR,SRR,80,27,-53,32.69999999999999,47,2026-09-19T03:36:39+05:30,2026-09-19T04:03:19+05:30
22653,Express,2026-09-18,8,SRR,CLT,82,79,-3,88.5,10,2026-09-19T04:24:31+05:30,2026-09-19T05:43:36+05:30
22653,Express,2026-09-18,9,CLT,CAN,82,71,-11,89.40000000000003,15,2026-09-19T05:55:25+05:30,2026-09-19T07:06:49+05:30
22653,Express,2026-09-18,10,CAN,MAJN,140,128,-12,133.29999999999995,10,2026-09-19T07:15:26+05:30,2026-09-19T09:23:48+05:30
22653,Express,2026-09-18,11,UD,KUDA,34,39,5,32.0,3,2026-09-19T11:05:21+05:30,2026-09-19T11:44:24+05:30
22653,Express,2026-09-18,12,KUDA,KAWR,152,140,-12,158.79999999999995,15,2026-09-19T11:52:35+05:30,2026-09-19T14:12:33+05:30
22653,Express,2026-09-18,13,KAWR,MAO,88,83,-5,60.299999999999955,7,2026-09-19T14:18:45+05:30,2026-09-19T15:42:06+05:30
22653,Express,2026-09-18,14,MAO,KRMI,28,53,25,28.600000000000023,9,2026-09-19T15:59:27+05:30,2026-09-19T16:52:22+05:30
22653,Express,2026-09-18,15,KRMI,RN,240,233,-7,207.60000000000002,48,2026-09-19T17:07:32+05:30,2026-09-19T21:00:26+05:30
22653,Express,2026-09-18,16,RN,PNVL,372,336,-36,278.20000000000005,53,2026-09-19T21:17:38+05:30,2026-09-20T02:53:51+05:30
22653,Express,2026-09-18,17,PNVL,BSR,120,102,-18,72.20000000000005,22,2026-09-20T03:02:22+05:30,2026-09-20T04:44:23+05:30
22653,Express,2026-09-18,18,BSR,DRD,55,61,6,72.5,6,2026-09-20T04:51:28+05:30,2026-09-20T05:52:21+05:30
22653,Express,2026-09-18,19,DRD,VAPI,28,26,-2,48.5,15,2026-09-20T05:56:56+05:30,2026-09-20T06:23:10+05:30
22653,Express,2026-09-18,20,VAPI,ST,78,57,-21,95.0,18,2026-09-20T06:30:25+05:30,2026-09-20T07:27:01+05:30
22653,Express,2026-09-18,21,ST,BH,39,34,-5,59.09999999999991,5,2026-09-20T07:39:32+05:30,2026-09-20T08:13:30+05:30
22653,Express,2026-09-18,22,BRC,RTM,215,208,-7,260.3000000000002,8,2026-09-20T09:27:54+05:30,2026-09-20T12:56:21+05:30
22653,Express,2026-09-18,23,RTM,KOTA,195,179,-16,269.2999999999997,3,2026-09-20T13:08:07+05:30,2026-09-20T16:07:08+05:30
22653,Express,2026-09-18,24,KOTA,SWM,73,75,2,107.80000000000018,0,2026-09-20T16:30:00+05:30,2026-09-20T17:45:08+05:30
22654,Express,2026-09-21,0,NZM,MTJ,90,89,-1,133.9,8,2026-09-21T05:07:40+05:30,2026-09-21T06:37:03+05:30
22654,Express,2026-09-21,1,MTJ,BTE,23,22,-1,33.599999999999994,11,2026-09-21T06:46:14+05:30,2026-09-21T07:07:49+05:30
22654,Express,2026-09-21,2,BTE,SWM,113,130,17,183.10000000000002,15,2026-09-21T07:14:58+05:30,2026-09-21T09:24:50+05:30
22654,Express,2026-09-21,3,SWM,KOTA,95,104,9,107.79999999999995,41,2026-09-21T09:35:44+05:30,2026-09-21T11:20:08+05:30
22654,Express,2026-09-21,4,KOTA,RTM,235,188,-47,266.80000000000007,60,2026-09-21T11:39:37+05:30,2026-09-21T14:47:36+05:30
22654,Express,2026-09-21,5,BRC,BH,47,39,-8,70.59999999999991,25,2026-09-21T18:45:00+05:30,2026-09-21T19:23:46+05:30
22654,Express,2026-09-21,6,BH,ST,44,32,-12,59.100000000000136,21,2026-09-21T19:30:25+05:30,2026-09-21T20:02:33+05:30
22654,Express,2026-09-21,7,ST,VAPI,70,67,-3,95.0,13,2026-09-21T20:11:10+05:30,2026-09-21T21:17:53+05:30
22654,Express,2026-09-21,8,VAPI,DRD,23,33,10,48.5,10,2026-09-21T21:20:01+05:30,2026-09-21T21:52:57+05:30
22654,Express,2026-09-21,9,DRD,BSR,65,55,-10,72.5,22,2026-09-21T21:56:46+05:30,2026-09-21T22:51:40+05:30
22654,Express,2026-09-21,10,BSR,PNVL,87,76,-11,72.20000000000005,23,2026-09-21T23:07:51+05:30,2026-09-22T00:23:44+05:30
22654,Express,2026-09-21,11,PNVL,RN,365,406,41,278.1999999999998,17,2026-09-22T00:32:27+05:30,2026-09-22T07:18:26+05:30
22654,Express,2026-09-21,12,RN,KRMI,275,285,10,207.60000000000014,80,2026-09-22T07:45:25+05:30,2026-09-22T12:30:36+05:30
22654,Express,2026-09-21,13,KRMI,MAO,88,34,-54,28.59999999999991,93,2026-09-22T12:34:42+05:30,2026-09-22T13:08:30+05:30
22654,Express,2026-09-21,14,MAO,KAWR,48,58,10,60.299999999999955,54,2026-09-22T13:33:52+05:30,2026-09-22T14:31:54+05:30
22654,Express,2026-09-21,15,KAWR,KUDA,150,122,-28,158.80000000000018,76,2026-09-22T14:46:17+05:30,2026-09-22T16:48:27+05:30
22654,Express,2026-09-21,16,KUDA,UD,28,20,-8,32.0,56,2026-09-22T16:58:29+05:30,2026-09-22T17:18:24+05:30
22654,Express,2026-09-21,17,UD,MAJN,103,59,-44,62.79999999999973,52,2026-09-22T17:23:54+05:30,2026-09-22T18:22:25+05:30
22654,Express,2026-09-21,18,MAJN,CAN,82,115,33,133.10000000000036,11,2026-09-22T18:31:14+05:30,2026-09-22T20:26:30+05:30
22655,Express,2026-09-23,0,TCR,SRR,55,32,-23,32.8,26,2026-09-23T03:40:34+05:30,2026-09-23T04:12:06+05:30
22655,Express,2026-09-23,1,SRR,CLT,82,80,-2,88.5,18,2026-09-23T04:32:48+05:30,2026-09-23T05:52:46+05:30
22655,Express,2026-09-23,2,CLT,CAN,82,62,-20,89.29999999999998,25,2026-09-23T06:05:12+05:30,2026-09-23T07:07:27+05:30
22655,Express,2026-09-23,3,CAN,MAJN,140,147,7,133.3,12,2026-09-23T07:16:52+05:30,2026-09-23T09:44:09+05:30
22655,Express,2026-09-23,4,UD,KUDA,34,27,-7,32.0,45,2026-09-23T11:47:01+05:30,2026-09-23T12:13:40+05:30
22655,Express,2026-09-23,5,KUDA,KAWR,152,148,-4,158.69999999999993,61,2026-09-23T12:39:16+05:30,2026-09-23T15:07:01+05:30
22655,Express,2026-09-23,6,KAWR,MAO,88,65,-23,60.30000000000007,59,2026-09-23T15:11:00+05:30,2026-09-23T16:16:14+05:30
22655,Express,2026-09-23,7,MAO,KRMI,28,40,12,28.600000000000023,42,2026-09-23T16:31:55+05:30,2026-09-23T17:11:25+05:30
22655,Express,2026-09-23,8,KRMI,SNDD,90,65,-25,78.39999999999998,60,2026-09-23T17:19:49+05:30,2026-09-23T18:24:40+05:30
22655,Express,2026-09-23,9,SNDD,RN,148,154,6,129.19999999999993,64,2026-09-23T18:55:50+05:30,2026-09-23T21:30:12+05:30
22656,Express,2026-09-18,0,NZM,MTJ,90,118,28,133.9,115,2026-09-18T06:55:00+05:30,2026-09-18T08:53:00+05:30
22656,Express,2026-09-18,1,MTJ,BTE,23,26,3,33.599999999999994,142,2026-09-18T08:57:00+05:30,2026-09-18T09:23:00+05:30
22656,Express,2026-09-18,2,BTE,SWM,113,136,23,183.10000000000002,145,2026-09-18T09:25:00+05:30,2026-09-18T11:41:00+05:30
22656,Express,2026-09-18,3,SWM,KOTA,95,69,-26,107.79999999999995,171,2026-09-18T11:46:00+05:30,2026-09-18T12:55:00+05:30
22656,Express,2026-09-18,4,KOTA,RTM,235,177,-58,266.80000000000007,149,2026-09-18T13:09:00+05:30,2026-09-18T16:06:00+05:30
22656,Express,2026-09-18,5,RTM,BRC,210,235,25,262.79999999999995,93,2026-09-18T16:13:00+05:30,2026-09-18T20:08:00+05:30
22656,Express,2026-09-18,6,BRC,BH,47,54,7,70.59999999999991,113,2026-09-18T20:13:00+05:30,2026-09-18T21:07:00+05:30
22656,Express,2026-09-18,7,BH,ST,44,42,-2,59.100000000000136,120,2026-09-18T21:09:00+05:30,2026-09-18T21:51:00+05:30
22656,Express,2026-09-18,8,ST,VAPI,70,170,100,95.0,118,2026-09-18T21:56:00+05:30,2026-09-19T00:46:00+05:30
22656,Express,2026-09-18,9,VAPI,DRD,23,71,48,48.5,229,2026-09-19T00:59:00+05:30,2026-09-19T02:10:00+05:30
22656,Express,2026-09-18,10,BSR,PNVL,87,73,-14,72.20000000000005,284,2026-09-19T03:29:00+05:30,2026-09-19T04:42:00+05:30
22656,Express,2026-09-18,11,PNVL,RN,365,350,-15,278.1999999999998,274,2026-09-19T04:49:00+05:30,2026-09-19T10:39:00+05:30
22656,Express,2026-09-18,12,RN,SNDD,145,176,31,129.20000000000005,291,2026-09-19T11:16:00+05:30,2026-09-19T14:12:00+05:30
22656,Express,2026-09-18,13,SNDD,KRMI,128,91,-37,78.40000000000009,325,2026-09-19T14:17:00+05:30,2026-09-19T15:48:00+05:30
22656,Express,2026-09-18,14,KRMI,MAO,88,34,-54,28.59999999999991,291,2026-09-19T15:53:00+05:30,2026-09-19T16:27:00+05:30
22656,Express,2026-09-18,15,MAO,KAWR,48,66,18,60.299999999999955,271,2026-09-19T17:11:00+05:30,2026-09-19T18:17:00+05:30
22656,Express,2026-09-18,16,KUDA,UD,28,26,-2,32.0,343,2026-09-19T21:45:00+05:30,2026-09-19T22:11:00+05:30
22656,Express,2026-09-18,17,MAJN,CAN,82,93,11,133.10000000000036,321,2026-09-19T23:41:00+05:30,2026-09-20T01:14:00+05:30
22656,Express,2026-09-18,18,CAN,CLT,82,80,-2,89.5,334,2026-09-20T01:19:00+05:30,2026-09-20T02:39:00+05:30
22656,Express,2026-09-18,19,CLT,SRR,135,73,-62,86.09999999999991,333,2026-09-20T02:43:00+05:30,2026-09-20T03:56:00+05:30
22656,Express,2026-09-18,20,SRR,TCR,47,40,-7,35.19999999999982,279,2026-09-20T04:09:00+05:30,2026-09-20T04:49:00+05:30
22656,Express,2026-09-18,21,TCR,ERS,135,75,-60,74.30000000000018,272,2026-09-20T04:52:00+05:30,2026-09-20T06:07:00+05:30
22659,Express,2026-09-18,0,TVCN,QLN,52,88,36,57.5,1,2026-09-18T04:51:00+05:30,2026-09-18T06:19:00+05:30
22659,Express,2026-09-18,1,QLN,ALLP,107,84,-23,84.19999999999999,37,2026-09-18T06:22:00+05:30,2026-09-18T07:46:00+05:30
22659,Express,2026-09-18,2,ALLP,ERS,120,97,-23,57.0,15,2026-09-18T07:50:00+05:30,2026-09-18T09:27:00+05:30
22659,Express,2026-09-18,3,ERS,TCR,87,82,-5,74.30000000000001,6,2026-09-18T09:46:00+05:30,2026-09-18T11:08:00+05:30
22659,Express,2026-09-18,4,TCR,SRR,50,49,-1,32.80000000000001,0,2026-09-18T11:10:00+05:30,2026-09-18T11:59:00+05:30
22659,Express,2026-09-18,5,SRR,CLT,77,83,6,88.39999999999998,7,2026-09-18T12:12:00+05:30,2026-09-18T13:35:00+05:30
22659,Express,2026-09-18,6,CLT,CAN,77,79,2,89.40000000000003,14,2026-09-18T13:39:00+05:30,2026-09-18T14:58:00+05:30
22659,Express,2026-09-18,7,CAN,KGQ,63,71,8,86.10000000000002,18,2026-09-18T15:03:00+05:30,2026-09-18T16:14:00+05:30
22659,Express,2026-09-18,8,KGQ,MAJN,70,55,-15,47.19999999999993,27,2026-09-18T16:17:00+05:30,2026-09-18T17:12:00+05:30
22659,Express,2026-09-18,9,MAJN,UD,110,105,-5,62.80000000000007,12,2026-09-18T17:22:00+05:30,2026-09-18T19:07:00+05:30
22659,Express,2026-09-18,10,UD,MAO,268,281,13,251.0999999999999,41,2026-09-18T19:43:00+05:30,2026-09-19T00:24:00+05:30
22659,Express,2026-09-18,11,MAO,RN,310,277,-33,236.20000000000005,57,2026-09-19T00:37:00+05:30,2026-09-19T05:14:00+05:30
22659,Express,2026-09-18,12,RN,PNVL,337,306,-31,278.20000000000005,24,2026-09-19T05:19:00+05:30,2026-09-19T10:25:00+05:30
22659,Express,2026-09-18,13,PNVL,BSR,120,114,-6,72.20000000000005,0,2026-09-19T10:35:00+05:30,2026-09-19T12:29:00+05:30
22659,Express,2026-09-18,14,BSR,PLG,33,42,9,39.399999999999864,23,2026-09-19T13:03:00+05:30,2026-09-19T13:45:00+05:30
22659,Express,2026-09-18,15,PLG,ST,128,117,-11,176.60000000000014,32,2026-09-19T13:47:00+05:30,2026-09-19T15:44:00+05:30
22659,Express,2026-09-18,16,ST,BRC,96,97,1,129.69999999999982,19,2026-09-19T15:47:00+05:30,2026-09-19T17:24:00+05:30
22659,Express,2026-09-18,17,BRC,RTM,216,215,-1,260.4000000000001,16,2026-09-19T17:28:00+05:30,2026-09-19T21:03:00+05:30
22659,Express,2026-09-18,18,RTM,KOTA,177,182,5,269.1999999999998,20,2026-09-19T21:13:00+05:30,2026-09-20T00:15:00+05:30
22659,Express,2026-09-18,19,NZM,GZB,46,63,17,27.0,14,2026-09-20T06:14:00+05:30,2026-09-20T07:17:00+05:30
22659,Express,2026-09-18,20,GZB,MTC,58,78,20,47.30000000000018,32,2026-09-20T07:20:00+05:30,2026-09-20T08:38:00+05:30
22659,Express,2026-09-18,21,MOZ,TPZ,109,44,-65,51.59999999999991,53,2026-09-20T09:27:00+05:30,2026-09-20T10:11:00+05:30
22659,Express,2026-09-18,22,TPZ,RK,57,42,-15,43.09999999999991,0,2026-09-20T10:25:00+05:30,2026-09-20T11:07:00+05:30
22659,Express,2026-09-18,23,RK,HW,68,71,3,41.5,0,2026-09-20T11:27:00+05:30,2026-09-20T12:38:00+05:30
22659,Express,2026-09-18,24,HW,VRH,28,30,2,17.700000000000273,0,2026-09-20T12:45:00+05:30,2026-09-20T13:15:00+05:30
22659,Express,2026-09-18,25,VRH,YNRK,25,13,-12,4.699999999999818,2,2026-09-20T13:17:00+05:30,2026-09-20T13:30:00+05:30
22660,Express,2026-09-21,0,YNRK,VRH,21,2,-19,4.7,11,2026-09-21T06:25:32+05:30,2026-09-21T06:27:20+05:30
22660,Express,2026-09-21,1,VRH,HW,57,19,-38,17.7,12,2026-09-21T06:49:55+05:30,2026-09-21T07:08:49+05:30
22660,Express,2026-09-21,2,HW,RK,44,38,-6,41.6,5,2026-09-21T07:49:49+05:30,2026-09-21T08:27:24+05:30
22660,Express,2026-09-21,3,RK,TPZ,64,43,-21,43.0,5,2026-09-21T08:38:46+05:30,2026-09-21T09:22:02+05:30
22660,Express,2026-09-21,4,TPZ,DBD,21,15,-6,27.69999999999999,9,2026-09-21T09:49:20+05:30,2026-09-21T10:04:23+05:30
22660,Express,2026-09-21,5,DBD,MOZ,18,11,-7,23.900000000000006,7,2026-09-21T10:09:36+05:30,2026-09-21T10:20:34+05:30
22660,Express,2026-09-21,6,MOZ,MTC,37,42,5,55.599999999999994,4,2026-09-21T10:27:15+05:30,2026-09-21T11:09:42+05:30
22660,Express,2026-09-21,7,MTC,GZB,66,45,-21,47.30000000000001,19,2026-09-21T11:20:48+05:30,2026-09-21T12:06:07+05:30
22660,Express,2026-09-21,8,GZB,NZM,50,29,-21,27.0,27,2026-09-21T12:37:22+05:30,2026-09-21T13:06:18+05:30
22660,Express,2026-09-21,9,NZM,KOTA,285,297,12,458.5,14,2026-09-21T13:33:58+05:30,2026-09-21T18:31:15+05:30
22660,Express,2026-09-21,10,KOTA,RTM,195,162,-33,266.70000000000005,30,2026-09-21T18:45:17+05:30,2026-09-21T21:27:29+05:30
22660,Express,2026-09-21,11,BRC,ST,97,92,-5,129.60000000000014,8,2026-09-22T01:30:37+05:30,2026-09-22T03:03:02+05:30
22660,Express,2026-09-21,12,ST,PLG,118,125,7,176.5999999999999,7,2026-09-22T03:12:01+05:30,2026-09-22T05:16:40+05:30
22660,Express,2026-09-21,13,PLG,BSR,50,38,-12,39.40000000000009,22,2026-09-22T05:27:08+05:30,2026-09-22T06:05:34+05:30
22660,Express,2026-09-21,14,BSR,PNVL,87,83,-4,72.20000000000005,23,2026-09-22T06:22:38+05:30,2026-09-22T07:45:59+05:30
22660,Express,2026-09-21,15,PNVL,RN,350,436,86,278.1999999999998,27,2026-09-22T07:56:49+05:30,2026-09-22T15:13:19+05:30
22917,Express,2026-09-23,0,BDTS,BVI,27,18,-9,18.4,6,2026-09-23T12:50:59+05:30,2026-09-23T13:08:45+05:30
22917,Express,2026-09-23,1,BVI,BOR,48,52,4,68.30000000000001,12,2026-09-23T13:26:38+05:30,2026-09-23T14:18:13+05:30
22917,Express,2026-09-23,2,BOR,VAPI,48,38,-10,70.3,19,2026-09-23T14:23:42+05:30,2026-09-23T15:01:48+05:30
22917,Express,2026-09-23,3,VAPI,BL,23,18,-5,26.19999999999999,10,2026-09-23T15:04:59+05:30,2026-09-23T15:23:21+05:30
22917,Express,2026-09-23,4,BL,NVS,28,19,-9,39.20000000000002,10,2026-09-23T15:30:29+05:30,2026-09-23T15:49:23+05:30
22917,Express,2026-09-23,5,NVS,ST,35,26,-9,29.599999999999994,7,2026-09-23T15:57:29+05:30,2026-09-23T16:23:37+05:30
22917,Express,2026-09-23,6,ST,BH,39,66,27,59.10000000000002,0,2026-09-23T16:30:17+05:30,2026-09-23T17:36:03+05:30
22917,Express,2026-09-23,7,BRC,RTM,230,235,5,260.4,3,2026-09-23T18:48:24+05:30,2026-09-23T22:43:19+05:30
22918,Express,2026-09-17,0,HW,RK,38,63,25,41.5,1,2026-09-17T17:21:00+05:30,2026-09-17T18:24:00+05:30
22918,Express,2026-09-17,1,RK,TPZ,58,33,-25,43.0,28,2026-09-17T18:28:00+05:30,2026-09-17T19:01:00+05:30
22918,Express,2026-09-17,2,TPZ,MOZ,35,34,-1,51.69999999999999,3,2026-09-17T19:03:00+05:30,2026-09-17T19:37:00+05:30
22918,Express,2026-09-17,3,MOZ,MTC,38,46,8,55.60000000000002,2,2026-09-17T19:39:00+05:30,2026-09-17T20:25:00+05:30
22918,Express,2026-09-17,4,MTC,GZB,61,85,24,47.19999999999999,13,2026-09-17T20:30:00+05:30,2026-09-17T21:55:00+05:30
22918,Express,2026-09-17,5,GZB,NZM,40,35,-5,27.100000000000023,37,2026-09-17T21:57:00+05:30,2026-09-17T22:32:00+05:30
22918,Express,2026-09-17,6,NZM,MTJ,100,144,44,133.89999999999998,29,2026-09-17T22:44:00+05:30,2026-09-18T01:08:00+05:30
22918,Express,2026-09-17,7,MTJ,BTE,23,26,3,33.60000000000002,74,2026-09-18T01:11:00+05:30,2026-09-18T01:37:00+05:30
22918,Express,2026-09-17,8,BTE,HAN,42,67,25,74.79999999999995,76,2026-09-18T01:38:00+05:30,2026-09-18T02:45:00+05:30
22918,Express,2026-09-17,9,HAN,GGC,29,35,6,44.39999999999998,101,2026-09-18T02:47:00+05:30,2026-09-18T03:22:00+05:30
22918,Express,2026-09-17,10,GGC,SWM,43,37,-6,63.80000000000007,104,2026-09-18T03:24:00+05:30,2026-09-18T04:01:00+05:30
22918,Express,2026-09-17,11,SWM,KOTA,75,73,-2,107.89999999999998,99,2026-09-18T04:04:00+05:30,2026-09-18T05:17:00+05:30
22918,Express,2026-09-17,12,KOTA,RMA,48,58,10,72.29999999999995,98,2026-09-18T05:28:00+05:30,2026-09-18T06:26:00+05:30
22918,Express,2026-09-17,13,RMA,BWM,18,29,11,28.100000000000023,107,2026-09-18T06:27:00+05:30,2026-09-18T06:56:00+05:30
22918,Express,2026-09-17,14,BWM,RTM,120,105,-15,166.39999999999998,118,2026-09-18T06:58:00+05:30,2026-09-18T08:43:00+05:30
22918,Express,2026-09-17,15,RTM,BRC,219,201,-18,262.79999999999995,104,2026-09-18T08:54:00+05:30,2026-09-18T12:15:00+05:30
22918,Express,2026-09-17,16,BRC,BH,45,51,6,70.60000000000014,84,2026-09-18T12:21:00+05:30,2026-09-18T13:12:00+05:30
22918,Express,2026-09-17,17,BH,ST,53,46,-7,59.09999999999991,90,2026-09-18T13:14:00+05:30,2026-09-18T14:00:00+05:30
22918,Express,2026-09-17,18,ST,NVS,21,21,0,29.5,84,2026-09-18T14:06:00+05:30,2026-09-18T14:27:00+05:30
22918,Express,2026-09-17,19,NVS,BL,33,36,3,39.299999999999955,84,2026-09-18T14:29:00+05:30,2026-09-18T15:05:00+05:30
22918,Express,2026-09-17,20,BL,VAPI,33,20,-13,26.200000000000045,87,2026-09-18T15:07:00+05:30,2026-09-18T15:27:00+05:30
22918,Express,2026-09-17,21,VAPI,BOR,43,58,15,70.29999999999995,75,2026-09-18T15:30:00+05:30,2026-09-18T16:28:00+05:30
22918,Express,2026-09-17,22,BOR,BVI,57,69,12,68.20000000000005,90,2026-09-18T16:30:00+05:30,2026-09-18T17:39:00+05:30
22918,Express,2026-09-17,23,BVI,BDTS,60,29,-31,18.40000000000009,102,2026-09-18T17:42:00+05:30,2026-09-18T18:11:00+05:30
22918,Express,2026-09-24,0,HW,RK,38,42,4,41.5,1,2026-09-24T17:21:02+05:30,2026-09-24T18:02:48+05:30
22918,Express,2026-09-24,1,RK,TPZ,58,31,-27,43.0,9,2026-09-24T18:08:34+05:30,2026-09-24T18:39:11+05:30
22918,Express,2026-09-24,2,TPZ,MOZ,35,34,-1,51.69999999999999,2,2026-09-24T19:01:47+05:30,2026-09-24T19:36:11+05:30
22918,Express,2026-09-24,3,MOZ,MTC,38,40,2,55.60000000000002,5,2026-09-24T19:42:08+05:30,2026-09-24T20:22:10+05:30
22918,Express,2026-09-24,4,MTC,GZB,61,41,-20,47.19999999999999,14,2026-09-24T20:30:34+05:30,2026-09-24T21:11:34+05:30
22918,Express,2026-09-24,5,GZB,NZM,40,34,-6,27.100000000000023,24,2026-09-24T21:44:17+05:30,2026-09-24T22:18:04+05:30
22918,Express,2026-09-24,6,NZM,MTJ,100,91,-9,133.89999999999998,22,2026-09-24T22:36:59+05:30,2026-09-25T00:07:35+05:30
